<?xml version="1.0" encoding="utf-8"?>
<COLLADA xmlns="http://www.collada.org/2005/11/COLLADASchema" version="1.4.1" xmlns:xsi="http://www.w3.org/2001/XMLSchema-instance">
  <asset>
    <contributor>
      <author>bilbo</author>
      <authoring_tool>OpenCOLLADA for 3ds Max;  Version: 1.6;  Revision: 68</authoring_tool>
      <source_data>file:///C:/Users/bilbo/Documents/wood/scenes/eidelwind34.max</source_data>
    </contributor>
    <created>2026-04-18T17:38:11</created>
    <modified>2026-04-18T17:38:11</modified>
    <unit name="inch" meter="0.0254"/>
    <up_axis>Z_UP</up_axis>
  </asset>
  <library_effects>
    <effect id="ColorEffectR253G106B26">
      <profile_COMMON>
        <technique sid="common">
          <phong>
            <ambient>
              <color>0.9921569 0.4156863 0.1019608 1</color>
            </ambient>
            <diffuse>
              <color>0.9921569 0.4156863 0.1019608 1</color>
            </diffuse>
            <specular>
              <color>1 1 1 1</color>
            </specular>
            <shininess>
              <float>10</float>
            </shininess>
            <reflective>
              <color>0 0 0 1</color>
            </reflective>
            <transparent>
              <color>1 1 1 1</color>
            </transparent>
            <transparency>
              <float>1</float>
            </transparency>
          </phong>
        </technique>
      </profile_COMMON>
    </effect>
    <effect id="ColorEffectR253G127B36">
      <profile_COMMON>
        <technique sid="common">
          <phong>
            <ambient>
              <color>0.9921569 0.4980392 0.1411765 1</color>
            </ambient>
            <diffuse>
              <color>0.9921569 0.4980392 0.1411765 1</color>
            </diffuse>
            <specular>
              <color>1 1 1 1</color>
            </specular>
            <shininess>
              <float>10</float>
            </shininess>
            <reflective>
              <color>0 0 0 1</color>
            </reflective>
            <transparent>
              <color>1 1 1 1</color>
            </transparent>
            <transparency>
              <float>1</float>
            </transparency>
          </phong>
        </technique>
      </profile_COMMON>
    </effect>
    <effect id="ColorEffectR255G220B77">
      <profile_COMMON>
        <technique sid="common">
          <phong>
            <ambient>
              <color>1 0.8627451 0.3019608 1</color>
            </ambient>
            <diffuse>
              <color>1 0.8627451 0.3019608 1</color>
            </diffuse>
            <specular>
              <color>1 1 1 1</color>
            </specular>
            <shininess>
              <float>10</float>
            </shininess>
            <reflective>
              <color>0 0 0 1</color>
            </reflective>
            <transparent>
              <color>1 1 1 1</color>
            </transparent>
            <transparency>
              <float>1</float>
            </transparency>
          </phong>
        </technique>
      </profile_COMMON>
    </effect>
    <effect id="ColorEffectR255G241B87">
      <profile_COMMON>
        <technique sid="common">
          <phong>
            <ambient>
              <color>1 0.945098 0.3411765 1</color>
            </ambient>
            <diffuse>
              <color>1 0.945098 0.3411765 1</color>
            </diffuse>
            <specular>
              <color>1 1 1 1</color>
            </specular>
            <shininess>
              <float>10</float>
            </shininess>
            <reflective>
              <color>0 0 0 1</color>
            </reflective>
            <transparent>
              <color>1 1 1 1</color>
            </transparent>
            <transparency>
              <float>1</float>
            </transparency>
          </phong>
        </technique>
      </profile_COMMON>
    </effect>
    <effect id="ColorEffectR216G134B57">
      <profile_COMMON>
        <technique sid="common">
          <phong>
            <ambient>
              <color>0.8470588 0.5254902 0.2235294 1</color>
            </ambient>
            <diffuse>
              <color>0.8470588 0.5254902 0.2235294 1</color>
            </diffuse>
            <specular>
              <color>1 1 1 1</color>
            </specular>
            <shininess>
              <float>10</float>
            </shininess>
            <reflective>
              <color>0 0 0 1</color>
            </reflective>
            <transparent>
              <color>1 1 1 1</color>
            </transparent>
            <transparency>
              <float>1</float>
            </transparency>
          </phong>
        </technique>
      </profile_COMMON>
    </effect>
    <effect id="ColorEffectR176G26B26">
      <profile_COMMON>
        <technique sid="common">
          <phong>
            <ambient>
              <color>0.6901961 0.1019608 0.1019608 1</color>
            </ambient>
            <diffuse>
              <color>0.6901961 0.1019608 0.1019608 1</color>
            </diffuse>
            <specular>
              <color>1 1 1 1</color>
            </specular>
            <shininess>
              <float>10</float>
            </shininess>
            <reflective>
              <color>0 0 0 1</color>
            </reflective>
            <transparent>
              <color>1 1 1 1</color>
            </transparent>
            <transparency>
              <float>1</float>
            </transparency>
          </phong>
        </technique>
      </profile_COMMON>
    </effect>
    <effect id="ColorEffectR182G24B24">
      <profile_COMMON>
        <technique sid="common">
          <phong>
            <ambient>
              <color>0.7137255 0.09411765 0.09411765 1</color>
            </ambient>
            <diffuse>
              <color>0.7137255 0.09411765 0.09411765 1</color>
            </diffuse>
            <specular>
              <color>1 1 1 1</color>
            </specular>
            <shininess>
              <float>10</float>
            </shininess>
            <reflective>
              <color>0 0 0 1</color>
            </reflective>
            <transparent>
              <color>1 1 1 1</color>
            </transparent>
            <transparency>
              <float>1</float>
            </transparency>
          </phong>
        </technique>
      </profile_COMMON>
    </effect>
    <effect id="ColorEffectR216G13B13">
      <profile_COMMON>
        <technique sid="common">
          <phong>
            <ambient>
              <color>0.8470588 0.05098039 0.05098039 1</color>
            </ambient>
            <diffuse>
              <color>0.8470588 0.05098039 0.05098039 1</color>
            </diffuse>
            <specular>
              <color>1 1 1 1</color>
            </specular>
            <shininess>
              <float>10</float>
            </shininess>
            <reflective>
              <color>0 0 0 1</color>
            </reflective>
            <transparent>
              <color>1 1 1 1</color>
            </transparent>
            <transparency>
              <float>1</float>
            </transparency>
          </phong>
        </technique>
      </profile_COMMON>
    </effect>
    <effect id="ColorEffectR249G2B2">
      <profile_COMMON>
        <technique sid="common">
          <phong>
            <ambient>
              <color>0.9764706 0.007843137 0.007843137 1</color>
            </ambient>
            <diffuse>
              <color>0.9764706 0.007843137 0.007843137 1</color>
            </diffuse>
            <specular>
              <color>1 1 1 1</color>
            </specular>
            <shininess>
              <float>10</float>
            </shininess>
            <reflective>
              <color>0 0 0 1</color>
            </reflective>
            <transparent>
              <color>1 1 1 1</color>
            </transparent>
            <transparency>
              <float>1</float>
            </transparency>
          </phong>
        </technique>
      </profile_COMMON>
    </effect>
    <effect id="ColorEffectR30G255B13">
      <profile_COMMON>
        <technique sid="common">
          <phong>
            <ambient>
              <color>0.1176471 1 0.05098039 1</color>
            </ambient>
            <diffuse>
              <color>0.1176471 1 0.05098039 1</color>
            </diffuse>
            <specular>
              <color>1 1 1 1</color>
            </specular>
            <shininess>
              <float>10</float>
            </shininess>
            <reflective>
              <color>0 0 0 1</color>
            </reflective>
            <transparent>
              <color>1 1 1 1</color>
            </transparent>
            <transparency>
              <float>1</float>
            </transparency>
          </phong>
        </technique>
      </profile_COMMON>
    </effect>
    <effect id="ColorEffectR38G79B255">
      <profile_COMMON>
        <technique sid="common">
          <phong>
            <ambient>
              <color>0.1490196 0.3098039 1 1</color>
            </ambient>
            <diffuse>
              <color>0.1490196 0.3098039 1 1</color>
            </diffuse>
            <specular>
              <color>1 1 1 1</color>
            </specular>
            <shininess>
              <float>10</float>
            </shininess>
            <reflective>
              <color>0 0 0 1</color>
            </reflective>
            <transparent>
              <color>1 1 1 1</color>
            </transparent>
            <transparency>
              <float>1</float>
            </transparency>
          </phong>
        </technique>
      </profile_COMMON>
    </effect>
    <effect id="EidelwindMaterial">
      <profile_COMMON>
        <newparam sid="EidelWindTextureTest_png-surface">
          <surface type="2D">
            <init_from>EidelWindTextureTest_png</init_from>
          </surface>
        </newparam>
        <newparam sid="EidelWindTextureTest_png-sampler">
          <sampler2D>
            <source>EidelWindTextureTest_png-surface</source>
          </sampler2D>
        </newparam>
        <technique sid="common">
          <blinn>
            <emission>
              <color>0 0 0 1</color>
            </emission>
            <ambient>
              <color>0.588 0.588 0.588 1</color>
            </ambient>
            <diffuse>
              <texture texture="EidelWindTextureTest_png-sampler" texcoord="CHANNEL1"/>
            </diffuse>
            <specular>
              <color>0 0 0 1</color>
            </specular>
            <shininess>
              <float>10</float>
            </shininess>
            <reflective>
              <color>0 0 0 1</color>
            </reflective>
            <transparent opaque="A_ONE">
              <color>1 1 1 1</color>
            </transparent>
            <transparency>
              <float>1</float>
            </transparency>
          </blinn>
        </technique>
      </profile_COMMON>
      <extra>
        <technique profile="OpenCOLLADA3dsMax">
          <extended_shader>
            <opacity_type sid="opacity_type" type="int">0</opacity_type>
            <falloff_type sid="falloff_type" type="int">0</falloff_type>
            <falloff sid="falloff" type="float">0</falloff>
            <index_of_refraction sid="index_of_refraction" type="float">1.5</index_of_refraction>
            <wire_size sid="wire_size" type="float">1</wire_size>
            <wire_units sid="wire_units" type="int">0</wire_units>
            <apply_reflection_dimming sid="apply_reflection_dimming" type="bool">0</apply_reflection_dimming>
            <dim_level sid="dim_level" type="float">0</dim_level>
            <reflection_level sid="reflection_level" type="float">3</reflection_level>
          </extended_shader>
          <shader>
            <ambient_diffuse_texture_lock sid="ambient_diffuse_texture_lock" type="bool">1</ambient_diffuse_texture_lock>
            <ambient_diffuse_lock sid="ambient_diffuse_lock" type="bool">1</ambient_diffuse_lock>
            <diffuse_specular_lock sid="diffuse_specular_lock" type="bool">0</diffuse_specular_lock>
            <use_self_illum_color sid="use_self_illum_color" type="bool">0</use_self_illum_color>
            <self_illumination sid="self_illumination" type="float">0</self_illumination>
            <specular_level sid="specular_level" type="float">0</specular_level>
            <soften sid="soften" type="float">0.1</soften>
          </shader>
        </technique>
      </extra>
    </effect>
    <effect id="Glasses">
      <profile_COMMON>
        <technique sid="common">
          <blinn>
            <emission>
              <color>0 0 0 1</color>
            </emission>
            <ambient>
              <color>0 0 0 1</color>
            </ambient>
            <diffuse>
              <color>0 0 0 1</color>
            </diffuse>
            <specular>
              <color>0 0 0 1</color>
            </specular>
            <shininess>
              <float>10</float>
            </shininess>
            <reflective>
              <color>0 0 0 1</color>
            </reflective>
            <transparent opaque="A_ONE">
              <color>1 1 1 1</color>
            </transparent>
            <transparency>
              <float>1</float>
            </transparency>
          </blinn>
        </technique>
      </profile_COMMON>
      <extra>
        <technique profile="OpenCOLLADA3dsMax">
          <extended_shader>
            <opacity_type sid="opacity_type" type="int">0</opacity_type>
            <falloff_type sid="falloff_type" type="int">0</falloff_type>
            <falloff sid="falloff" type="float">0</falloff>
            <index_of_refraction sid="index_of_refraction" type="float">1.5</index_of_refraction>
            <wire_size sid="wire_size" type="float">1</wire_size>
            <wire_units sid="wire_units" type="int">0</wire_units>
            <apply_reflection_dimming sid="apply_reflection_dimming" type="bool">0</apply_reflection_dimming>
            <dim_level sid="dim_level" type="float">0</dim_level>
            <reflection_level sid="reflection_level" type="float">3</reflection_level>
          </extended_shader>
          <shader>
            <ambient_diffuse_texture_lock sid="ambient_diffuse_texture_lock" type="bool">1</ambient_diffuse_texture_lock>
            <ambient_diffuse_lock sid="ambient_diffuse_lock" type="bool">1</ambient_diffuse_lock>
            <diffuse_specular_lock sid="diffuse_specular_lock" type="bool">0</diffuse_specular_lock>
            <use_self_illum_color sid="use_self_illum_color" type="bool">0</use_self_illum_color>
            <self_illumination sid="self_illumination" type="float">0</self_illumination>
            <specular_level sid="specular_level" type="float">0</specular_level>
            <soften sid="soften" type="float">0.1</soften>
          </shader>
        </technique>
      </extra>
    </effect>
    <effect id="ColorEffectR5G54B179">
      <profile_COMMON>
        <technique sid="common">
          <phong>
            <ambient>
              <color>0.01960784 0.2117647 0.7019608 1</color>
            </ambient>
            <diffuse>
              <color>0.01960784 0.2117647 0.7019608 1</color>
            </diffuse>
            <specular>
              <color>1 1 1 1</color>
            </specular>
            <shininess>
              <float>10</float>
            </shininess>
            <reflective>
              <color>0 0 0 1</color>
            </reflective>
            <transparent>
              <color>1 1 1 1</color>
            </transparent>
            <transparency>
              <float>1</float>
            </transparency>
          </phong>
        </technique>
      </profile_COMMON>
    </effect>
  </library_effects>
  <library_materials>
    <material id="ColorEffectR253G106B26-material" name="ColorEffectR253G106B26-material">
      <instance_effect url="#ColorEffectR253G106B26"/>
    </material>
    <material id="ColorEffectR253G127B36-material" name="ColorEffectR253G127B36-material">
      <instance_effect url="#ColorEffectR253G127B36"/>
    </material>
    <material id="ColorEffectR255G220B77-material" name="ColorEffectR255G220B77-material">
      <instance_effect url="#ColorEffectR255G220B77"/>
    </material>
    <material id="ColorEffectR255G241B87-material" name="ColorEffectR255G241B87-material">
      <instance_effect url="#ColorEffectR255G241B87"/>
    </material>
    <material id="ColorEffectR216G134B57-material" name="ColorEffectR216G134B57-material">
      <instance_effect url="#ColorEffectR216G134B57"/>
    </material>
    <material id="ColorEffectR176G26B26-material" name="ColorEffectR176G26B26-material">
      <instance_effect url="#ColorEffectR176G26B26"/>
    </material>
    <material id="ColorEffectR182G24B24-material" name="ColorEffectR182G24B24-material">
      <instance_effect url="#ColorEffectR182G24B24"/>
    </material>
    <material id="ColorEffectR216G13B13-material" name="ColorEffectR216G13B13-material">
      <instance_effect url="#ColorEffectR216G13B13"/>
    </material>
    <material id="ColorEffectR249G2B2-material" name="ColorEffectR249G2B2-material">
      <instance_effect url="#ColorEffectR249G2B2"/>
    </material>
    <material id="ColorEffectR30G255B13-material" name="ColorEffectR30G255B13-material">
      <instance_effect url="#ColorEffectR30G255B13"/>
    </material>
    <material id="ColorEffectR38G79B255-material" name="ColorEffectR38G79B255-material">
      <instance_effect url="#ColorEffectR38G79B255"/>
    </material>
    <material id="ColorEffectR5G54B179-material" name="ColorEffectR5G54B179-material">
      <instance_effect url="#ColorEffectR5G54B179"/>
    </material>
    <material id="EidelwindMaterial-material" name="EidelwindMaterial">
      <instance_effect url="#EidelwindMaterial"/>
    </material>
    <material id="Glasses-material" name="Glasses">
      <instance_effect url="#Glasses"/>
    </material>
  </library_materials>
  <library_geometries>
    <geometry id="geom-EidelwindRigPelvis" name="EidelwindRigPelvis">
      <mesh>
        <source id="geom-EidelwindRigPelvis-positions">
          <float_array id="geom-EidelwindRigPelvis-positions-array" count="24">-6.678024 -8.926072 12.89346 -6.678024 -8.926072 -12.89346 -6.678024 8.926072 12.89346 -6.678024 8.926072 -12.89346 6.678024 -8.926072 12.89346 6.678024 -8.926072 -12.89346 6.678024 8.926072 12.89346 6.678024 8.926072 -12.89346</float_array>
          <technique_common>
            <accessor source="#geom-EidelwindRigPelvis-positions-array" count="8" stride="3">
              <param name="X" type="float"/>
              <param name="Y" type="float"/>
              <param name="Z" type="float"/>
            </accessor>
          </technique_common>
        </source>
        <source id="geom-EidelwindRigPelvis-normals">
          <float_array id="geom-EidelwindRigPelvis-normals-array" count="72">-1 0 0 -1 0 0 -1 0 0 -1 0 0 1 0 0 1 0 0 1 0 0 1 0 0 0 -1 0 0 -1 0 0 -1 0 0 -1 0 0 0 -0.9999999 0 0 -1 0 0 -0.9999999 0 0 -1 0 1 0 0 1 0 0 1 0 0 1 0 0 0 0.9999999 0 0 1 0 0 0.9999999 0 0 1</float_array>
          <technique_common>
            <accessor source="#geom-EidelwindRigPelvis-normals-array" count="24" stride="3">
              <param name="X" type="float"/>
              <param name="Y" type="float"/>
              <param name="Z" type="float"/>
            </accessor>
          </technique_common>
        </source>
        <vertices id="geom-EidelwindRigPelvis-vertices">
          <input semantic="POSITION" source="#geom-EidelwindRigPelvis-positions"/>
        </vertices>
        <triangles material="ColorMaterial" count="12">
          <input semantic="VERTEX" source="#geom-EidelwindRigPelvis-vertices" offset="0"/>
          <input semantic="NORMAL" source="#geom-EidelwindRigPelvis-normals" offset="1"/>
          <p>0 0 2 1 3 2 3 2 1 3 0 0 4 4 5 5 7 6 7 6 6 7 4 4 0 8 1 9 5 10 5 10 4 11 0 8 1 12 3 13 7 14 7 14 5 15 1 12 3 16 2 17 6 18 6 18 7 19 3 16 2 20 0 21 4 22 4 22 6 23 2 20</p>
        </triangles>
      </mesh>
    </geometry>
    <geometry id="geom-EidelwindRigSpineSpineLower" name="EidelwindRigSpineSpineLower">
      <mesh>
        <source id="geom-EidelwindRigSpineSpineLower-positions">
          <float_array id="geom-EidelwindRigSpineSpineLower-positions-array" count="24">0 -6.347429 8.859953 0 -6.347429 -8.859953 0 6.347429 8.859953 0 6.347429 -8.859953 10.41951 -6.347429 8.859953 10.41951 -6.347429 -8.859953 10.41951 6.347429 8.859953 10.41951 6.347429 -8.859953</float_array>
          <technique_common>
            <accessor source="#geom-EidelwindRigSpineSpineLower-positions-array" count="8" stride="3">
              <param name="X" type="float"/>
              <param name="Y" type="float"/>
              <param name="Z" type="float"/>
            </accessor>
          </technique_common>
        </source>
        <source id="geom-EidelwindRigSpineSpineLower-normals">
          <float_array id="geom-EidelwindRigSpineSpineLower-normals-array" count="72">-1 0 0 -1 0 0 -1 0 0 -1 0 0 1 0 0 1 0 0 1 0 0 1 0 0 0 -1 0 0 -1 0 0 -1 0 0 -1 0 0 0 -1 0 0 -1 0 0 -1 0 0 -1 0 1 0 0 1 0 0 1 0 0 1 0 0 0 1 0 0 1 0 0 1 0 0 1</float_array>
          <technique_common>
            <accessor source="#geom-EidelwindRigSpineSpineLower-normals-array" count="24" stride="3">
              <param name="X" type="float"/>
              <param name="Y" type="float"/>
              <param name="Z" type="float"/>
            </accessor>
          </technique_common>
        </source>
        <vertices id="geom-EidelwindRigSpineSpineLower-vertices">
          <input semantic="POSITION" source="#geom-EidelwindRigSpineSpineLower-positions"/>
        </vertices>
        <triangles material="ColorMaterial" count="12">
          <input semantic="VERTEX" source="#geom-EidelwindRigSpineSpineLower-vertices" offset="0"/>
          <input semantic="NORMAL" source="#geom-EidelwindRigSpineSpineLower-normals" offset="1"/>
          <p>0 0 2 1 3 2 3 2 1 3 0 0 4 4 5 5 7 6 7 6 6 7 4 4 0 8 1 9 5 10 5 10 4 11 0 8 1 12 3 13 7 14 7 14 5 15 1 12 3 16 2 17 6 18 6 18 7 19 3 16 2 20 0 21 4 22 4 22 6 23 2 20</p>
        </triangles>
      </mesh>
    </geometry>
    <geometry id="geom-EidelwindRigSpineSpineUpper" name="EidelwindRigSpineSpineUpper">
      <mesh>
        <source id="geom-EidelwindRigSpineSpineUpper-positions">
          <float_array id="geom-EidelwindRigSpineSpineUpper-positions-array" count="24">0 -6.347429 8.859953 0 -6.347429 -8.859953 0 6.347429 8.859953 0 6.347429 -8.859953 10.41951 -6.347429 8.859953 10.41951 -6.347429 -8.859953 10.41951 6.347429 8.859953 10.41951 6.347429 -8.859953</float_array>
          <technique_common>
            <accessor source="#geom-EidelwindRigSpineSpineUpper-positions-array" count="8" stride="3">
              <param name="X" type="float"/>
              <param name="Y" type="float"/>
              <param name="Z" type="float"/>
            </accessor>
          </technique_common>
        </source>
        <source id="geom-EidelwindRigSpineSpineUpper-normals">
          <float_array id="geom-EidelwindRigSpineSpineUpper-normals-array" count="72">-1 0 0 -1 0 0 -1 0 0 -1 0 0 1 0 0 1 0 0 1 0 0 1 0 0 0 -1 0 0 -1 0 0 -1 0 0 -1 0 0 0 -1 0 0 -1 0 0 -1 0 0 -1 0 1 0 0 1 0 0 1 0 0 1 0 0 0 1 0 0 1 0 0 1 0 0 1</float_array>
          <technique_common>
            <accessor source="#geom-EidelwindRigSpineSpineUpper-normals-array" count="24" stride="3">
              <param name="X" type="float"/>
              <param name="Y" type="float"/>
              <param name="Z" type="float"/>
            </accessor>
          </technique_common>
        </source>
        <vertices id="geom-EidelwindRigSpineSpineUpper-vertices">
          <input semantic="POSITION" source="#geom-EidelwindRigSpineSpineUpper-positions"/>
        </vertices>
        <triangles material="ColorMaterial" count="12">
          <input semantic="VERTEX" source="#geom-EidelwindRigSpineSpineUpper-vertices" offset="0"/>
          <input semantic="NORMAL" source="#geom-EidelwindRigSpineSpineUpper-normals" offset="1"/>
          <p>0 0 2 1 3 2 3 2 1 3 0 0 4 4 5 5 7 6 7 6 6 7 4 4 0 8 1 9 5 10 5 10 4 11 0 8 1 12 3 13 7 14 7 14 5 15 1 12 3 16 2 17 6 18 6 18 7 19 3 16 2 20 0 21 4 22 4 22 6 23 2 20</p>
        </triangles>
      </mesh>
    </geometry>
    <geometry id="geom-EidelwindRigChest" name="EidelwindRigChest">
      <mesh>
        <source id="geom-EidelwindRigChest-positions">
          <float_array id="geom-EidelwindRigChest-positions-array" count="24">-3.305954 -7.025151 8.591533 -3.305952 -7.02515 -8.591545 -3.305954 7.025147 8.591541 -3.305952 7.025148 -8.591534 4.156733 -7.025151 8.591537 4.156734 -7.025151 -8.591541 4.15673 7.025147 8.591545 4.156732 7.025147 -8.591532</float_array>
          <technique_common>
            <accessor source="#geom-EidelwindRigChest-positions-array" count="8" stride="3">
              <param name="X" type="float"/>
              <param name="Y" type="float"/>
              <param name="Z" type="float"/>
            </accessor>
          </technique_common>
        </source>
        <source id="geom-EidelwindRigChest-normals">
          <float_array id="geom-EidelwindRigChest-normals-array" count="72">-1 1.91289e-8 -1.50861e-7 -1 3.3938e-8 -1.38752e-7 -1 1.48092e-8 -1.54393e-7 -1 1.01713e-13 -1.66502e-7 1 1.84498e-7 6.76099e-8 1 2.03627e-7 8.32512e-8 1 1.88818e-7 7.11421e-8 1 1.69689e-7 5.55008e-8 -9.44591e-8 -1 -4.1024e-8 0 -1 0 -3.33332e-8 -1 -1.44768e-8 -1.27792e-7 -1 -5.55008e-8 3.35028e-7 7.72313e-7 -1 5.1117e-7 6.78757e-7 -1 4.31727e-7 7.20953e-7 -1 2.55585e-7 8.14509e-7 -1 8.05628e-8 1 4.82624e-8 1.27792e-7 0.9999999 2.77504e-8 1.11126e-7 1 3.49888e-8 6.38962e-8 1 5.55008e-8 -5.9924e-7 -5.89784e-7 1 -5.1117e-7 -5.43006e-7 1 -5.50891e-7 -5.64104e-7 1 -6.38962e-7 -6.10882e-7 1</float_array>
          <technique_common>
            <accessor source="#geom-EidelwindRigChest-normals-array" count="24" stride="3">
              <param name="X" type="float"/>
              <param name="Y" type="float"/>
              <param name="Z" type="float"/>
            </accessor>
          </technique_common>
        </source>
        <vertices id="geom-EidelwindRigChest-vertices">
          <input semantic="POSITION" source="#geom-EidelwindRigChest-positions"/>
        </vertices>
        <triangles material="ColorMaterial" count="12">
          <input semantic="VERTEX" source="#geom-EidelwindRigChest-vertices" offset="0"/>
          <input semantic="NORMAL" source="#geom-EidelwindRigChest-normals" offset="1"/>
          <p>3 0 1 1 0 2 0 2 2 3 3 0 7 4 6 5 4 6 4 6 5 7 7 4 5 8 4 9 0 10 0 10 1 11 5 8 7 12 5 13 1 14 1 14 3 15 7 12 6 16 7 17 3 18 3 18 2 19 6 16 4 20 6 21 2 22 2 22 0 23 4 20</p>
        </triangles>
      </mesh>
    </geometry>
    <geometry id="geom-EidelwindRigSpine" name="EidelwindRigSpine">
      <mesh>
        <source id="geom-EidelwindRigSpine-positions">
          <float_array id="geom-EidelwindRigSpine-positions-array" count="24">0 -3.067924 3.305953 0 -3.067924 -3.305953 0 3.067924 3.305953 0 3.067924 -3.305953 7.371788 -3.067924 3.305953 7.371788 -3.067924 -3.305953 7.371788 3.067924 3.305953 7.371788 3.067924 -3.305953</float_array>
          <technique_common>
            <accessor source="#geom-EidelwindRigSpine-positions-array" count="8" stride="3">
              <param name="X" type="float"/>
              <param name="Y" type="float"/>
              <param name="Z" type="float"/>
            </accessor>
          </technique_common>
        </source>
        <source id="geom-EidelwindRigSpine-normals">
          <float_array id="geom-EidelwindRigSpine-normals-array" count="72">-0.9999999 0 0 -1 0 0 -0.9999999 0 0 -1 0 0 0.9999999 0 0 1 0 0 0.9999999 0 0 1 0 0 0 -1 0 0 -1 0 0 -1 0 0 -1 0 0 0 -1 0 0 -1 0 0 -1 0 0 -1 0 1 0 0 1 0 0 1 0 0 1 0 0 0 1 0 0 1 0 0 1 0 0 1</float_array>
          <technique_common>
            <accessor source="#geom-EidelwindRigSpine-normals-array" count="24" stride="3">
              <param name="X" type="float"/>
              <param name="Y" type="float"/>
              <param name="Z" type="float"/>
            </accessor>
          </technique_common>
        </source>
        <vertices id="geom-EidelwindRigSpine-vertices">
          <input semantic="POSITION" source="#geom-EidelwindRigSpine-positions"/>
        </vertices>
        <triangles material="ColorMaterial" count="12">
          <input semantic="VERTEX" source="#geom-EidelwindRigSpine-vertices" offset="0"/>
          <input semantic="NORMAL" source="#geom-EidelwindRigSpine-normals" offset="1"/>
          <p>0 0 2 1 3 2 3 2 1 3 0 0 4 4 5 5 7 6 7 6 6 7 4 4 0 8 1 9 5 10 5 10 4 11 0 8 1 12 3 13 7 14 7 14 5 15 1 12 3 16 2 17 6 18 6 18 7 19 3 16 2 20 0 21 4 22 4 22 6 23 2 20</p>
        </triangles>
      </mesh>
    </geometry>
    <geometry id="geom-EidelwindRigHead" name="EidelwindRigHead">
      <mesh>
        <source id="geom-EidelwindRigHead-positions">
          <float_array id="geom-EidelwindRigHead-positions-array" count="24">-3.305953 -12.56262 12.95102 -3.305952 -12.56262 -12.95102 -3.305953 12.56262 12.95102 -3.305952 12.56262 -12.95102 19.43071 -12.56262 12.95102 19.43071 -12.56262 -12.95101 19.43071 12.56262 12.95102 19.43071 12.56262 -12.95101</float_array>
          <technique_common>
            <accessor source="#geom-EidelwindRigHead-positions-array" count="8" stride="3">
              <param name="X" type="float"/>
              <param name="Y" type="float"/>
              <param name="Z" type="float"/>
            </accessor>
          </technique_common>
        </source>
        <source id="geom-EidelwindRigHead-normals">
          <float_array id="geom-EidelwindRigHead-normals-array" count="72">-1 0 -2.76139e-8 -1 0 -2.76139e-8 -1 0 -2.76139e-8 -1 0 -2.76139e-8 1 0 0 1 0 0 1 0 0 1 0 0 8.38887e-8 -1 1.25409e-15 8.38887e-8 -1 0 8.38887e-8 -0.9999999 1.06241e-15 8.38887e-8 -1 2.31649e-15 8.38887e-8 0 -1 8.38887e-8 0 -1 8.38887e-8 0 -1 8.38887e-8 0 -1 -8.38887e-8 1 -1.25409e-15 -8.38887e-8 1 0 -8.38887e-8 1 -1.06241e-15 -8.38887e-8 1 -2.31649e-15 -1.25833e-7 0 1 -1.25833e-7 0 1 -1.25833e-7 0 1 -1.25833e-7 0 1</float_array>
          <technique_common>
            <accessor source="#geom-EidelwindRigHead-normals-array" count="24" stride="3">
              <param name="X" type="float"/>
              <param name="Y" type="float"/>
              <param name="Z" type="float"/>
            </accessor>
          </technique_common>
        </source>
        <vertices id="geom-EidelwindRigHead-vertices">
          <input semantic="POSITION" source="#geom-EidelwindRigHead-positions"/>
        </vertices>
        <triangles material="ColorMaterial" count="12">
          <input semantic="VERTEX" source="#geom-EidelwindRigHead-vertices" offset="0"/>
          <input semantic="NORMAL" source="#geom-EidelwindRigHead-normals" offset="1"/>
          <p>3 0 1 1 0 2 0 2 2 3 3 0 7 4 6 5 4 6 4 6 5 7 7 4 5 8 4 9 0 10 0 10 1 11 5 8 7 12 5 13 1 14 1 14 3 15 7 12 6 16 7 17 3 18 3 18 2 19 6 16 4 20 6 21 2 22 2 22 0 23 4 20</p>
        </triangles>
      </mesh>
    </geometry>
    <geometry id="geom-EidelwindRigHair1" name="EidelwindRigHair1">
      <mesh>
        <source id="geom-EidelwindRigHair1-positions">
          <float_array id="geom-EidelwindRigHair1-positions-array" count="24">-1.77691e-6 -2.546707 18.83348 1.77691e-6 -2.546702 -18.83347 -1.77691e-6 2.546703 18.83348 8.23237e-7 2.546707 -18.83347 18.35634 -2.546708 18.83347 18.35634 -2.546703 -18.83347 18.35634 2.546704 18.83347 18.35634 2.546707 -18.83348</float_array>
          <technique_common>
            <accessor source="#geom-EidelwindRigHair1-positions-array" count="8" stride="3">
              <param name="X" type="float"/>
              <param name="Y" type="float"/>
              <param name="Z" type="float"/>
            </accessor>
          </technique_common>
        </source>
        <source id="geom-EidelwindRigHair1-normals">
          <float_array id="geom-EidelwindRigHair1-normals-array" count="72">-1 -1.71216e-7 -9.21822e-8 -1 -1.87237e-7 -9.43486e-8 -0.9999999 -1.60212e-8 -7.11964e-8 -0.9999999 0 -6.903e-8 1 3.10389e-7 4.19716e-8 1 -3.74474e-7 -5.06372e-8 1 -3.10389e-7 -4.19716e-8 1 3.74474e-7 5.06373e-8 -4.27146e-8 -0.9999999 -1.15761e-7 -5.19535e-8 -1 -1.20263e-7 -4.82039e-8 -1 -1.18436e-7 -3.89651e-8 -1 -1.13934e-7 -4.15627e-7 -3.74474e-7 -0.9999999 -4.15627e-7 -3.74474e-7 -0.9999999 -4.15627e-7 -3.74474e-7 -1 -4.15627e-7 -3.74474e-7 -1 -3.69553e-8 1 1.12954e-7 3.94616e-14 1 9.49448e-8 -1.4998e-8 1 1.02254e-7 -5.19533e-8 1 1.20263e-7 5.0163e-7 3.09948e-7 0.9999999 5.19534e-7 3.74474e-7 0.9999999 4.33531e-7 6.45257e-8 1 4.15627e-7 0 1</float_array>
          <technique_common>
            <accessor source="#geom-EidelwindRigHair1-normals-array" count="24" stride="3">
              <param name="X" type="float"/>
              <param name="Y" type="float"/>
              <param name="Z" type="float"/>
            </accessor>
          </technique_common>
        </source>
        <vertices id="geom-EidelwindRigHair1-vertices">
          <input semantic="POSITION" source="#geom-EidelwindRigHair1-positions"/>
        </vertices>
        <triangles material="ColorMaterial" count="12">
          <input semantic="VERTEX" source="#geom-EidelwindRigHair1-vertices" offset="0"/>
          <input semantic="NORMAL" source="#geom-EidelwindRigHair1-normals" offset="1"/>
          <p>3 0 1 1 0 2 0 2 2 3 3 0 7 4 6 5 4 6 4 6 5 7 7 4 5 8 4 9 0 10 0 10 1 11 5 8 7 12 5 13 1 14 1 14 3 15 7 12 6 16 7 17 3 18 3 18 2 19 6 16 4 20 6 21 2 22 2 22 0 23 4 20</p>
        </triangles>
      </mesh>
    </geometry>
    <geometry id="geom-EidelwindRigHair2" name="EidelwindRigHair2">
      <mesh>
        <source id="geom-EidelwindRigHair2-positions">
          <float_array id="geom-EidelwindRigHair2-positions-array" count="24">-1.3177e-6 -1.983574 19.23662 1.3177e-6 -1.983569 -19.23661 -1.3177e-6 1.983569 19.23661 1.3177e-6 1.983574 -19.23661 12.90224 -1.983574 19.23661 12.90224 -1.983569 -19.23661 12.90224 1.983569 19.23661 12.90224 1.983574 -19.23662</float_array>
          <technique_common>
            <accessor source="#geom-EidelwindRigHair2-positions-array" count="8" stride="3">
              <param name="X" type="float"/>
              <param name="Y" type="float"/>
              <param name="Z" type="float"/>
            </accessor>
          </technique_common>
        </source>
        <source id="geom-EidelwindRigHair2-normals">
          <float_array id="geom-EidelwindRigHair2-normals-array" count="72">-1 -1.23021e-14 -6.84994e-8 -1 -8.55294e-15 -6.84994e-8 -1 -6.2118e-14 -6.84994e-8 -1 -6.58672e-14 -6.84994e-8 1 7.15064e-14 7.4364e-8 1 7.15064e-14 7.4364e-8 1 7.15064e-14 7.4364e-8 1 7.15064e-14 7.4364e-8 3.80644e-9 -1 -1.38156e-7 1.84788e-8 -1 -1.33236e-7 1.46723e-8 -1 -1.34512e-7 -4.12248e-14 -1 -1.39432e-7 -2.95662e-7 -9.61573e-7 -1 -2.95662e-7 -9.61573e-7 -1 -2.95662e-7 -9.61573e-7 -1 -2.95662e-7 -9.61573e-7 -1 -2.20085e-8 0.9999999 1.31321e-7 3.66443e-14 1 1.2394e-7 -5.70968e-9 0.9999999 1.25855e-7 -2.77182e-8 1 1.33236e-7 2.95662e-7 9.61573e-7 1 2.95662e-7 9.61573e-7 1 2.95662e-7 9.61573e-7 1 2.95662e-7 9.61573e-7 1</float_array>
          <technique_common>
            <accessor source="#geom-EidelwindRigHair2-normals-array" count="24" stride="3">
              <param name="X" type="float"/>
              <param name="Y" type="float"/>
              <param name="Z" type="float"/>
            </accessor>
          </technique_common>
        </source>
        <vertices id="geom-EidelwindRigHair2-vertices">
          <input semantic="POSITION" source="#geom-EidelwindRigHair2-positions"/>
        </vertices>
        <triangles material="ColorMaterial" count="12">
          <input semantic="VERTEX" source="#geom-EidelwindRigHair2-vertices" offset="0"/>
          <input semantic="NORMAL" source="#geom-EidelwindRigHair2-normals" offset="1"/>
          <p>3 0 1 1 0 2 0 2 2 3 3 0 7 4 6 5 4 6 4 6 5 7 7 4 5 8 4 9 0 10 0 10 1 11 5 8 7 12 5 13 1 14 1 14 3 15 7 12 6 16 7 17 3 18 3 18 2 19 6 16 4 20 6 21 2 22 2 22 0 23 4 20</p>
        </triangles>
      </mesh>
    </geometry>
    <geometry id="geom-EidelwindRigHair3" name="EidelwindRigHair3">
      <mesh>
        <source id="geom-EidelwindRigHair3-positions">
          <float_array id="geom-EidelwindRigHair3-positions-array" count="24">-1.1059e-6 -1.420449 14.39119 1.1059e-6 -1.42045 -14.39118 -1.1059e-6 1.420461 14.39119 6.29059e-7 1.420464 -14.39119 12.90224 -1.420452 14.39119 12.90224 -1.420445 -14.39118 12.90224 1.42046 14.39118 12.90224 1.420463 -14.39119</float_array>
          <technique_common>
            <accessor source="#geom-EidelwindRigHair3-positions-array" count="8" stride="3">
              <param name="X" type="float"/>
              <param name="Y" type="float"/>
              <param name="Z" type="float"/>
            </accessor>
          </technique_common>
        </source>
        <source id="geom-EidelwindRigHair3-normals">
          <float_array id="geom-EidelwindRigHair3-normals-array" count="72">-1 -1.57334e-7 -7.58077e-8 -1 -1.67846e-7 -7.68454e-8 -1 -1.05129e-8 -6.1316e-8 -0.9999999 -4.09224e-14 -6.02784e-8 0.9999999 2.10258e-8 1.01477e-7 0.9999999 3.35693e-7 1.32536e-7 0.9999999 3.14667e-7 1.30461e-7 1 1.33474e-13 9.94019e-8 2.02149e-7 -1 -4.60603e-8 -3.04901e-7 -1 -2.73355e-7 -1.18995e-7 -1 -1.90019e-7 3.88056e-7 -1 3.72758e-8 -2.21746e-7 -1.34277e-6 -1 -2.21746e-7 -1.34277e-6 -1 -2.21746e-7 -1.34277e-6 -1 -2.21746e-7 -1.34277e-6 -1 3.69577e-8 1 1.11827e-7 3.69577e-8 1 1.11827e-7 3.69577e-8 1 1.11827e-7 3.69577e-8 1 1.11827e-7 2.21746e-7 1.34277e-6 1 2.21746e-7 1.34277e-6 1 2.21747e-7 1.34277e-6 1 2.21747e-7 1.34277e-6 1</float_array>
          <technique_common>
            <accessor source="#geom-EidelwindRigHair3-normals-array" count="24" stride="3">
              <param name="X" type="float"/>
              <param name="Y" type="float"/>
              <param name="Z" type="float"/>
            </accessor>
          </technique_common>
        </source>
        <vertices id="geom-EidelwindRigHair3-vertices">
          <input semantic="POSITION" source="#geom-EidelwindRigHair3-positions"/>
        </vertices>
        <triangles material="ColorMaterial" count="12">
          <input semantic="VERTEX" source="#geom-EidelwindRigHair3-vertices" offset="0"/>
          <input semantic="NORMAL" source="#geom-EidelwindRigHair3-normals" offset="1"/>
          <p>3 0 1 1 0 2 0 2 2 3 3 0 7 4 6 5 4 6 4 6 5 7 7 4 5 8 4 9 0 10 0 10 1 11 5 8 7 12 5 13 1 14 1 14 3 15 7 12 6 16 7 17 3 18 3 18 2 19 6 16 4 20 6 21 2 22 2 22 0 23 4 20</p>
        </triangles>
      </mesh>
    </geometry>
    <geometry id="geom-EidelwindRigEyeR" name="EidelwindRigEyeR">
      <mesh>
        <source id="geom-EidelwindRigEyeR-positions">
          <float_array id="geom-EidelwindRigEyeR-positions-array" count="24">0 -2.644762 2.644762 0 -2.644762 -2.644762 0 2.644762 2.644762 0 2.644762 -2.644762 9.917858 -2.644762 2.644762 9.917858 -2.644762 -2.644762 9.917858 2.644762 2.644762 9.917858 2.644762 -2.644762</float_array>
          <technique_common>
            <accessor source="#geom-EidelwindRigEyeR-positions-array" count="8" stride="3">
              <param name="X" type="float"/>
              <param name="Y" type="float"/>
              <param name="Z" type="float"/>
            </accessor>
          </technique_common>
        </source>
        <source id="geom-EidelwindRigEyeR-normals">
          <float_array id="geom-EidelwindRigEyeR-normals-array" count="72">-0.9999999 0 0 -1 0 0 -0.9999999 0 0 -1 0 0 0.9999999 0 0 1 0 0 0.9999999 0 0 1 0 0 0 -1 0 0 -1 0 0 -1 0 0 -1 0 0 0 -1 0 0 -1 0 0 -1 0 0 -1 0 1 0 0 1 0 0 1 0 0 1 0 0 0 1 0 0 1 0 0 1 0 0 1</float_array>
          <technique_common>
            <accessor source="#geom-EidelwindRigEyeR-normals-array" count="24" stride="3">
              <param name="X" type="float"/>
              <param name="Y" type="float"/>
              <param name="Z" type="float"/>
            </accessor>
          </technique_common>
        </source>
        <vertices id="geom-EidelwindRigEyeR-vertices">
          <input semantic="POSITION" source="#geom-EidelwindRigEyeR-positions"/>
        </vertices>
        <triangles material="ColorMaterial" count="12">
          <input semantic="VERTEX" source="#geom-EidelwindRigEyeR-vertices" offset="0"/>
          <input semantic="NORMAL" source="#geom-EidelwindRigEyeR-normals" offset="1"/>
          <p>0 0 2 1 3 2 3 2 1 3 0 0 4 4 5 5 7 6 7 6 6 7 4 4 0 8 1 9 5 10 5 10 4 11 0 8 1 12 3 13 7 14 7 14 5 15 1 12 3 16 2 17 6 18 6 18 7 19 3 16 2 20 0 21 4 22 4 22 6 23 2 20</p>
        </triangles>
      </mesh>
    </geometry>
    <geometry id="geom-EidelwindRigEyeLidTopR" name="EidelwindRigEyeLidTopR">
      <mesh>
        <source id="geom-EidelwindRigEyeLidTopR-positions">
          <float_array id="geom-EidelwindRigEyeLidTopR-positions-array" count="24">0 -0.4297739 3.058006 0 -0.4297739 -3.058006 0 0.4297739 3.058006 0 0.4297739 -3.058006 10.50468 -0.4297739 3.058006 10.50468 -0.4297739 -3.058006 10.50468 0.4297739 3.058006 10.50468 0.4297739 -3.058006</float_array>
          <technique_common>
            <accessor source="#geom-EidelwindRigEyeLidTopR-positions-array" count="8" stride="3">
              <param name="X" type="float"/>
              <param name="Y" type="float"/>
              <param name="Z" type="float"/>
            </accessor>
          </technique_common>
        </source>
        <source id="geom-EidelwindRigEyeLidTopR-normals">
          <float_array id="geom-EidelwindRigEyeLidTopR-normals-array" count="72">-1 0 0 -1 0 0 -1 0 0 -1 0 0 1 0 0 1 0 0 1 0 0 1 0 0 0 -1 0 0 -1 0 0 -1 0 0 -1 0 0 0 -1 0 0 -1 0 0 -1 0 0 -1 0 1 0 0 1 0 0 1 0 0 1 0 0 0 1 0 0 1 0 0 1 0 0 1</float_array>
          <technique_common>
            <accessor source="#geom-EidelwindRigEyeLidTopR-normals-array" count="24" stride="3">
              <param name="X" type="float"/>
              <param name="Y" type="float"/>
              <param name="Z" type="float"/>
            </accessor>
          </technique_common>
        </source>
        <vertices id="geom-EidelwindRigEyeLidTopR-vertices">
          <input semantic="POSITION" source="#geom-EidelwindRigEyeLidTopR-positions"/>
        </vertices>
        <triangles material="ColorMaterial" count="12">
          <input semantic="VERTEX" source="#geom-EidelwindRigEyeLidTopR-vertices" offset="0"/>
          <input semantic="NORMAL" source="#geom-EidelwindRigEyeLidTopR-normals" offset="1"/>
          <p>0 0 2 1 3 2 3 2 1 3 0 0 4 4 5 5 7 6 7 6 6 7 4 4 0 8 1 9 5 10 5 10 4 11 0 8 1 12 3 13 7 14 7 14 5 15 1 12 3 16 2 17 6 18 6 18 7 19 3 16 2 20 0 21 4 22 4 22 6 23 2 20</p>
        </triangles>
      </mesh>
    </geometry>
    <geometry id="geom-EidelwindRigEyeLidTopL" name="EidelwindRigEyeLidTopL">
      <mesh>
        <source id="geom-EidelwindRigEyeLidTopL-positions">
          <float_array id="geom-EidelwindRigEyeLidTopL-positions-array" count="24">0 -0.4297739 3.058006 0 -0.4297739 -3.058006 0 0.4297739 3.058006 0 0.4297739 -3.058006 10.50468 -0.4297739 3.058006 10.50468 -0.4297739 -3.058006 10.50468 0.4297739 3.058006 10.50468 0.4297739 -3.058006</float_array>
          <technique_common>
            <accessor source="#geom-EidelwindRigEyeLidTopL-positions-array" count="8" stride="3">
              <param name="X" type="float"/>
              <param name="Y" type="float"/>
              <param name="Z" type="float"/>
            </accessor>
          </technique_common>
        </source>
        <source id="geom-EidelwindRigEyeLidTopL-normals">
          <float_array id="geom-EidelwindRigEyeLidTopL-normals-array" count="72">-1 0 0 -1 0 0 -1 0 0 -1 0 0 1 0 0 1 0 0 1 0 0 1 0 0 0 -1 0 0 -1 0 0 -1 0 0 -1 0 0 0 -1 0 0 -1 0 0 -1 0 0 -1 0 1 0 0 1 0 0 1 0 0 1 0 0 0 1 0 0 1 0 0 1 0 0 1</float_array>
          <technique_common>
            <accessor source="#geom-EidelwindRigEyeLidTopL-normals-array" count="24" stride="3">
              <param name="X" type="float"/>
              <param name="Y" type="float"/>
              <param name="Z" type="float"/>
            </accessor>
          </technique_common>
        </source>
        <vertices id="geom-EidelwindRigEyeLidTopL-vertices">
          <input semantic="POSITION" source="#geom-EidelwindRigEyeLidTopL-positions"/>
        </vertices>
        <triangles material="ColorMaterial" count="12">
          <input semantic="VERTEX" source="#geom-EidelwindRigEyeLidTopL-vertices" offset="0"/>
          <input semantic="NORMAL" source="#geom-EidelwindRigEyeLidTopL-normals" offset="1"/>
          <p>0 0 2 1 3 2 3 2 1 3 0 0 4 4 5 5 7 6 7 6 6 7 4 4 0 8 1 9 5 10 5 10 4 11 0 8 1 12 3 13 7 14 7 14 5 15 1 12 3 16 2 17 6 18 6 18 7 19 3 16 2 20 0 21 4 22 4 22 6 23 2 20</p>
        </triangles>
      </mesh>
    </geometry>
    <geometry id="geom-EidelwindRigEyeLidBottomR" name="EidelwindRigEyeLidBottomR">
      <mesh>
        <source id="geom-EidelwindRigEyeLidBottomR-positions">
          <float_array id="geom-EidelwindRigEyeLidBottomR-positions-array" count="24">0 -0.4297739 3.058006 0 -0.4297739 -3.058006 0 0.4297739 3.058006 0 0.4297739 -3.058006 10.50468 -0.4297739 3.058006 10.50468 -0.4297739 -3.058006 10.50468 0.4297739 3.058006 10.50468 0.4297739 -3.058006</float_array>
          <technique_common>
            <accessor source="#geom-EidelwindRigEyeLidBottomR-positions-array" count="8" stride="3">
              <param name="X" type="float"/>
              <param name="Y" type="float"/>
              <param name="Z" type="float"/>
            </accessor>
          </technique_common>
        </source>
        <source id="geom-EidelwindRigEyeLidBottomR-normals">
          <float_array id="geom-EidelwindRigEyeLidBottomR-normals-array" count="72">-1 0 0 -1 0 0 -1 0 0 -1 0 0 1 0 0 1 0 0 1 0 0 1 0 0 0 -1 0 0 -1 0 0 -1 0 0 -1 0 0 0 -1 0 0 -1 0 0 -1 0 0 -1 0 1 0 0 1 0 0 1 0 0 1 0 0 0 1 0 0 1 0 0 1 0 0 1</float_array>
          <technique_common>
            <accessor source="#geom-EidelwindRigEyeLidBottomR-normals-array" count="24" stride="3">
              <param name="X" type="float"/>
              <param name="Y" type="float"/>
              <param name="Z" type="float"/>
            </accessor>
          </technique_common>
        </source>
        <vertices id="geom-EidelwindRigEyeLidBottomR-vertices">
          <input semantic="POSITION" source="#geom-EidelwindRigEyeLidBottomR-positions"/>
        </vertices>
        <triangles material="ColorMaterial" count="12">
          <input semantic="VERTEX" source="#geom-EidelwindRigEyeLidBottomR-vertices" offset="0"/>
          <input semantic="NORMAL" source="#geom-EidelwindRigEyeLidBottomR-normals" offset="1"/>
          <p>0 0 2 1 3 2 3 2 1 3 0 0 4 4 5 5 7 6 7 6 6 7 4 4 0 8 1 9 5 10 5 10 4 11 0 8 1 12 3 13 7 14 7 14 5 15 1 12 3 16 2 17 6 18 6 18 7 19 3 16 2 20 0 21 4 22 4 22 6 23 2 20</p>
        </triangles>
      </mesh>
    </geometry>
    <geometry id="geom-EidelwindRigEyeLidBottomL" name="EidelwindRigEyeLidBottomL">
      <mesh>
        <source id="geom-EidelwindRigEyeLidBottomL-positions">
          <float_array id="geom-EidelwindRigEyeLidBottomL-positions-array" count="24">0 -0.4297739 3.058006 0 -0.4297739 -3.058006 0 0.4297739 3.058006 0 0.4297739 -3.058006 10.50468 -0.4297739 3.058006 10.50468 -0.4297739 -3.058006 10.50468 0.4297739 3.058006 10.50468 0.4297739 -3.058006</float_array>
          <technique_common>
            <accessor source="#geom-EidelwindRigEyeLidBottomL-positions-array" count="8" stride="3">
              <param name="X" type="float"/>
              <param name="Y" type="float"/>
              <param name="Z" type="float"/>
            </accessor>
          </technique_common>
        </source>
        <source id="geom-EidelwindRigEyeLidBottomL-normals">
          <float_array id="geom-EidelwindRigEyeLidBottomL-normals-array" count="72">-1 0 0 -1 0 0 -1 0 0 -1 0 0 1 0 0 1 0 0 1 0 0 1 0 0 0 -1 0 0 -1 0 0 -1 0 0 -1 0 0 0 -1 0 0 -1 0 0 -1 0 0 -1 0 1 0 0 1 0 0 1 0 0 1 0 0 0 1 0 0 1 0 0 1 0 0 1</float_array>
          <technique_common>
            <accessor source="#geom-EidelwindRigEyeLidBottomL-normals-array" count="24" stride="3">
              <param name="X" type="float"/>
              <param name="Y" type="float"/>
              <param name="Z" type="float"/>
            </accessor>
          </technique_common>
        </source>
        <vertices id="geom-EidelwindRigEyeLidBottomL-vertices">
          <input semantic="POSITION" source="#geom-EidelwindRigEyeLidBottomL-positions"/>
        </vertices>
        <triangles material="ColorMaterial" count="12">
          <input semantic="VERTEX" source="#geom-EidelwindRigEyeLidBottomL-vertices" offset="0"/>
          <input semantic="NORMAL" source="#geom-EidelwindRigEyeLidBottomL-normals" offset="1"/>
          <p>0 0 2 1 3 2 3 2 1 3 0 0 4 4 5 5 7 6 7 6 6 7 4 4 0 8 1 9 5 10 5 10 4 11 0 8 1 12 3 13 7 14 7 14 5 15 1 12 3 16 2 17 6 18 6 18 7 19 3 16 2 20 0 21 4 22 4 22 6 23 2 20</p>
        </triangles>
      </mesh>
    </geometry>
    <geometry id="geom-EidelwindRigEyeBrowRMain" name="EidelwindRigEyeBrowRMain">
      <mesh>
        <source id="geom-EidelwindRigEyeBrowRMain-positions">
          <float_array id="geom-EidelwindRigEyeBrowRMain-positions-array" count="24">0 -1.797146 4.410141 0 -1.797146 -4.410141 0 1.797146 4.410141 0 1.797146 -4.410141 2.158126 -1.797146 4.410141 2.158126 -1.797146 -4.410141 2.158126 1.797146 4.410141 2.158126 1.797146 -4.410141</float_array>
          <technique_common>
            <accessor source="#geom-EidelwindRigEyeBrowRMain-positions-array" count="8" stride="3">
              <param name="X" type="float"/>
              <param name="Y" type="float"/>
              <param name="Z" type="float"/>
            </accessor>
          </technique_common>
        </source>
        <source id="geom-EidelwindRigEyeBrowRMain-normals">
          <float_array id="geom-EidelwindRigEyeBrowRMain-normals-array" count="72">-0.9999999 0 0 -1 0 0 -0.9999999 0 0 -1 0 0 0.9999999 0 0 1 0 0 0.9999999 0 0 1 0 0 0 -1 0 0 -1 0 0 -1 0 0 -1 0 0 0 -0.9999999 0 0 -1 0 0 -0.9999999 0 0 -1 0 1 0 0 1 0 0 1 0 0 1 0 0 0 0.9999999 0 0 1 0 0 0.9999999 0 0 1</float_array>
          <technique_common>
            <accessor source="#geom-EidelwindRigEyeBrowRMain-normals-array" count="24" stride="3">
              <param name="X" type="float"/>
              <param name="Y" type="float"/>
              <param name="Z" type="float"/>
            </accessor>
          </technique_common>
        </source>
        <vertices id="geom-EidelwindRigEyeBrowRMain-vertices">
          <input semantic="POSITION" source="#geom-EidelwindRigEyeBrowRMain-positions"/>
        </vertices>
        <triangles material="ColorMaterial" count="12">
          <input semantic="VERTEX" source="#geom-EidelwindRigEyeBrowRMain-vertices" offset="0"/>
          <input semantic="NORMAL" source="#geom-EidelwindRigEyeBrowRMain-normals" offset="1"/>
          <p>0 0 2 1 3 2 3 2 1 3 0 0 4 4 5 5 7 6 7 6 6 7 4 4 0 8 1 9 5 10 5 10 4 11 0 8 1 12 3 13 7 14 7 14 5 15 1 12 3 16 2 17 6 18 6 18 7 19 3 16 2 20 0 21 4 22 4 22 6 23 2 20</p>
        </triangles>
      </mesh>
    </geometry>
    <geometry id="geom-EidelwindRigEyeBrowR1" name="EidelwindRigEyeBrowR1">
      <mesh>
        <source id="geom-EidelwindRigEyeBrowR1-positions">
          <float_array id="geom-EidelwindRigEyeBrowR1-positions-array" count="24">0 -0.440121 0.4958929 0 -0.440121 -0.4958929 0 0.440121 0.4958929 0 0.440121 -0.4958929 0.9279941 -0.440121 0.4958929 0.9279941 -0.440121 -0.4958929 0.9279941 0.440121 0.4958929 0.9279941 0.440121 -0.4958929</float_array>
          <technique_common>
            <accessor source="#geom-EidelwindRigEyeBrowR1-positions-array" count="8" stride="3">
              <param name="X" type="float"/>
              <param name="Y" type="float"/>
              <param name="Z" type="float"/>
            </accessor>
          </technique_common>
        </source>
        <source id="geom-EidelwindRigEyeBrowR1-normals">
          <float_array id="geom-EidelwindRigEyeBrowR1-normals-array" count="72">-1 0 0 -1 0 0 -1 0 0 -1 0 0 1 0 0 1 0 0 1 0 0 1 0 0 0 -0.9999999 0 0 -1 0 0 -0.9999999 0 0 -1 0 0 0 -1 0 0 -1 0 0 -1 0 0 -1 0 0.9999999 0 0 1 0 0 0.9999999 0 0 1 0 0 0 1 0 0 1 0 0 1 0 0 1</float_array>
          <technique_common>
            <accessor source="#geom-EidelwindRigEyeBrowR1-normals-array" count="24" stride="3">
              <param name="X" type="float"/>
              <param name="Y" type="float"/>
              <param name="Z" type="float"/>
            </accessor>
          </technique_common>
        </source>
        <vertices id="geom-EidelwindRigEyeBrowR1-vertices">
          <input semantic="POSITION" source="#geom-EidelwindRigEyeBrowR1-positions"/>
        </vertices>
        <triangles material="ColorMaterial" count="12">
          <input semantic="VERTEX" source="#geom-EidelwindRigEyeBrowR1-vertices" offset="0"/>
          <input semantic="NORMAL" source="#geom-EidelwindRigEyeBrowR1-normals" offset="1"/>
          <p>0 0 2 1 3 2 3 2 1 3 0 0 4 4 5 5 7 6 7 6 6 7 4 4 0 8 1 9 5 10 5 10 4 11 0 8 1 12 3 13 7 14 7 14 5 15 1 12 3 16 2 17 6 18 6 18 7 19 3 16 2 20 0 21 4 22 4 22 6 23 2 20</p>
        </triangles>
      </mesh>
    </geometry>
    <geometry id="geom-EidelwindRigEyeBrowR2" name="EidelwindRigEyeBrowR2">
      <mesh>
        <source id="geom-EidelwindRigEyeBrowR2-positions">
          <float_array id="geom-EidelwindRigEyeBrowR2-positions-array" count="24">0 -0.440121 0.4958929 0 -0.440121 -0.4958929 0 0.440121 0.4958929 0 0.440121 -0.4958929 0.9279941 -0.440121 0.4958929 0.9279941 -0.440121 -0.4958929 0.9279941 0.440121 0.4958929 0.9279941 0.440121 -0.4958929</float_array>
          <technique_common>
            <accessor source="#geom-EidelwindRigEyeBrowR2-positions-array" count="8" stride="3">
              <param name="X" type="float"/>
              <param name="Y" type="float"/>
              <param name="Z" type="float"/>
            </accessor>
          </technique_common>
        </source>
        <source id="geom-EidelwindRigEyeBrowR2-normals">
          <float_array id="geom-EidelwindRigEyeBrowR2-normals-array" count="72">-1 0 0 -1 0 0 -1 0 0 -1 0 0 1 0 0 1 0 0 1 0 0 1 0 0 0 -0.9999999 0 0 -1 0 0 -0.9999999 0 0 -1 0 0 0 -1 0 0 -1 0 0 -1 0 0 -1 0 0.9999999 0 0 1 0 0 0.9999999 0 0 1 0 0 0 1 0 0 1 0 0 1 0 0 1</float_array>
          <technique_common>
            <accessor source="#geom-EidelwindRigEyeBrowR2-normals-array" count="24" stride="3">
              <param name="X" type="float"/>
              <param name="Y" type="float"/>
              <param name="Z" type="float"/>
            </accessor>
          </technique_common>
        </source>
        <vertices id="geom-EidelwindRigEyeBrowR2-vertices">
          <input semantic="POSITION" source="#geom-EidelwindRigEyeBrowR2-positions"/>
        </vertices>
        <triangles material="ColorMaterial" count="12">
          <input semantic="VERTEX" source="#geom-EidelwindRigEyeBrowR2-vertices" offset="0"/>
          <input semantic="NORMAL" source="#geom-EidelwindRigEyeBrowR2-normals" offset="1"/>
          <p>0 0 2 1 3 2 3 2 1 3 0 0 4 4 5 5 7 6 7 6 6 7 4 4 0 8 1 9 5 10 5 10 4 11 0 8 1 12 3 13 7 14 7 14 5 15 1 12 3 16 2 17 6 18 6 18 7 19 3 16 2 20 0 21 4 22 4 22 6 23 2 20</p>
        </triangles>
      </mesh>
    </geometry>
    <geometry id="geom-EidelwindRigEyeBrowR3" name="EidelwindRigEyeBrowR3">
      <mesh>
        <source id="geom-EidelwindRigEyeBrowR3-positions">
          <float_array id="geom-EidelwindRigEyeBrowR3-positions-array" count="24">0 -0.440121 0.4958929 0 -0.440121 -0.4958929 0 0.440121 0.4958929 0 0.440121 -0.4958929 0.9279941 -0.440121 0.4958929 0.9279941 -0.440121 -0.4958929 0.9279941 0.440121 0.4958929 0.9279941 0.440121 -0.4958929</float_array>
          <technique_common>
            <accessor source="#geom-EidelwindRigEyeBrowR3-positions-array" count="8" stride="3">
              <param name="X" type="float"/>
              <param name="Y" type="float"/>
              <param name="Z" type="float"/>
            </accessor>
          </technique_common>
        </source>
        <source id="geom-EidelwindRigEyeBrowR3-normals">
          <float_array id="geom-EidelwindRigEyeBrowR3-normals-array" count="72">-1 0 0 -1 0 0 -1 0 0 -1 0 0 1 0 0 1 0 0 1 0 0 1 0 0 0 -0.9999999 0 0 -1 0 0 -0.9999999 0 0 -1 0 0 0 -1 0 0 -1 0 0 -1 0 0 -1 0 0.9999999 0 0 1 0 0 0.9999999 0 0 1 0 0 0 1 0 0 1 0 0 1 0 0 1</float_array>
          <technique_common>
            <accessor source="#geom-EidelwindRigEyeBrowR3-normals-array" count="24" stride="3">
              <param name="X" type="float"/>
              <param name="Y" type="float"/>
              <param name="Z" type="float"/>
            </accessor>
          </technique_common>
        </source>
        <vertices id="geom-EidelwindRigEyeBrowR3-vertices">
          <input semantic="POSITION" source="#geom-EidelwindRigEyeBrowR3-positions"/>
        </vertices>
        <triangles material="ColorMaterial" count="12">
          <input semantic="VERTEX" source="#geom-EidelwindRigEyeBrowR3-vertices" offset="0"/>
          <input semantic="NORMAL" source="#geom-EidelwindRigEyeBrowR3-normals" offset="1"/>
          <p>0 0 2 1 3 2 3 2 1 3 0 0 4 4 5 5 7 6 7 6 6 7 4 4 0 8 1 9 5 10 5 10 4 11 0 8 1 12 3 13 7 14 7 14 5 15 1 12 3 16 2 17 6 18 6 18 7 19 3 16 2 20 0 21 4 22 4 22 6 23 2 20</p>
        </triangles>
      </mesh>
    </geometry>
    <geometry id="geom-EidelwindRigEyeBrowR4" name="EidelwindRigEyeBrowR4">
      <mesh>
        <source id="geom-EidelwindRigEyeBrowR4-positions">
          <float_array id="geom-EidelwindRigEyeBrowR4-positions-array" count="24">0 -0.440121 0.4958929 0 -0.440121 -0.4958929 0 0.440121 0.4958929 0 0.440121 -0.4958929 0.9279941 -0.440121 0.4958929 0.9279941 -0.440121 -0.4958929 0.9279941 0.440121 0.4958929 0.9279941 0.440121 -0.4958929</float_array>
          <technique_common>
            <accessor source="#geom-EidelwindRigEyeBrowR4-positions-array" count="8" stride="3">
              <param name="X" type="float"/>
              <param name="Y" type="float"/>
              <param name="Z" type="float"/>
            </accessor>
          </technique_common>
        </source>
        <source id="geom-EidelwindRigEyeBrowR4-normals">
          <float_array id="geom-EidelwindRigEyeBrowR4-normals-array" count="72">-1 0 0 -1 0 0 -1 0 0 -1 0 0 1 0 0 1 0 0 1 0 0 1 0 0 0 -0.9999999 0 0 -1 0 0 -0.9999999 0 0 -1 0 0 0 -1 0 0 -1 0 0 -1 0 0 -1 0 0.9999999 0 0 1 0 0 0.9999999 0 0 1 0 0 0 1 0 0 1 0 0 1 0 0 1</float_array>
          <technique_common>
            <accessor source="#geom-EidelwindRigEyeBrowR4-normals-array" count="24" stride="3">
              <param name="X" type="float"/>
              <param name="Y" type="float"/>
              <param name="Z" type="float"/>
            </accessor>
          </technique_common>
        </source>
        <vertices id="geom-EidelwindRigEyeBrowR4-vertices">
          <input semantic="POSITION" source="#geom-EidelwindRigEyeBrowR4-positions"/>
        </vertices>
        <triangles material="ColorMaterial" count="12">
          <input semantic="VERTEX" source="#geom-EidelwindRigEyeBrowR4-vertices" offset="0"/>
          <input semantic="NORMAL" source="#geom-EidelwindRigEyeBrowR4-normals" offset="1"/>
          <p>0 0 2 1 3 2 3 2 1 3 0 0 4 4 5 5 7 6 7 6 6 7 4 4 0 8 1 9 5 10 5 10 4 11 0 8 1 12 3 13 7 14 7 14 5 15 1 12 3 16 2 17 6 18 6 18 7 19 3 16 2 20 0 21 4 22 4 22 6 23 2 20</p>
        </triangles>
      </mesh>
    </geometry>
    <geometry id="geom-EidelwindRigEyeBrowR5" name="EidelwindRigEyeBrowR5">
      <mesh>
        <source id="geom-EidelwindRigEyeBrowR5-positions">
          <float_array id="geom-EidelwindRigEyeBrowR5-positions-array" count="24">0 -0.440121 0.4958929 0 -0.440121 -0.4958929 0 0.440121 0.4958929 0 0.440121 -0.4958929 0.9279941 -0.440121 0.4958929 0.9279941 -0.440121 -0.4958929 0.9279941 0.440121 0.4958929 0.9279941 0.440121 -0.4958929</float_array>
          <technique_common>
            <accessor source="#geom-EidelwindRigEyeBrowR5-positions-array" count="8" stride="3">
              <param name="X" type="float"/>
              <param name="Y" type="float"/>
              <param name="Z" type="float"/>
            </accessor>
          </technique_common>
        </source>
        <source id="geom-EidelwindRigEyeBrowR5-normals">
          <float_array id="geom-EidelwindRigEyeBrowR5-normals-array" count="72">-1 0 0 -1 0 0 -1 0 0 -1 0 0 1 0 0 1 0 0 1 0 0 1 0 0 0 -0.9999999 0 0 -1 0 0 -0.9999999 0 0 -1 0 0 0 -1 0 0 -1 0 0 -1 0 0 -1 0 0.9999999 0 0 1 0 0 0.9999999 0 0 1 0 0 0 1 0 0 1 0 0 1 0 0 1</float_array>
          <technique_common>
            <accessor source="#geom-EidelwindRigEyeBrowR5-normals-array" count="24" stride="3">
              <param name="X" type="float"/>
              <param name="Y" type="float"/>
              <param name="Z" type="float"/>
            </accessor>
          </technique_common>
        </source>
        <vertices id="geom-EidelwindRigEyeBrowR5-vertices">
          <input semantic="POSITION" source="#geom-EidelwindRigEyeBrowR5-positions"/>
        </vertices>
        <triangles material="ColorMaterial" count="12">
          <input semantic="VERTEX" source="#geom-EidelwindRigEyeBrowR5-vertices" offset="0"/>
          <input semantic="NORMAL" source="#geom-EidelwindRigEyeBrowR5-normals" offset="1"/>
          <p>0 0 2 1 3 2 3 2 1 3 0 0 4 4 5 5 7 6 7 6 6 7 4 4 0 8 1 9 5 10 5 10 4 11 0 8 1 12 3 13 7 14 7 14 5 15 1 12 3 16 2 17 6 18 6 18 7 19 3 16 2 20 0 21 4 22 4 22 6 23 2 20</p>
        </triangles>
      </mesh>
    </geometry>
    <geometry id="geom-EidelwindRigEyeBrowR6" name="EidelwindRigEyeBrowR6">
      <mesh>
        <source id="geom-EidelwindRigEyeBrowR6-positions">
          <float_array id="geom-EidelwindRigEyeBrowR6-positions-array" count="24">0 -0.440121 0.4958929 0 -0.440121 -0.4958929 0 0.440121 0.4958929 0 0.440121 -0.4958929 0.9279941 -0.440121 0.4958929 0.9279941 -0.440121 -0.4958929 0.9279941 0.440121 0.4958929 0.9279941 0.440121 -0.4958929</float_array>
          <technique_common>
            <accessor source="#geom-EidelwindRigEyeBrowR6-positions-array" count="8" stride="3">
              <param name="X" type="float"/>
              <param name="Y" type="float"/>
              <param name="Z" type="float"/>
            </accessor>
          </technique_common>
        </source>
        <source id="geom-EidelwindRigEyeBrowR6-normals">
          <float_array id="geom-EidelwindRigEyeBrowR6-normals-array" count="72">-1 0 0 -1 0 0 -1 0 0 -1 0 0 1 0 0 1 0 0 1 0 0 1 0 0 0 -0.9999999 0 0 -1 0 0 -0.9999999 0 0 -1 0 0 0 -1 0 0 -1 0 0 -1 0 0 -1 0 0.9999999 0 0 1 0 0 0.9999999 0 0 1 0 0 0 1 0 0 1 0 0 1 0 0 1</float_array>
          <technique_common>
            <accessor source="#geom-EidelwindRigEyeBrowR6-normals-array" count="24" stride="3">
              <param name="X" type="float"/>
              <param name="Y" type="float"/>
              <param name="Z" type="float"/>
            </accessor>
          </technique_common>
        </source>
        <vertices id="geom-EidelwindRigEyeBrowR6-vertices">
          <input semantic="POSITION" source="#geom-EidelwindRigEyeBrowR6-positions"/>
        </vertices>
        <triangles material="ColorMaterial" count="12">
          <input semantic="VERTEX" source="#geom-EidelwindRigEyeBrowR6-vertices" offset="0"/>
          <input semantic="NORMAL" source="#geom-EidelwindRigEyeBrowR6-normals" offset="1"/>
          <p>0 0 2 1 3 2 3 2 1 3 0 0 4 4 5 5 7 6 7 6 6 7 4 4 0 8 1 9 5 10 5 10 4 11 0 8 1 12 3 13 7 14 7 14 5 15 1 12 3 16 2 17 6 18 6 18 7 19 3 16 2 20 0 21 4 22 4 22 6 23 2 20</p>
        </triangles>
      </mesh>
    </geometry>
    <geometry id="geom-EidelwindRigEyeBrowLMain" name="EidelwindRigEyeBrowLMain">
      <mesh>
        <source id="geom-EidelwindRigEyeBrowLMain-positions">
          <float_array id="geom-EidelwindRigEyeBrowLMain-positions-array" count="24">0 -1.797146 4.410141 0 -1.797146 -4.410141 0 1.797146 4.410141 0 1.797146 -4.410141 2.158126 -1.797146 4.410141 2.158126 -1.797146 -4.410141 2.158126 1.797146 4.410141 2.158126 1.797146 -4.410141</float_array>
          <technique_common>
            <accessor source="#geom-EidelwindRigEyeBrowLMain-positions-array" count="8" stride="3">
              <param name="X" type="float"/>
              <param name="Y" type="float"/>
              <param name="Z" type="float"/>
            </accessor>
          </technique_common>
        </source>
        <source id="geom-EidelwindRigEyeBrowLMain-normals">
          <float_array id="geom-EidelwindRigEyeBrowLMain-normals-array" count="72">-0.9999999 0 0 -1 0 0 -0.9999999 0 0 -1 0 0 0.9999999 0 0 1 0 0 0.9999999 0 0 1 0 0 0 -1 0 0 -1 0 0 -1 0 0 -1 0 0 0 -0.9999999 0 0 -1 0 0 -0.9999999 0 0 -1 0 1 0 0 1 0 0 1 0 0 1 0 0 0 0.9999999 0 0 1 0 0 0.9999999 0 0 1</float_array>
          <technique_common>
            <accessor source="#geom-EidelwindRigEyeBrowLMain-normals-array" count="24" stride="3">
              <param name="X" type="float"/>
              <param name="Y" type="float"/>
              <param name="Z" type="float"/>
            </accessor>
          </technique_common>
        </source>
        <vertices id="geom-EidelwindRigEyeBrowLMain-vertices">
          <input semantic="POSITION" source="#geom-EidelwindRigEyeBrowLMain-positions"/>
        </vertices>
        <triangles material="ColorMaterial" count="12">
          <input semantic="VERTEX" source="#geom-EidelwindRigEyeBrowLMain-vertices" offset="0"/>
          <input semantic="NORMAL" source="#geom-EidelwindRigEyeBrowLMain-normals" offset="1"/>
          <p>0 0 2 1 3 2 3 2 1 3 0 0 4 4 5 5 7 6 7 6 6 7 4 4 0 8 1 9 5 10 5 10 4 11 0 8 1 12 3 13 7 14 7 14 5 15 1 12 3 16 2 17 6 18 6 18 7 19 3 16 2 20 0 21 4 22 4 22 6 23 2 20</p>
        </triangles>
      </mesh>
    </geometry>
    <geometry id="geom-EidelwindRigEyeBrowL1" name="EidelwindRigEyeBrowL1">
      <mesh>
        <source id="geom-EidelwindRigEyeBrowL1-positions">
          <float_array id="geom-EidelwindRigEyeBrowL1-positions-array" count="24">0 -0.440121 0.4958929 0 -0.440121 -0.4958929 0 0.440121 0.4958929 0 0.440121 -0.4958929 0.9279941 -0.440121 0.4958929 0.9279941 -0.440121 -0.4958929 0.9279941 0.440121 0.4958929 0.9279941 0.440121 -0.4958929</float_array>
          <technique_common>
            <accessor source="#geom-EidelwindRigEyeBrowL1-positions-array" count="8" stride="3">
              <param name="X" type="float"/>
              <param name="Y" type="float"/>
              <param name="Z" type="float"/>
            </accessor>
          </technique_common>
        </source>
        <source id="geom-EidelwindRigEyeBrowL1-normals">
          <float_array id="geom-EidelwindRigEyeBrowL1-normals-array" count="72">-1 0 0 -1 0 0 -1 0 0 -1 0 0 1 0 0 1 0 0 1 0 0 1 0 0 0 -0.9999999 0 0 -1 0 0 -0.9999999 0 0 -1 0 0 0 -1 0 0 -1 0 0 -1 0 0 -1 0 0.9999999 0 0 1 0 0 0.9999999 0 0 1 0 0 0 1 0 0 1 0 0 1 0 0 1</float_array>
          <technique_common>
            <accessor source="#geom-EidelwindRigEyeBrowL1-normals-array" count="24" stride="3">
              <param name="X" type="float"/>
              <param name="Y" type="float"/>
              <param name="Z" type="float"/>
            </accessor>
          </technique_common>
        </source>
        <vertices id="geom-EidelwindRigEyeBrowL1-vertices">
          <input semantic="POSITION" source="#geom-EidelwindRigEyeBrowL1-positions"/>
        </vertices>
        <triangles material="ColorMaterial" count="12">
          <input semantic="VERTEX" source="#geom-EidelwindRigEyeBrowL1-vertices" offset="0"/>
          <input semantic="NORMAL" source="#geom-EidelwindRigEyeBrowL1-normals" offset="1"/>
          <p>0 0 2 1 3 2 3 2 1 3 0 0 4 4 5 5 7 6 7 6 6 7 4 4 0 8 1 9 5 10 5 10 4 11 0 8 1 12 3 13 7 14 7 14 5 15 1 12 3 16 2 17 6 18 6 18 7 19 3 16 2 20 0 21 4 22 4 22 6 23 2 20</p>
        </triangles>
      </mesh>
    </geometry>
    <geometry id="geom-EidelwindRigEyeBrowL2" name="EidelwindRigEyeBrowL2">
      <mesh>
        <source id="geom-EidelwindRigEyeBrowL2-positions">
          <float_array id="geom-EidelwindRigEyeBrowL2-positions-array" count="24">0 -0.440121 0.4958929 0 -0.440121 -0.4958929 0 0.440121 0.4958929 0 0.440121 -0.4958929 0.9279941 -0.440121 0.4958929 0.9279941 -0.440121 -0.4958929 0.9279941 0.440121 0.4958929 0.9279941 0.440121 -0.4958929</float_array>
          <technique_common>
            <accessor source="#geom-EidelwindRigEyeBrowL2-positions-array" count="8" stride="3">
              <param name="X" type="float"/>
              <param name="Y" type="float"/>
              <param name="Z" type="float"/>
            </accessor>
          </technique_common>
        </source>
        <source id="geom-EidelwindRigEyeBrowL2-normals">
          <float_array id="geom-EidelwindRigEyeBrowL2-normals-array" count="72">-1 0 0 -1 0 0 -1 0 0 -1 0 0 1 0 0 1 0 0 1 0 0 1 0 0 0 -0.9999999 0 0 -1 0 0 -0.9999999 0 0 -1 0 0 0 -1 0 0 -1 0 0 -1 0 0 -1 0 0.9999999 0 0 1 0 0 0.9999999 0 0 1 0 0 0 1 0 0 1 0 0 1 0 0 1</float_array>
          <technique_common>
            <accessor source="#geom-EidelwindRigEyeBrowL2-normals-array" count="24" stride="3">
              <param name="X" type="float"/>
              <param name="Y" type="float"/>
              <param name="Z" type="float"/>
            </accessor>
          </technique_common>
        </source>
        <vertices id="geom-EidelwindRigEyeBrowL2-vertices">
          <input semantic="POSITION" source="#geom-EidelwindRigEyeBrowL2-positions"/>
        </vertices>
        <triangles material="ColorMaterial" count="12">
          <input semantic="VERTEX" source="#geom-EidelwindRigEyeBrowL2-vertices" offset="0"/>
          <input semantic="NORMAL" source="#geom-EidelwindRigEyeBrowL2-normals" offset="1"/>
          <p>0 0 2 1 3 2 3 2 1 3 0 0 4 4 5 5 7 6 7 6 6 7 4 4 0 8 1 9 5 10 5 10 4 11 0 8 1 12 3 13 7 14 7 14 5 15 1 12 3 16 2 17 6 18 6 18 7 19 3 16 2 20 0 21 4 22 4 22 6 23 2 20</p>
        </triangles>
      </mesh>
    </geometry>
    <geometry id="geom-EidelwindRigEyeBrowL3" name="EidelwindRigEyeBrowL3">
      <mesh>
        <source id="geom-EidelwindRigEyeBrowL3-positions">
          <float_array id="geom-EidelwindRigEyeBrowL3-positions-array" count="24">0 -0.440121 0.4958929 0 -0.440121 -0.4958929 0 0.440121 0.4958929 0 0.440121 -0.4958929 0.9279941 -0.440121 0.4958929 0.9279941 -0.440121 -0.4958929 0.9279941 0.440121 0.4958929 0.9279941 0.440121 -0.4958929</float_array>
          <technique_common>
            <accessor source="#geom-EidelwindRigEyeBrowL3-positions-array" count="8" stride="3">
              <param name="X" type="float"/>
              <param name="Y" type="float"/>
              <param name="Z" type="float"/>
            </accessor>
          </technique_common>
        </source>
        <source id="geom-EidelwindRigEyeBrowL3-normals">
          <float_array id="geom-EidelwindRigEyeBrowL3-normals-array" count="72">-1 0 0 -1 0 0 -1 0 0 -1 0 0 1 0 0 1 0 0 1 0 0 1 0 0 0 -0.9999999 0 0 -1 0 0 -0.9999999 0 0 -1 0 0 0 -1 0 0 -1 0 0 -1 0 0 -1 0 0.9999999 0 0 1 0 0 0.9999999 0 0 1 0 0 0 1 0 0 1 0 0 1 0 0 1</float_array>
          <technique_common>
            <accessor source="#geom-EidelwindRigEyeBrowL3-normals-array" count="24" stride="3">
              <param name="X" type="float"/>
              <param name="Y" type="float"/>
              <param name="Z" type="float"/>
            </accessor>
          </technique_common>
        </source>
        <vertices id="geom-EidelwindRigEyeBrowL3-vertices">
          <input semantic="POSITION" source="#geom-EidelwindRigEyeBrowL3-positions"/>
        </vertices>
        <triangles material="ColorMaterial" count="12">
          <input semantic="VERTEX" source="#geom-EidelwindRigEyeBrowL3-vertices" offset="0"/>
          <input semantic="NORMAL" source="#geom-EidelwindRigEyeBrowL3-normals" offset="1"/>
          <p>0 0 2 1 3 2 3 2 1 3 0 0 4 4 5 5 7 6 7 6 6 7 4 4 0 8 1 9 5 10 5 10 4 11 0 8 1 12 3 13 7 14 7 14 5 15 1 12 3 16 2 17 6 18 6 18 7 19 3 16 2 20 0 21 4 22 4 22 6 23 2 20</p>
        </triangles>
      </mesh>
    </geometry>
    <geometry id="geom-EidelwindRigEyeBrowL4" name="EidelwindRigEyeBrowL4">
      <mesh>
        <source id="geom-EidelwindRigEyeBrowL4-positions">
          <float_array id="geom-EidelwindRigEyeBrowL4-positions-array" count="24">0 -0.440121 0.4958929 0 -0.440121 -0.4958929 0 0.440121 0.4958929 0 0.440121 -0.4958929 0.9279941 -0.440121 0.4958929 0.9279941 -0.440121 -0.4958929 0.9279941 0.440121 0.4958929 0.9279941 0.440121 -0.4958929</float_array>
          <technique_common>
            <accessor source="#geom-EidelwindRigEyeBrowL4-positions-array" count="8" stride="3">
              <param name="X" type="float"/>
              <param name="Y" type="float"/>
              <param name="Z" type="float"/>
            </accessor>
          </technique_common>
        </source>
        <source id="geom-EidelwindRigEyeBrowL4-normals">
          <float_array id="geom-EidelwindRigEyeBrowL4-normals-array" count="72">-1 0 0 -1 0 0 -1 0 0 -1 0 0 1 0 0 1 0 0 1 0 0 1 0 0 0 -0.9999999 0 0 -1 0 0 -0.9999999 0 0 -1 0 0 0 -1 0 0 -1 0 0 -1 0 0 -1 0 0.9999999 0 0 1 0 0 0.9999999 0 0 1 0 0 0 1 0 0 1 0 0 1 0 0 1</float_array>
          <technique_common>
            <accessor source="#geom-EidelwindRigEyeBrowL4-normals-array" count="24" stride="3">
              <param name="X" type="float"/>
              <param name="Y" type="float"/>
              <param name="Z" type="float"/>
            </accessor>
          </technique_common>
        </source>
        <vertices id="geom-EidelwindRigEyeBrowL4-vertices">
          <input semantic="POSITION" source="#geom-EidelwindRigEyeBrowL4-positions"/>
        </vertices>
        <triangles material="ColorMaterial" count="12">
          <input semantic="VERTEX" source="#geom-EidelwindRigEyeBrowL4-vertices" offset="0"/>
          <input semantic="NORMAL" source="#geom-EidelwindRigEyeBrowL4-normals" offset="1"/>
          <p>0 0 2 1 3 2 3 2 1 3 0 0 4 4 5 5 7 6 7 6 6 7 4 4 0 8 1 9 5 10 5 10 4 11 0 8 1 12 3 13 7 14 7 14 5 15 1 12 3 16 2 17 6 18 6 18 7 19 3 16 2 20 0 21 4 22 4 22 6 23 2 20</p>
        </triangles>
      </mesh>
    </geometry>
    <geometry id="geom-EidelwindRigEyeBrowL5" name="EidelwindRigEyeBrowL5">
      <mesh>
        <source id="geom-EidelwindRigEyeBrowL5-positions">
          <float_array id="geom-EidelwindRigEyeBrowL5-positions-array" count="24">0 -0.440121 0.4958929 0 -0.440121 -0.4958929 0 0.440121 0.4958929 0 0.440121 -0.4958929 0.9279941 -0.440121 0.4958929 0.9279941 -0.440121 -0.4958929 0.9279941 0.440121 0.4958929 0.9279941 0.440121 -0.4958929</float_array>
          <technique_common>
            <accessor source="#geom-EidelwindRigEyeBrowL5-positions-array" count="8" stride="3">
              <param name="X" type="float"/>
              <param name="Y" type="float"/>
              <param name="Z" type="float"/>
            </accessor>
          </technique_common>
        </source>
        <source id="geom-EidelwindRigEyeBrowL5-normals">
          <float_array id="geom-EidelwindRigEyeBrowL5-normals-array" count="72">-1 0 0 -1 0 0 -1 0 0 -1 0 0 1 0 0 1 0 0 1 0 0 1 0 0 0 -0.9999999 0 0 -1 0 0 -0.9999999 0 0 -1 0 0 0 -1 0 0 -1 0 0 -1 0 0 -1 0 0.9999999 0 0 1 0 0 0.9999999 0 0 1 0 0 0 1 0 0 1 0 0 1 0 0 1</float_array>
          <technique_common>
            <accessor source="#geom-EidelwindRigEyeBrowL5-normals-array" count="24" stride="3">
              <param name="X" type="float"/>
              <param name="Y" type="float"/>
              <param name="Z" type="float"/>
            </accessor>
          </technique_common>
        </source>
        <vertices id="geom-EidelwindRigEyeBrowL5-vertices">
          <input semantic="POSITION" source="#geom-EidelwindRigEyeBrowL5-positions"/>
        </vertices>
        <triangles material="ColorMaterial" count="12">
          <input semantic="VERTEX" source="#geom-EidelwindRigEyeBrowL5-vertices" offset="0"/>
          <input semantic="NORMAL" source="#geom-EidelwindRigEyeBrowL5-normals" offset="1"/>
          <p>0 0 2 1 3 2 3 2 1 3 0 0 4 4 5 5 7 6 7 6 6 7 4 4 0 8 1 9 5 10 5 10 4 11 0 8 1 12 3 13 7 14 7 14 5 15 1 12 3 16 2 17 6 18 6 18 7 19 3 16 2 20 0 21 4 22 4 22 6 23 2 20</p>
        </triangles>
      </mesh>
    </geometry>
    <geometry id="geom-EidelwindRigEyeBrowL6" name="EidelwindRigEyeBrowL6">
      <mesh>
        <source id="geom-EidelwindRigEyeBrowL6-positions">
          <float_array id="geom-EidelwindRigEyeBrowL6-positions-array" count="24">0 -0.440121 0.4958929 0 -0.440121 -0.4958929 0 0.440121 0.4958929 0 0.440121 -0.4958929 0.9279941 -0.440121 0.4958929 0.9279941 -0.440121 -0.4958929 0.9279941 0.440121 0.4958929 0.9279941 0.440121 -0.4958929</float_array>
          <technique_common>
            <accessor source="#geom-EidelwindRigEyeBrowL6-positions-array" count="8" stride="3">
              <param name="X" type="float"/>
              <param name="Y" type="float"/>
              <param name="Z" type="float"/>
            </accessor>
          </technique_common>
        </source>
        <source id="geom-EidelwindRigEyeBrowL6-normals">
          <float_array id="geom-EidelwindRigEyeBrowL6-normals-array" count="72">-1 0 0 -1 0 0 -1 0 0 -1 0 0 1 0 0 1 0 0 1 0 0 1 0 0 0 -0.9999999 0 0 -1 0 0 -0.9999999 0 0 -1 0 0 0 -1 0 0 -1 0 0 -1 0 0 -1 0 0.9999999 0 0 1 0 0 0.9999999 0 0 1 0 0 0 1 0 0 1 0 0 1 0 0 1</float_array>
          <technique_common>
            <accessor source="#geom-EidelwindRigEyeBrowL6-normals-array" count="24" stride="3">
              <param name="X" type="float"/>
              <param name="Y" type="float"/>
              <param name="Z" type="float"/>
            </accessor>
          </technique_common>
        </source>
        <vertices id="geom-EidelwindRigEyeBrowL6-vertices">
          <input semantic="POSITION" source="#geom-EidelwindRigEyeBrowL6-positions"/>
        </vertices>
        <triangles material="ColorMaterial" count="12">
          <input semantic="VERTEX" source="#geom-EidelwindRigEyeBrowL6-vertices" offset="0"/>
          <input semantic="NORMAL" source="#geom-EidelwindRigEyeBrowL6-normals" offset="1"/>
          <p>0 0 2 1 3 2 3 2 1 3 0 0 4 4 5 5 7 6 7 6 6 7 4 4 0 8 1 9 5 10 5 10 4 11 0 8 1 12 3 13 7 14 7 14 5 15 1 12 3 16 2 17 6 18 6 18 7 19 3 16 2 20 0 21 4 22 4 22 6 23 2 20</p>
        </triangles>
      </mesh>
    </geometry>
    <geometry id="geom-EidelwindRigEyeL" name="EidelwindRigEyeL">
      <mesh>
        <source id="geom-EidelwindRigEyeL-positions">
          <float_array id="geom-EidelwindRigEyeL-positions-array" count="24">0 -2.644762 2.644762 0 -2.644762 -2.644762 0 2.644762 2.644762 0 2.644762 -2.644762 9.917858 -2.644762 2.644762 9.917858 -2.644762 -2.644762 9.917858 2.644762 2.644762 9.917858 2.644762 -2.644762</float_array>
          <technique_common>
            <accessor source="#geom-EidelwindRigEyeL-positions-array" count="8" stride="3">
              <param name="X" type="float"/>
              <param name="Y" type="float"/>
              <param name="Z" type="float"/>
            </accessor>
          </technique_common>
        </source>
        <source id="geom-EidelwindRigEyeL-normals">
          <float_array id="geom-EidelwindRigEyeL-normals-array" count="72">-0.9999999 0 0 -1 0 0 -0.9999999 0 0 -1 0 0 0.9999999 0 0 1 0 0 0.9999999 0 0 1 0 0 0 -1 0 0 -1 0 0 -1 0 0 -1 0 0 0 -1 0 0 -1 0 0 -1 0 0 -1 0 1 0 0 1 0 0 1 0 0 1 0 0 0 1 0 0 1 0 0 1 0 0 1</float_array>
          <technique_common>
            <accessor source="#geom-EidelwindRigEyeL-normals-array" count="24" stride="3">
              <param name="X" type="float"/>
              <param name="Y" type="float"/>
              <param name="Z" type="float"/>
            </accessor>
          </technique_common>
        </source>
        <vertices id="geom-EidelwindRigEyeL-vertices">
          <input semantic="POSITION" source="#geom-EidelwindRigEyeL-positions"/>
        </vertices>
        <triangles material="ColorMaterial" count="12">
          <input semantic="VERTEX" source="#geom-EidelwindRigEyeL-vertices" offset="0"/>
          <input semantic="NORMAL" source="#geom-EidelwindRigEyeL-normals" offset="1"/>
          <p>0 0 2 1 3 2 3 2 1 3 0 0 4 4 5 5 7 6 7 6 6 7 4 4 0 8 1 9 5 10 5 10 4 11 0 8 1 12 3 13 7 14 7 14 5 15 1 12 3 16 2 17 6 18 6 18 7 19 3 16 2 20 0 21 4 22 4 22 6 23 2 20</p>
        </triangles>
      </mesh>
    </geometry>
    <geometry id="geom-EidelwindRigHeadFrontBangR1" name="EidelwindRigHeadFrontBangR1">
      <mesh>
        <source id="geom-EidelwindRigHeadFrontBangR1-positions">
          <float_array id="geom-EidelwindRigHeadFrontBangR1-positions-array" count="24">0 -2.480787 2.04969 0 -2.480787 -2.04969 0 2.480787 2.04969 0 2.480787 -2.04969 11.63695 -2.480787 2.04969 11.63695 -2.480787 -2.04969 11.63695 2.480787 2.04969 11.63695 2.480787 -2.04969</float_array>
          <technique_common>
            <accessor source="#geom-EidelwindRigHeadFrontBangR1-positions-array" count="8" stride="3">
              <param name="X" type="float"/>
              <param name="Y" type="float"/>
              <param name="Z" type="float"/>
            </accessor>
          </technique_common>
        </source>
        <source id="geom-EidelwindRigHeadFrontBangR1-normals">
          <float_array id="geom-EidelwindRigHeadFrontBangR1-normals-array" count="72">-1 0 0 -1 0 0 -1 0 0 -1 0 0 1 0 0 1 0 0 1 0 0 1 0 0 0 -1 0 0 -1 0 0 -1 0 0 -1 0 0 0 -1 0 0 -1 0 0 -1 0 0 -1 0 1 0 0 1 0 0 1 0 0 1 0 0 0 1 0 0 1 0 0 1 0 0 1</float_array>
          <technique_common>
            <accessor source="#geom-EidelwindRigHeadFrontBangR1-normals-array" count="24" stride="3">
              <param name="X" type="float"/>
              <param name="Y" type="float"/>
              <param name="Z" type="float"/>
            </accessor>
          </technique_common>
        </source>
        <vertices id="geom-EidelwindRigHeadFrontBangR1-vertices">
          <input semantic="POSITION" source="#geom-EidelwindRigHeadFrontBangR1-positions"/>
        </vertices>
        <triangles material="ColorMaterial" count="12">
          <input semantic="VERTEX" source="#geom-EidelwindRigHeadFrontBangR1-vertices" offset="0"/>
          <input semantic="NORMAL" source="#geom-EidelwindRigHeadFrontBangR1-normals" offset="1"/>
          <p>0 0 2 1 3 2 3 2 1 3 0 0 4 4 5 5 7 6 7 6 6 7 4 4 0 8 1 9 5 10 5 10 4 11 0 8 1 12 3 13 7 14 7 14 5 15 1 12 3 16 2 17 6 18 6 18 7 19 3 16 2 20 0 21 4 22 4 22 6 23 2 20</p>
        </triangles>
      </mesh>
    </geometry>
    <geometry id="geom-EidelwindRigHeadFrontBangR2" name="EidelwindRigHeadFrontBangR2">
      <mesh>
        <source id="geom-EidelwindRigHeadFrontBangR2-positions">
          <float_array id="geom-EidelwindRigHeadFrontBangR2-positions-array" count="24">0 -2.480787 2.04969 0 -2.480787 -2.04969 0 2.480787 2.04969 0 2.480787 -2.04969 11.63695 -2.480787 2.04969 11.63695 -2.480787 -2.04969 11.63695 2.480787 2.04969 11.63695 2.480787 -2.04969</float_array>
          <technique_common>
            <accessor source="#geom-EidelwindRigHeadFrontBangR2-positions-array" count="8" stride="3">
              <param name="X" type="float"/>
              <param name="Y" type="float"/>
              <param name="Z" type="float"/>
            </accessor>
          </technique_common>
        </source>
        <source id="geom-EidelwindRigHeadFrontBangR2-normals">
          <float_array id="geom-EidelwindRigHeadFrontBangR2-normals-array" count="72">-1 0 0 -1 0 0 -1 0 0 -1 0 0 1 0 0 1 0 0 1 0 0 1 0 0 0 -1 0 0 -1 0 0 -1 0 0 -1 0 0 0 -1 0 0 -1 0 0 -1 0 0 -1 0 1 0 0 1 0 0 1 0 0 1 0 0 0 1 0 0 1 0 0 1 0 0 1</float_array>
          <technique_common>
            <accessor source="#geom-EidelwindRigHeadFrontBangR2-normals-array" count="24" stride="3">
              <param name="X" type="float"/>
              <param name="Y" type="float"/>
              <param name="Z" type="float"/>
            </accessor>
          </technique_common>
        </source>
        <vertices id="geom-EidelwindRigHeadFrontBangR2-vertices">
          <input semantic="POSITION" source="#geom-EidelwindRigHeadFrontBangR2-positions"/>
        </vertices>
        <triangles material="ColorMaterial" count="12">
          <input semantic="VERTEX" source="#geom-EidelwindRigHeadFrontBangR2-vertices" offset="0"/>
          <input semantic="NORMAL" source="#geom-EidelwindRigHeadFrontBangR2-normals" offset="1"/>
          <p>0 0 2 1 3 2 3 2 1 3 0 0 4 4 5 5 7 6 7 6 6 7 4 4 0 8 1 9 5 10 5 10 4 11 0 8 1 12 3 13 7 14 7 14 5 15 1 12 3 16 2 17 6 18 6 18 7 19 3 16 2 20 0 21 4 22 4 22 6 23 2 20</p>
        </triangles>
      </mesh>
    </geometry>
    <geometry id="geom-EidelwindRigHeadFrontBangR3" name="EidelwindRigHeadFrontBangR3">
      <mesh>
        <source id="geom-EidelwindRigHeadFrontBangR3-positions">
          <float_array id="geom-EidelwindRigHeadFrontBangR3-positions-array" count="24">0 -2.480787 2.04969 0 -2.480787 -2.04969 0 2.480787 2.04969 0 2.480787 -2.04969 11.63695 -2.480787 2.04969 11.63695 -2.480787 -2.04969 11.63695 2.480787 2.04969 11.63695 2.480787 -2.04969</float_array>
          <technique_common>
            <accessor source="#geom-EidelwindRigHeadFrontBangR3-positions-array" count="8" stride="3">
              <param name="X" type="float"/>
              <param name="Y" type="float"/>
              <param name="Z" type="float"/>
            </accessor>
          </technique_common>
        </source>
        <source id="geom-EidelwindRigHeadFrontBangR3-normals">
          <float_array id="geom-EidelwindRigHeadFrontBangR3-normals-array" count="72">-1 0 0 -1 0 0 -1 0 0 -1 0 0 1 0 0 1 0 0 1 0 0 1 0 0 0 -1 0 0 -1 0 0 -1 0 0 -1 0 0 0 -1 0 0 -1 0 0 -1 0 0 -1 0 1 0 0 1 0 0 1 0 0 1 0 0 0 1 0 0 1 0 0 1 0 0 1</float_array>
          <technique_common>
            <accessor source="#geom-EidelwindRigHeadFrontBangR3-normals-array" count="24" stride="3">
              <param name="X" type="float"/>
              <param name="Y" type="float"/>
              <param name="Z" type="float"/>
            </accessor>
          </technique_common>
        </source>
        <vertices id="geom-EidelwindRigHeadFrontBangR3-vertices">
          <input semantic="POSITION" source="#geom-EidelwindRigHeadFrontBangR3-positions"/>
        </vertices>
        <triangles material="ColorMaterial" count="12">
          <input semantic="VERTEX" source="#geom-EidelwindRigHeadFrontBangR3-vertices" offset="0"/>
          <input semantic="NORMAL" source="#geom-EidelwindRigHeadFrontBangR3-normals" offset="1"/>
          <p>0 0 2 1 3 2 3 2 1 3 0 0 4 4 5 5 7 6 7 6 6 7 4 4 0 8 1 9 5 10 5 10 4 11 0 8 1 12 3 13 7 14 7 14 5 15 1 12 3 16 2 17 6 18 6 18 7 19 3 16 2 20 0 21 4 22 4 22 6 23 2 20</p>
        </triangles>
      </mesh>
    </geometry>
    <geometry id="geom-EidelwindRigHeadFrontBangL1" name="EidelwindRigHeadFrontBangL1">
      <mesh>
        <source id="geom-EidelwindRigHeadFrontBangL1-positions">
          <float_array id="geom-EidelwindRigHeadFrontBangL1-positions-array" count="24">0 -2.480787 2.04969 0 -2.480787 -2.04969 0 2.480787 2.04969 0 2.480787 -2.04969 11.63695 -2.480787 2.04969 11.63695 -2.480787 -2.04969 11.63695 2.480787 2.04969 11.63695 2.480787 -2.04969</float_array>
          <technique_common>
            <accessor source="#geom-EidelwindRigHeadFrontBangL1-positions-array" count="8" stride="3">
              <param name="X" type="float"/>
              <param name="Y" type="float"/>
              <param name="Z" type="float"/>
            </accessor>
          </technique_common>
        </source>
        <source id="geom-EidelwindRigHeadFrontBangL1-normals">
          <float_array id="geom-EidelwindRigHeadFrontBangL1-normals-array" count="72">-1 0 0 -1 0 0 -1 0 0 -1 0 0 1 0 0 1 0 0 1 0 0 1 0 0 0 -1 0 0 -1 0 0 -1 0 0 -1 0 0 0 -1 0 0 -1 0 0 -1 0 0 -1 0 1 0 0 1 0 0 1 0 0 1 0 0 0 1 0 0 1 0 0 1 0 0 1</float_array>
          <technique_common>
            <accessor source="#geom-EidelwindRigHeadFrontBangL1-normals-array" count="24" stride="3">
              <param name="X" type="float"/>
              <param name="Y" type="float"/>
              <param name="Z" type="float"/>
            </accessor>
          </technique_common>
        </source>
        <vertices id="geom-EidelwindRigHeadFrontBangL1-vertices">
          <input semantic="POSITION" source="#geom-EidelwindRigHeadFrontBangL1-positions"/>
        </vertices>
        <triangles material="ColorMaterial" count="12">
          <input semantic="VERTEX" source="#geom-EidelwindRigHeadFrontBangL1-vertices" offset="0"/>
          <input semantic="NORMAL" source="#geom-EidelwindRigHeadFrontBangL1-normals" offset="1"/>
          <p>0 0 2 1 3 2 3 2 1 3 0 0 4 4 5 5 7 6 7 6 6 7 4 4 0 8 1 9 5 10 5 10 4 11 0 8 1 12 3 13 7 14 7 14 5 15 1 12 3 16 2 17 6 18 6 18 7 19 3 16 2 20 0 21 4 22 4 22 6 23 2 20</p>
        </triangles>
      </mesh>
    </geometry>
    <geometry id="geom-EidelwindRigHeadFrontBangL2" name="EidelwindRigHeadFrontBangL2">
      <mesh>
        <source id="geom-EidelwindRigHeadFrontBangL2-positions">
          <float_array id="geom-EidelwindRigHeadFrontBangL2-positions-array" count="24">0 -2.480787 2.04969 0 -2.480787 -2.04969 0 2.480787 2.04969 0 2.480787 -2.04969 11.63695 -2.480787 2.04969 11.63695 -2.480787 -2.04969 11.63695 2.480787 2.04969 11.63695 2.480787 -2.04969</float_array>
          <technique_common>
            <accessor source="#geom-EidelwindRigHeadFrontBangL2-positions-array" count="8" stride="3">
              <param name="X" type="float"/>
              <param name="Y" type="float"/>
              <param name="Z" type="float"/>
            </accessor>
          </technique_common>
        </source>
        <source id="geom-EidelwindRigHeadFrontBangL2-normals">
          <float_array id="geom-EidelwindRigHeadFrontBangL2-normals-array" count="72">-1 0 0 -1 0 0 -1 0 0 -1 0 0 1 0 0 1 0 0 1 0 0 1 0 0 0 -1 0 0 -1 0 0 -1 0 0 -1 0 0 0 -1 0 0 -1 0 0 -1 0 0 -1 0 1 0 0 1 0 0 1 0 0 1 0 0 0 1 0 0 1 0 0 1 0 0 1</float_array>
          <technique_common>
            <accessor source="#geom-EidelwindRigHeadFrontBangL2-normals-array" count="24" stride="3">
              <param name="X" type="float"/>
              <param name="Y" type="float"/>
              <param name="Z" type="float"/>
            </accessor>
          </technique_common>
        </source>
        <vertices id="geom-EidelwindRigHeadFrontBangL2-vertices">
          <input semantic="POSITION" source="#geom-EidelwindRigHeadFrontBangL2-positions"/>
        </vertices>
        <triangles material="ColorMaterial" count="12">
          <input semantic="VERTEX" source="#geom-EidelwindRigHeadFrontBangL2-vertices" offset="0"/>
          <input semantic="NORMAL" source="#geom-EidelwindRigHeadFrontBangL2-normals" offset="1"/>
          <p>0 0 2 1 3 2 3 2 1 3 0 0 4 4 5 5 7 6 7 6 6 7 4 4 0 8 1 9 5 10 5 10 4 11 0 8 1 12 3 13 7 14 7 14 5 15 1 12 3 16 2 17 6 18 6 18 7 19 3 16 2 20 0 21 4 22 4 22 6 23 2 20</p>
        </triangles>
      </mesh>
    </geometry>
    <geometry id="geom-EidelwindRigHeadFrontBangL3" name="EidelwindRigHeadFrontBangL3">
      <mesh>
        <source id="geom-EidelwindRigHeadFrontBangL3-positions">
          <float_array id="geom-EidelwindRigHeadFrontBangL3-positions-array" count="24">0 -2.480787 2.04969 0 -2.480787 -2.04969 0 2.480787 2.04969 0 2.480787 -2.04969 11.63695 -2.480787 2.04969 11.63695 -2.480787 -2.04969 11.63695 2.480787 2.04969 11.63695 2.480787 -2.04969</float_array>
          <technique_common>
            <accessor source="#geom-EidelwindRigHeadFrontBangL3-positions-array" count="8" stride="3">
              <param name="X" type="float"/>
              <param name="Y" type="float"/>
              <param name="Z" type="float"/>
            </accessor>
          </technique_common>
        </source>
        <source id="geom-EidelwindRigHeadFrontBangL3-normals">
          <float_array id="geom-EidelwindRigHeadFrontBangL3-normals-array" count="72">-1 0 0 -1 0 0 -1 0 0 -1 0 0 1 0 0 1 0 0 1 0 0 1 0 0 0 -1 0 0 -1 0 0 -1 0 0 -1 0 0 0 -1 0 0 -1 0 0 -1 0 0 -1 0 1 0 0 1 0 0 1 0 0 1 0 0 0 1 0 0 1 0 0 1 0 0 1</float_array>
          <technique_common>
            <accessor source="#geom-EidelwindRigHeadFrontBangL3-normals-array" count="24" stride="3">
              <param name="X" type="float"/>
              <param name="Y" type="float"/>
              <param name="Z" type="float"/>
            </accessor>
          </technique_common>
        </source>
        <vertices id="geom-EidelwindRigHeadFrontBangL3-vertices">
          <input semantic="POSITION" source="#geom-EidelwindRigHeadFrontBangL3-positions"/>
        </vertices>
        <triangles material="ColorMaterial" count="12">
          <input semantic="VERTEX" source="#geom-EidelwindRigHeadFrontBangL3-vertices" offset="0"/>
          <input semantic="NORMAL" source="#geom-EidelwindRigHeadFrontBangL3-normals" offset="1"/>
          <p>0 0 2 1 3 2 3 2 1 3 0 0 4 4 5 5 7 6 7 6 6 7 4 4 0 8 1 9 5 10 5 10 4 11 0 8 1 12 3 13 7 14 7 14 5 15 1 12 3 16 2 17 6 18 6 18 7 19 3 16 2 20 0 21 4 22 4 22 6 23 2 20</p>
        </triangles>
      </mesh>
    </geometry>
    <geometry id="geom-EidelwindRigArmLCollarbone" name="EidelwindRigArmLCollarbone">
      <mesh>
        <source id="geom-EidelwindRigArmLCollarbone-positions">
          <float_array id="geom-EidelwindRigArmLCollarbone-positions-array" count="24">0 -1.471149 1.619917 0 -1.471149 -1.619917 0 1.471149 1.619917 0 1.471149 -1.619917 5.136454 -1.471149 1.619917 5.136454 -1.471149 -1.619917 5.136454 1.471149 1.619917 5.136454 1.471149 -1.619917</float_array>
          <technique_common>
            <accessor source="#geom-EidelwindRigArmLCollarbone-positions-array" count="8" stride="3">
              <param name="X" type="float"/>
              <param name="Y" type="float"/>
              <param name="Z" type="float"/>
            </accessor>
          </technique_common>
        </source>
        <source id="geom-EidelwindRigArmLCollarbone-normals">
          <float_array id="geom-EidelwindRigArmLCollarbone-normals-array" count="72">-1 0 0 -1 0 0 -1 0 0 -1 0 0 1 0 0 1 0 0 1 0 0 1 0 0 0 -0.9999999 0 0 -1 0 0 -0.9999999 0 0 -1 0 0 0 -0.9999999 0 0 -1 0 0 -0.9999999 0 0 -1 0 0.9999999 0 0 1 0 0 0.9999999 0 0 1 0 0 0 0.9999999 0 0 1 0 0 0.9999999 0 0 1</float_array>
          <technique_common>
            <accessor source="#geom-EidelwindRigArmLCollarbone-normals-array" count="24" stride="3">
              <param name="X" type="float"/>
              <param name="Y" type="float"/>
              <param name="Z" type="float"/>
            </accessor>
          </technique_common>
        </source>
        <vertices id="geom-EidelwindRigArmLCollarbone-vertices">
          <input semantic="POSITION" source="#geom-EidelwindRigArmLCollarbone-positions"/>
        </vertices>
        <triangles material="ColorMaterial" count="12">
          <input semantic="VERTEX" source="#geom-EidelwindRigArmLCollarbone-vertices" offset="0"/>
          <input semantic="NORMAL" source="#geom-EidelwindRigArmLCollarbone-normals" offset="1"/>
          <p>0 0 2 1 3 2 3 2 1 3 0 0 4 4 5 5 7 6 7 6 6 7 4 4 0 8 1 9 5 10 5 10 4 11 0 8 1 12 3 13 7 14 7 14 5 15 1 12 3 16 2 17 6 18 6 18 7 19 3 16 2 20 0 21 4 22 4 22 6 23 2 20</p>
        </triangles>
      </mesh>
    </geometry>
    <geometry id="geom-EidelwindRigArmL1" name="EidelwindRigArmL1">
      <mesh>
        <source id="geom-EidelwindRigArmL1-positions">
          <float_array id="geom-EidelwindRigArmL1-positions-array" count="24">0 -3.302647 3.900693 0 -3.302647 -3.900693 0 3.302647 3.900693 0 3.302647 -3.900693 13.02648 -3.302647 3.900693 13.02648 -3.302647 -3.900693 13.02648 3.302647 3.900693 13.02648 3.302647 -3.900693</float_array>
          <technique_common>
            <accessor source="#geom-EidelwindRigArmL1-positions-array" count="8" stride="3">
              <param name="X" type="float"/>
              <param name="Y" type="float"/>
              <param name="Z" type="float"/>
            </accessor>
          </technique_common>
        </source>
        <source id="geom-EidelwindRigArmL1-normals">
          <float_array id="geom-EidelwindRigArmL1-normals-array" count="72">-1 0 0 -1 0 0 -1 0 0 -1 0 0 1 0 0 1 0 0 1 0 0 1 0 0 0 -0.9999999 0 0 -1 0 0 -0.9999999 0 0 -1 0 0 0 -1 0 0 -1 0 0 -1 0 0 -1 0 0.9999999 0 0 1 0 0 0.9999999 0 0 1 0 0 0 1 0 0 1 0 0 1 0 0 1</float_array>
          <technique_common>
            <accessor source="#geom-EidelwindRigArmL1-normals-array" count="24" stride="3">
              <param name="X" type="float"/>
              <param name="Y" type="float"/>
              <param name="Z" type="float"/>
            </accessor>
          </technique_common>
        </source>
        <vertices id="geom-EidelwindRigArmL1-vertices">
          <input semantic="POSITION" source="#geom-EidelwindRigArmL1-positions"/>
        </vertices>
        <triangles material="ColorMaterial" count="12">
          <input semantic="VERTEX" source="#geom-EidelwindRigArmL1-vertices" offset="0"/>
          <input semantic="NORMAL" source="#geom-EidelwindRigArmL1-normals" offset="1"/>
          <p>0 0 2 1 3 2 3 2 1 3 0 0 4 4 5 5 7 6 7 6 6 7 4 4 0 8 1 9 5 10 5 10 4 11 0 8 1 12 3 13 7 14 7 14 5 15 1 12 3 16 2 17 6 18 6 18 7 19 3 16 2 20 0 21 4 22 4 22 6 23 2 20</p>
        </triangles>
      </mesh>
    </geometry>
    <geometry id="geom-EidelwindRigArmL2" name="EidelwindRigArmL2">
      <mesh>
        <source id="geom-EidelwindRigArmL2-positions">
          <float_array id="geom-EidelwindRigArmL2-positions-array" count="24">0 -3.421661 3.99888 0 -3.421661 -3.99888 0 3.421661 3.99888 0 3.421661 -3.99888 16.47033 -3.421661 3.99888 16.47033 -3.421661 -3.99888 16.47033 3.421661 3.99888 16.47033 3.421661 -3.99888</float_array>
          <technique_common>
            <accessor source="#geom-EidelwindRigArmL2-positions-array" count="8" stride="3">
              <param name="X" type="float"/>
              <param name="Y" type="float"/>
              <param name="Z" type="float"/>
            </accessor>
          </technique_common>
        </source>
        <source id="geom-EidelwindRigArmL2-normals">
          <float_array id="geom-EidelwindRigArmL2-normals-array" count="72">-1 0 0 -1 0 0 -1 0 0 -1 0 0 1 0 0 1 0 0 1 0 0 1 0 0 0 -1 0 0 -1 0 0 -1 0 0 -1 0 0 0 -1 0 0 -1 0 0 -1 0 0 -1 0 1 0 0 1 0 0 1 0 0 1 0 0 0 1 0 0 1 0 0 1 0 0 1</float_array>
          <technique_common>
            <accessor source="#geom-EidelwindRigArmL2-normals-array" count="24" stride="3">
              <param name="X" type="float"/>
              <param name="Y" type="float"/>
              <param name="Z" type="float"/>
            </accessor>
          </technique_common>
        </source>
        <vertices id="geom-EidelwindRigArmL2-vertices">
          <input semantic="POSITION" source="#geom-EidelwindRigArmL2-positions"/>
        </vertices>
        <triangles material="ColorMaterial" count="12">
          <input semantic="VERTEX" source="#geom-EidelwindRigArmL2-vertices" offset="0"/>
          <input semantic="NORMAL" source="#geom-EidelwindRigArmL2-normals" offset="1"/>
          <p>0 0 2 1 3 2 3 2 1 3 0 0 4 4 5 5 7 6 7 6 6 7 4 4 0 8 1 9 5 10 5 10 4 11 0 8 1 12 3 13 7 14 7 14 5 15 1 12 3 16 2 17 6 18 6 18 7 19 3 16 2 20 0 21 4 22 4 22 6 23 2 20</p>
        </triangles>
      </mesh>
    </geometry>
    <geometry id="geom-EidelwindRigArmLPalm" name="EidelwindRigArmLPalm">
      <mesh>
        <source id="geom-EidelwindRigArmLPalm-positions">
          <float_array id="geom-EidelwindRigArmLPalm-positions-array" count="24">0 -2.545583 3.47125 0 -2.545583 -3.47125 0 2.545583 3.47125 0 2.545583 -3.47125 2.314167 -2.545583 3.47125 2.314167 -2.545583 -3.47125 2.314167 2.545583 3.47125 2.314167 2.545583 -3.47125</float_array>
          <technique_common>
            <accessor source="#geom-EidelwindRigArmLPalm-positions-array" count="8" stride="3">
              <param name="X" type="float"/>
              <param name="Y" type="float"/>
              <param name="Z" type="float"/>
            </accessor>
          </technique_common>
        </source>
        <source id="geom-EidelwindRigArmLPalm-normals">
          <float_array id="geom-EidelwindRigArmLPalm-normals-array" count="72">-1 0 0 -1 0 0 -1 0 0 -1 0 0 1 0 0 1 0 0 1 0 0 1 0 0 0 -1 0 0 -1 0 0 -1 0 0 -1 0 0 0 -1 0 0 -1 0 0 -1 0 0 -1 0 1 0 0 1 0 0 1 0 0 1 0 0 0 1 0 0 1 0 0 1 0 0 1</float_array>
          <technique_common>
            <accessor source="#geom-EidelwindRigArmLPalm-normals-array" count="24" stride="3">
              <param name="X" type="float"/>
              <param name="Y" type="float"/>
              <param name="Z" type="float"/>
            </accessor>
          </technique_common>
        </source>
        <vertices id="geom-EidelwindRigArmLPalm-vertices">
          <input semantic="POSITION" source="#geom-EidelwindRigArmLPalm-positions"/>
        </vertices>
        <triangles material="ColorMaterial" count="12">
          <input semantic="VERTEX" source="#geom-EidelwindRigArmLPalm-vertices" offset="0"/>
          <input semantic="NORMAL" source="#geom-EidelwindRigArmLPalm-normals" offset="1"/>
          <p>0 0 2 1 3 2 3 2 1 3 0 0 4 4 5 5 7 6 7 6 6 7 4 4 0 8 1 9 5 10 5 10 4 11 0 8 1 12 3 13 7 14 7 14 5 15 1 12 3 16 2 17 6 18 6 18 7 19 3 16 2 20 0 21 4 22 4 22 6 23 2 20</p>
        </triangles>
      </mesh>
    </geometry>
    <geometry id="geom-EidelwindRigArmLThumb1" name="EidelwindRigArmLThumb1">
      <mesh>
        <source id="geom-EidelwindRigArmLThumb1-positions">
          <float_array id="geom-EidelwindRigArmLThumb1-positions-array" count="24">0 -0.8922266 0.7471453 0 -0.8922266 -0.7471453 0 0.8922266 0.7471453 0 0.8922266 -0.7471453 2.405872 -0.8922266 0.7471453 2.405872 -0.8922266 -0.7471453 2.405872 0.8922266 0.7471453 2.405872 0.8922266 -0.7471453</float_array>
          <technique_common>
            <accessor source="#geom-EidelwindRigArmLThumb1-positions-array" count="8" stride="3">
              <param name="X" type="float"/>
              <param name="Y" type="float"/>
              <param name="Z" type="float"/>
            </accessor>
          </technique_common>
        </source>
        <source id="geom-EidelwindRigArmLThumb1-normals">
          <float_array id="geom-EidelwindRigArmLThumb1-normals-array" count="72">-0.9999999 0 0 -1 0 0 -0.9999999 0 0 -1 0 0 0.9999999 0 0 1 0 0 0.9999999 0 0 1 0 0 0 -1 0 0 -1 0 0 -1 0 0 -1 0 0 0 -1 0 0 -1 0 0 -1 0 0 -1 0 1 0 0 1 0 0 1 0 0 1 0 0 0 1 0 0 1 0 0 1 0 0 1</float_array>
          <technique_common>
            <accessor source="#geom-EidelwindRigArmLThumb1-normals-array" count="24" stride="3">
              <param name="X" type="float"/>
              <param name="Y" type="float"/>
              <param name="Z" type="float"/>
            </accessor>
          </technique_common>
        </source>
        <vertices id="geom-EidelwindRigArmLThumb1-vertices">
          <input semantic="POSITION" source="#geom-EidelwindRigArmLThumb1-positions"/>
        </vertices>
        <triangles material="ColorMaterial" count="12">
          <input semantic="VERTEX" source="#geom-EidelwindRigArmLThumb1-vertices" offset="0"/>
          <input semantic="NORMAL" source="#geom-EidelwindRigArmLThumb1-normals" offset="1"/>
          <p>0 0 2 1 3 2 3 2 1 3 0 0 4 4 5 5 7 6 7 6 6 7 4 4 0 8 1 9 5 10 5 10 4 11 0 8 1 12 3 13 7 14 7 14 5 15 1 12 3 16 2 17 6 18 6 18 7 19 3 16 2 20 0 21 4 22 4 22 6 23 2 20</p>
        </triangles>
      </mesh>
    </geometry>
    <geometry id="geom-EidelwindRigArmLDigit21" name="EidelwindRigArmLDigit21">
      <mesh>
        <source id="geom-EidelwindRigArmLDigit21-positions">
          <float_array id="geom-EidelwindRigArmLDigit21-positions-array" count="24">0 -1.781909 3.124125 0 -1.781909 -3.124125 0 1.781909 3.124125 0 1.781909 -3.124125 2.04969 -1.781909 3.124125 2.04969 -1.781909 -3.124125 2.04969 1.781909 3.124125 2.04969 1.781909 -3.124125</float_array>
          <technique_common>
            <accessor source="#geom-EidelwindRigArmLDigit21-positions-array" count="8" stride="3">
              <param name="X" type="float"/>
              <param name="Y" type="float"/>
              <param name="Z" type="float"/>
            </accessor>
          </technique_common>
        </source>
        <source id="geom-EidelwindRigArmLDigit21-normals">
          <float_array id="geom-EidelwindRigArmLDigit21-normals-array" count="72">-0.9999999 0 0 -1 0 0 -0.9999999 0 0 -1 0 0 0.9999999 0 0 1 0 0 0.9999999 0 0 1 0 0 0 -1 0 0 -1 0 0 -1 0 0 -1 0 0 0 -1 0 0 -1 0 0 -1 0 0 -1 0 1 0 0 1 0 0 1 0 0 1 0 0 0 1 0 0 1 0 0 1 0 0 1</float_array>
          <technique_common>
            <accessor source="#geom-EidelwindRigArmLDigit21-normals-array" count="24" stride="3">
              <param name="X" type="float"/>
              <param name="Y" type="float"/>
              <param name="Z" type="float"/>
            </accessor>
          </technique_common>
        </source>
        <vertices id="geom-EidelwindRigArmLDigit21-vertices">
          <input semantic="POSITION" source="#geom-EidelwindRigArmLDigit21-positions"/>
        </vertices>
        <triangles material="ColorMaterial" count="12">
          <input semantic="VERTEX" source="#geom-EidelwindRigArmLDigit21-vertices" offset="0"/>
          <input semantic="NORMAL" source="#geom-EidelwindRigArmLDigit21-normals" offset="1"/>
          <p>0 0 2 1 3 2 3 2 1 3 0 0 4 4 5 5 7 6 7 6 6 7 4 4 0 8 1 9 5 10 5 10 4 11 0 8 1 12 3 13 7 14 7 14 5 15 1 12 3 16 2 17 6 18 6 18 7 19 3 16 2 20 0 21 4 22 4 22 6 23 2 20</p>
        </triangles>
      </mesh>
    </geometry>
    <geometry id="geom-EidelwindRigArmLDigit22" name="EidelwindRigArmLDigit22">
      <mesh>
        <source id="geom-EidelwindRigArmLDigit22-positions">
          <float_array id="geom-EidelwindRigArmLDigit22-positions-array" count="24">0 -1.781909 3.124125 0 -1.781909 -3.124125 0 1.781909 3.124125 0 1.781909 -3.124125 2.04969 -1.781909 3.124125 2.04969 -1.781909 -3.124125 2.04969 1.781909 3.124125 2.04969 1.781909 -3.124125</float_array>
          <technique_common>
            <accessor source="#geom-EidelwindRigArmLDigit22-positions-array" count="8" stride="3">
              <param name="X" type="float"/>
              <param name="Y" type="float"/>
              <param name="Z" type="float"/>
            </accessor>
          </technique_common>
        </source>
        <source id="geom-EidelwindRigArmLDigit22-normals">
          <float_array id="geom-EidelwindRigArmLDigit22-normals-array" count="72">-0.9999999 0 0 -1 0 0 -0.9999999 0 0 -1 0 0 0.9999999 0 0 1 0 0 0.9999999 0 0 1 0 0 0 -1 0 0 -1 0 0 -1 0 0 -1 0 0 0 -1 0 0 -1 0 0 -1 0 0 -1 0 1 0 0 1 0 0 1 0 0 1 0 0 0 1 0 0 1 0 0 1 0 0 1</float_array>
          <technique_common>
            <accessor source="#geom-EidelwindRigArmLDigit22-normals-array" count="24" stride="3">
              <param name="X" type="float"/>
              <param name="Y" type="float"/>
              <param name="Z" type="float"/>
            </accessor>
          </technique_common>
        </source>
        <vertices id="geom-EidelwindRigArmLDigit22-vertices">
          <input semantic="POSITION" source="#geom-EidelwindRigArmLDigit22-positions"/>
        </vertices>
        <triangles material="ColorMaterial" count="12">
          <input semantic="VERTEX" source="#geom-EidelwindRigArmLDigit22-vertices" offset="0"/>
          <input semantic="NORMAL" source="#geom-EidelwindRigArmLDigit22-normals" offset="1"/>
          <p>0 0 2 1 3 2 3 2 1 3 0 0 4 4 5 5 7 6 7 6 6 7 4 4 0 8 1 9 5 10 5 10 4 11 0 8 1 12 3 13 7 14 7 14 5 15 1 12 3 16 2 17 6 18 6 18 7 19 3 16 2 20 0 21 4 22 4 22 6 23 2 20</p>
        </triangles>
      </mesh>
    </geometry>
    <geometry id="geom-EidelwindRigArmLDigit23" name="EidelwindRigArmLDigit23">
      <mesh>
        <source id="geom-EidelwindRigArmLDigit23-positions">
          <float_array id="geom-EidelwindRigArmLDigit23-positions-array" count="24">0 -1.781909 3.124125 0 -1.781909 -3.124125 0 1.781909 3.124125 0 1.781909 -3.124125 2.04969 -1.781909 3.124125 2.04969 -1.781909 -3.124125 2.04969 1.781909 3.124125 2.04969 1.781909 -3.124125</float_array>
          <technique_common>
            <accessor source="#geom-EidelwindRigArmLDigit23-positions-array" count="8" stride="3">
              <param name="X" type="float"/>
              <param name="Y" type="float"/>
              <param name="Z" type="float"/>
            </accessor>
          </technique_common>
        </source>
        <source id="geom-EidelwindRigArmLDigit23-normals">
          <float_array id="geom-EidelwindRigArmLDigit23-normals-array" count="72">-0.9999999 0 0 -1 0 0 -0.9999999 0 0 -1 0 0 0.9999999 0 0 1 0 0 0.9999999 0 0 1 0 0 0 -1 0 0 -1 0 0 -1 0 0 -1 0 0 0 -1 0 0 -1 0 0 -1 0 0 -1 0 1 0 0 1 0 0 1 0 0 1 0 0 0 1 0 0 1 0 0 1 0 0 1</float_array>
          <technique_common>
            <accessor source="#geom-EidelwindRigArmLDigit23-normals-array" count="24" stride="3">
              <param name="X" type="float"/>
              <param name="Y" type="float"/>
              <param name="Z" type="float"/>
            </accessor>
          </technique_common>
        </source>
        <vertices id="geom-EidelwindRigArmLDigit23-vertices">
          <input semantic="POSITION" source="#geom-EidelwindRigArmLDigit23-positions"/>
        </vertices>
        <triangles material="ColorMaterial" count="12">
          <input semantic="VERTEX" source="#geom-EidelwindRigArmLDigit23-vertices" offset="0"/>
          <input semantic="NORMAL" source="#geom-EidelwindRigArmLDigit23-normals" offset="1"/>
          <p>0 0 2 1 3 2 3 2 1 3 0 0 4 4 5 5 7 6 7 6 6 7 4 4 0 8 1 9 5 10 5 10 4 11 0 8 1 12 3 13 7 14 7 14 5 15 1 12 3 16 2 17 6 18 6 18 7 19 3 16 2 20 0 21 4 22 4 22 6 23 2 20</p>
        </triangles>
      </mesh>
    </geometry>
    <geometry id="geom-EidelwindRigArmLDigit24" name="EidelwindRigArmLDigit24">
      <mesh>
        <source id="geom-EidelwindRigArmLDigit24-positions">
          <float_array id="geom-EidelwindRigArmLDigit24-positions-array" count="24">0 -1.781909 3.124125 0 -1.781909 -3.124125 0 1.781909 3.124125 0 1.781909 -3.124125 1.983572 -1.781909 3.124125 1.983572 -1.781909 -3.124125 1.983572 1.781909 3.124125 1.983572 1.781909 -3.124125</float_array>
          <technique_common>
            <accessor source="#geom-EidelwindRigArmLDigit24-positions-array" count="8" stride="3">
              <param name="X" type="float"/>
              <param name="Y" type="float"/>
              <param name="Z" type="float"/>
            </accessor>
          </technique_common>
        </source>
        <source id="geom-EidelwindRigArmLDigit24-normals">
          <float_array id="geom-EidelwindRigArmLDigit24-normals-array" count="72">-0.9999999 0 0 -1 0 0 -0.9999999 0 0 -1 0 0 0.9999999 0 0 1 0 0 0.9999999 0 0 1 0 0 0 -0.9999999 0 0 -1 0 0 -0.9999999 0 0 -1 0 0 0 -1 0 0 -1 0 0 -1 0 0 -1 0 0.9999999 0 0 1 0 0 0.9999999 0 0 1 0 0 0 1 0 0 1 0 0 1 0 0 1</float_array>
          <technique_common>
            <accessor source="#geom-EidelwindRigArmLDigit24-normals-array" count="24" stride="3">
              <param name="X" type="float"/>
              <param name="Y" type="float"/>
              <param name="Z" type="float"/>
            </accessor>
          </technique_common>
        </source>
        <vertices id="geom-EidelwindRigArmLDigit24-vertices">
          <input semantic="POSITION" source="#geom-EidelwindRigArmLDigit24-positions"/>
        </vertices>
        <triangles material="ColorMaterial" count="12">
          <input semantic="VERTEX" source="#geom-EidelwindRigArmLDigit24-vertices" offset="0"/>
          <input semantic="NORMAL" source="#geom-EidelwindRigArmLDigit24-normals" offset="1"/>
          <p>0 0 2 1 3 2 3 2 1 3 0 0 4 4 5 5 7 6 7 6 6 7 4 4 0 8 1 9 5 10 5 10 4 11 0 8 1 12 3 13 7 14 7 14 5 15 1 12 3 16 2 17 6 18 6 18 7 19 3 16 2 20 0 21 4 22 4 22 6 23 2 20</p>
        </triangles>
      </mesh>
    </geometry>
    <geometry id="geom-EidelwindRigArmRCollarbone" name="EidelwindRigArmRCollarbone">
      <mesh>
        <source id="geom-EidelwindRigArmRCollarbone-positions">
          <float_array id="geom-EidelwindRigArmRCollarbone-positions-array" count="24">0 -1.471149 1.619917 0 -1.471149 -1.619917 0 1.471149 1.619917 0 1.471149 -1.619917 5.136454 -1.471149 1.619917 5.136454 -1.471149 -1.619917 5.136454 1.471149 1.619917 5.136454 1.471149 -1.619917</float_array>
          <technique_common>
            <accessor source="#geom-EidelwindRigArmRCollarbone-positions-array" count="8" stride="3">
              <param name="X" type="float"/>
              <param name="Y" type="float"/>
              <param name="Z" type="float"/>
            </accessor>
          </technique_common>
        </source>
        <source id="geom-EidelwindRigArmRCollarbone-normals">
          <float_array id="geom-EidelwindRigArmRCollarbone-normals-array" count="72">-1 0 0 -1 0 0 -1 0 0 -1 0 0 1 0 0 1 0 0 1 0 0 1 0 0 0 -0.9999999 0 0 -1 0 0 -0.9999999 0 0 -1 0 0 0 -0.9999999 0 0 -1 0 0 -0.9999999 0 0 -1 0 0.9999999 0 0 1 0 0 0.9999999 0 0 1 0 0 0 0.9999999 0 0 1 0 0 0.9999999 0 0 1</float_array>
          <technique_common>
            <accessor source="#geom-EidelwindRigArmRCollarbone-normals-array" count="24" stride="3">
              <param name="X" type="float"/>
              <param name="Y" type="float"/>
              <param name="Z" type="float"/>
            </accessor>
          </technique_common>
        </source>
        <vertices id="geom-EidelwindRigArmRCollarbone-vertices">
          <input semantic="POSITION" source="#geom-EidelwindRigArmRCollarbone-positions"/>
        </vertices>
        <triangles material="ColorMaterial" count="12">
          <input semantic="VERTEX" source="#geom-EidelwindRigArmRCollarbone-vertices" offset="0"/>
          <input semantic="NORMAL" source="#geom-EidelwindRigArmRCollarbone-normals" offset="1"/>
          <p>0 0 2 1 3 2 3 2 1 3 0 0 4 4 5 5 7 6 7 6 6 7 4 4 0 8 1 9 5 10 5 10 4 11 0 8 1 12 3 13 7 14 7 14 5 15 1 12 3 16 2 17 6 18 6 18 7 19 3 16 2 20 0 21 4 22 4 22 6 23 2 20</p>
        </triangles>
      </mesh>
    </geometry>
    <geometry id="geom-EidelwindRigArmR1" name="EidelwindRigArmR1">
      <mesh>
        <source id="geom-EidelwindRigArmR1-positions">
          <float_array id="geom-EidelwindRigArmR1-positions-array" count="24">0 -3.302647 3.900693 0 -3.302647 -3.900693 0 3.302647 3.900693 0 3.302647 -3.900693 13.02648 -3.302647 3.900693 13.02648 -3.302647 -3.900693 13.02648 3.302647 3.900693 13.02648 3.302647 -3.900693</float_array>
          <technique_common>
            <accessor source="#geom-EidelwindRigArmR1-positions-array" count="8" stride="3">
              <param name="X" type="float"/>
              <param name="Y" type="float"/>
              <param name="Z" type="float"/>
            </accessor>
          </technique_common>
        </source>
        <source id="geom-EidelwindRigArmR1-normals">
          <float_array id="geom-EidelwindRigArmR1-normals-array" count="72">-1 0 0 -1 0 0 -1 0 0 -1 0 0 1 0 0 1 0 0 1 0 0 1 0 0 0 -0.9999999 0 0 -1 0 0 -0.9999999 0 0 -1 0 0 0 -1 0 0 -1 0 0 -1 0 0 -1 0 0.9999999 0 0 1 0 0 0.9999999 0 0 1 0 0 0 1 0 0 1 0 0 1 0 0 1</float_array>
          <technique_common>
            <accessor source="#geom-EidelwindRigArmR1-normals-array" count="24" stride="3">
              <param name="X" type="float"/>
              <param name="Y" type="float"/>
              <param name="Z" type="float"/>
            </accessor>
          </technique_common>
        </source>
        <vertices id="geom-EidelwindRigArmR1-vertices">
          <input semantic="POSITION" source="#geom-EidelwindRigArmR1-positions"/>
        </vertices>
        <triangles material="ColorMaterial" count="12">
          <input semantic="VERTEX" source="#geom-EidelwindRigArmR1-vertices" offset="0"/>
          <input semantic="NORMAL" source="#geom-EidelwindRigArmR1-normals" offset="1"/>
          <p>0 0 2 1 3 2 3 2 1 3 0 0 4 4 5 5 7 6 7 6 6 7 4 4 0 8 1 9 5 10 5 10 4 11 0 8 1 12 3 13 7 14 7 14 5 15 1 12 3 16 2 17 6 18 6 18 7 19 3 16 2 20 0 21 4 22 4 22 6 23 2 20</p>
        </triangles>
      </mesh>
    </geometry>
    <geometry id="geom-EidelwindRigArmR2" name="EidelwindRigArmR2">
      <mesh>
        <source id="geom-EidelwindRigArmR2-positions">
          <float_array id="geom-EidelwindRigArmR2-positions-array" count="24">0 -3.421661 3.99888 0 -3.421661 -3.99888 0 3.421661 3.99888 0 3.421661 -3.99888 16.47033 -3.421661 3.99888 16.47033 -3.421661 -3.99888 16.47033 3.421661 3.99888 16.47033 3.421661 -3.99888</float_array>
          <technique_common>
            <accessor source="#geom-EidelwindRigArmR2-positions-array" count="8" stride="3">
              <param name="X" type="float"/>
              <param name="Y" type="float"/>
              <param name="Z" type="float"/>
            </accessor>
          </technique_common>
        </source>
        <source id="geom-EidelwindRigArmR2-normals">
          <float_array id="geom-EidelwindRigArmR2-normals-array" count="72">-1 0 0 -1 0 0 -1 0 0 -1 0 0 1 0 0 1 0 0 1 0 0 1 0 0 0 -1 0 0 -1 0 0 -1 0 0 -1 0 0 0 -1 0 0 -1 0 0 -1 0 0 -1 0 1 0 0 1 0 0 1 0 0 1 0 0 0 1 0 0 1 0 0 1 0 0 1</float_array>
          <technique_common>
            <accessor source="#geom-EidelwindRigArmR2-normals-array" count="24" stride="3">
              <param name="X" type="float"/>
              <param name="Y" type="float"/>
              <param name="Z" type="float"/>
            </accessor>
          </technique_common>
        </source>
        <vertices id="geom-EidelwindRigArmR2-vertices">
          <input semantic="POSITION" source="#geom-EidelwindRigArmR2-positions"/>
        </vertices>
        <triangles material="ColorMaterial" count="12">
          <input semantic="VERTEX" source="#geom-EidelwindRigArmR2-vertices" offset="0"/>
          <input semantic="NORMAL" source="#geom-EidelwindRigArmR2-normals" offset="1"/>
          <p>0 0 2 1 3 2 3 2 1 3 0 0 4 4 5 5 7 6 7 6 6 7 4 4 0 8 1 9 5 10 5 10 4 11 0 8 1 12 3 13 7 14 7 14 5 15 1 12 3 16 2 17 6 18 6 18 7 19 3 16 2 20 0 21 4 22 4 22 6 23 2 20</p>
        </triangles>
      </mesh>
    </geometry>
    <geometry id="geom-EidelwindRigArmRPalm" name="EidelwindRigArmRPalm">
      <mesh>
        <source id="geom-EidelwindRigArmRPalm-positions">
          <float_array id="geom-EidelwindRigArmRPalm-positions-array" count="24">0 -2.545583 3.47125 0 -2.545583 -3.47125 0 2.545583 3.47125 0 2.545583 -3.47125 2.314167 -2.545583 3.47125 2.314167 -2.545583 -3.47125 2.314167 2.545583 3.47125 2.314167 2.545583 -3.47125</float_array>
          <technique_common>
            <accessor source="#geom-EidelwindRigArmRPalm-positions-array" count="8" stride="3">
              <param name="X" type="float"/>
              <param name="Y" type="float"/>
              <param name="Z" type="float"/>
            </accessor>
          </technique_common>
        </source>
        <source id="geom-EidelwindRigArmRPalm-normals">
          <float_array id="geom-EidelwindRigArmRPalm-normals-array" count="72">-1 0 0 -1 0 0 -1 0 0 -1 0 0 1 0 0 1 0 0 1 0 0 1 0 0 0 -1 0 0 -1 0 0 -1 0 0 -1 0 0 0 -1 0 0 -1 0 0 -1 0 0 -1 0 1 0 0 1 0 0 1 0 0 1 0 0 0 1 0 0 1 0 0 1 0 0 1</float_array>
          <technique_common>
            <accessor source="#geom-EidelwindRigArmRPalm-normals-array" count="24" stride="3">
              <param name="X" type="float"/>
              <param name="Y" type="float"/>
              <param name="Z" type="float"/>
            </accessor>
          </technique_common>
        </source>
        <vertices id="geom-EidelwindRigArmRPalm-vertices">
          <input semantic="POSITION" source="#geom-EidelwindRigArmRPalm-positions"/>
        </vertices>
        <triangles material="ColorMaterial" count="12">
          <input semantic="VERTEX" source="#geom-EidelwindRigArmRPalm-vertices" offset="0"/>
          <input semantic="NORMAL" source="#geom-EidelwindRigArmRPalm-normals" offset="1"/>
          <p>0 0 2 1 3 2 3 2 1 3 0 0 4 4 5 5 7 6 7 6 6 7 4 4 0 8 1 9 5 10 5 10 4 11 0 8 1 12 3 13 7 14 7 14 5 15 1 12 3 16 2 17 6 18 6 18 7 19 3 16 2 20 0 21 4 22 4 22 6 23 2 20</p>
        </triangles>
      </mesh>
    </geometry>
    <geometry id="geom-EidelwindRigArmRThumb1" name="EidelwindRigArmRThumb1">
      <mesh>
        <source id="geom-EidelwindRigArmRThumb1-positions">
          <float_array id="geom-EidelwindRigArmRThumb1-positions-array" count="24">0 -0.8922266 0.7471453 0 -0.8922266 -0.7471453 0 0.8922266 0.7471453 0 0.8922266 -0.7471453 2.405872 -0.8922266 0.7471453 2.405872 -0.8922266 -0.7471453 2.405872 0.8922266 0.7471453 2.405872 0.8922266 -0.7471453</float_array>
          <technique_common>
            <accessor source="#geom-EidelwindRigArmRThumb1-positions-array" count="8" stride="3">
              <param name="X" type="float"/>
              <param name="Y" type="float"/>
              <param name="Z" type="float"/>
            </accessor>
          </technique_common>
        </source>
        <source id="geom-EidelwindRigArmRThumb1-normals">
          <float_array id="geom-EidelwindRigArmRThumb1-normals-array" count="72">-0.9999999 0 0 -1 0 0 -0.9999999 0 0 -1 0 0 0.9999999 0 0 1 0 0 0.9999999 0 0 1 0 0 0 -1 0 0 -1 0 0 -1 0 0 -1 0 0 0 -1 0 0 -1 0 0 -1 0 0 -1 0 1 0 0 1 0 0 1 0 0 1 0 0 0 1 0 0 1 0 0 1 0 0 1</float_array>
          <technique_common>
            <accessor source="#geom-EidelwindRigArmRThumb1-normals-array" count="24" stride="3">
              <param name="X" type="float"/>
              <param name="Y" type="float"/>
              <param name="Z" type="float"/>
            </accessor>
          </technique_common>
        </source>
        <vertices id="geom-EidelwindRigArmRThumb1-vertices">
          <input semantic="POSITION" source="#geom-EidelwindRigArmRThumb1-positions"/>
        </vertices>
        <triangles material="ColorMaterial" count="12">
          <input semantic="VERTEX" source="#geom-EidelwindRigArmRThumb1-vertices" offset="0"/>
          <input semantic="NORMAL" source="#geom-EidelwindRigArmRThumb1-normals" offset="1"/>
          <p>0 0 2 1 3 2 3 2 1 3 0 0 4 4 5 5 7 6 7 6 6 7 4 4 0 8 1 9 5 10 5 10 4 11 0 8 1 12 3 13 7 14 7 14 5 15 1 12 3 16 2 17 6 18 6 18 7 19 3 16 2 20 0 21 4 22 4 22 6 23 2 20</p>
        </triangles>
      </mesh>
    </geometry>
    <geometry id="geom-EidelwindRigArmRDigit21" name="EidelwindRigArmRDigit21">
      <mesh>
        <source id="geom-EidelwindRigArmRDigit21-positions">
          <float_array id="geom-EidelwindRigArmRDigit21-positions-array" count="24">0 -1.781909 3.124125 0 -1.781909 -3.124125 0 1.781909 3.124125 0 1.781909 -3.124125 2.04969 -1.781909 3.124125 2.04969 -1.781909 -3.124125 2.04969 1.781909 3.124125 2.04969 1.781909 -3.124125</float_array>
          <technique_common>
            <accessor source="#geom-EidelwindRigArmRDigit21-positions-array" count="8" stride="3">
              <param name="X" type="float"/>
              <param name="Y" type="float"/>
              <param name="Z" type="float"/>
            </accessor>
          </technique_common>
        </source>
        <source id="geom-EidelwindRigArmRDigit21-normals">
          <float_array id="geom-EidelwindRigArmRDigit21-normals-array" count="72">-0.9999999 0 0 -1 0 0 -0.9999999 0 0 -1 0 0 0.9999999 0 0 1 0 0 0.9999999 0 0 1 0 0 0 -1 0 0 -1 0 0 -1 0 0 -1 0 0 0 -1 0 0 -1 0 0 -1 0 0 -1 0 1 0 0 1 0 0 1 0 0 1 0 0 0 1 0 0 1 0 0 1 0 0 1</float_array>
          <technique_common>
            <accessor source="#geom-EidelwindRigArmRDigit21-normals-array" count="24" stride="3">
              <param name="X" type="float"/>
              <param name="Y" type="float"/>
              <param name="Z" type="float"/>
            </accessor>
          </technique_common>
        </source>
        <vertices id="geom-EidelwindRigArmRDigit21-vertices">
          <input semantic="POSITION" source="#geom-EidelwindRigArmRDigit21-positions"/>
        </vertices>
        <triangles material="ColorMaterial" count="12">
          <input semantic="VERTEX" source="#geom-EidelwindRigArmRDigit21-vertices" offset="0"/>
          <input semantic="NORMAL" source="#geom-EidelwindRigArmRDigit21-normals" offset="1"/>
          <p>0 0 2 1 3 2 3 2 1 3 0 0 4 4 5 5 7 6 7 6 6 7 4 4 0 8 1 9 5 10 5 10 4 11 0 8 1 12 3 13 7 14 7 14 5 15 1 12 3 16 2 17 6 18 6 18 7 19 3 16 2 20 0 21 4 22 4 22 6 23 2 20</p>
        </triangles>
      </mesh>
    </geometry>
    <geometry id="geom-EidelwindRigArmRDigit22" name="EidelwindRigArmRDigit22">
      <mesh>
        <source id="geom-EidelwindRigArmRDigit22-positions">
          <float_array id="geom-EidelwindRigArmRDigit22-positions-array" count="24">0 -1.781909 3.124125 0 -1.781909 -3.124125 0 1.781909 3.124125 0 1.781909 -3.124125 2.04969 -1.781909 3.124125 2.04969 -1.781909 -3.124125 2.04969 1.781909 3.124125 2.04969 1.781909 -3.124125</float_array>
          <technique_common>
            <accessor source="#geom-EidelwindRigArmRDigit22-positions-array" count="8" stride="3">
              <param name="X" type="float"/>
              <param name="Y" type="float"/>
              <param name="Z" type="float"/>
            </accessor>
          </technique_common>
        </source>
        <source id="geom-EidelwindRigArmRDigit22-normals">
          <float_array id="geom-EidelwindRigArmRDigit22-normals-array" count="72">-0.9999999 0 0 -1 0 0 -0.9999999 0 0 -1 0 0 0.9999999 0 0 1 0 0 0.9999999 0 0 1 0 0 0 -1 0 0 -1 0 0 -1 0 0 -1 0 0 0 -1 0 0 -1 0 0 -1 0 0 -1 0 1 0 0 1 0 0 1 0 0 1 0 0 0 1 0 0 1 0 0 1 0 0 1</float_array>
          <technique_common>
            <accessor source="#geom-EidelwindRigArmRDigit22-normals-array" count="24" stride="3">
              <param name="X" type="float"/>
              <param name="Y" type="float"/>
              <param name="Z" type="float"/>
            </accessor>
          </technique_common>
        </source>
        <vertices id="geom-EidelwindRigArmRDigit22-vertices">
          <input semantic="POSITION" source="#geom-EidelwindRigArmRDigit22-positions"/>
        </vertices>
        <triangles material="ColorMaterial" count="12">
          <input semantic="VERTEX" source="#geom-EidelwindRigArmRDigit22-vertices" offset="0"/>
          <input semantic="NORMAL" source="#geom-EidelwindRigArmRDigit22-normals" offset="1"/>
          <p>0 0 2 1 3 2 3 2 1 3 0 0 4 4 5 5 7 6 7 6 6 7 4 4 0 8 1 9 5 10 5 10 4 11 0 8 1 12 3 13 7 14 7 14 5 15 1 12 3 16 2 17 6 18 6 18 7 19 3 16 2 20 0 21 4 22 4 22 6 23 2 20</p>
        </triangles>
      </mesh>
    </geometry>
    <geometry id="geom-EidelwindRigArmRDigit23" name="EidelwindRigArmRDigit23">
      <mesh>
        <source id="geom-EidelwindRigArmRDigit23-positions">
          <float_array id="geom-EidelwindRigArmRDigit23-positions-array" count="24">0 -1.781909 3.124125 0 -1.781909 -3.124125 0 1.781909 3.124125 0 1.781909 -3.124125 2.04969 -1.781909 3.124125 2.04969 -1.781909 -3.124125 2.04969 1.781909 3.124125 2.04969 1.781909 -3.124125</float_array>
          <technique_common>
            <accessor source="#geom-EidelwindRigArmRDigit23-positions-array" count="8" stride="3">
              <param name="X" type="float"/>
              <param name="Y" type="float"/>
              <param name="Z" type="float"/>
            </accessor>
          </technique_common>
        </source>
        <source id="geom-EidelwindRigArmRDigit23-normals">
          <float_array id="geom-EidelwindRigArmRDigit23-normals-array" count="72">-0.9999999 0 0 -1 0 0 -0.9999999 0 0 -1 0 0 0.9999999 0 0 1 0 0 0.9999999 0 0 1 0 0 0 -1 0 0 -1 0 0 -1 0 0 -1 0 0 0 -1 0 0 -1 0 0 -1 0 0 -1 0 1 0 0 1 0 0 1 0 0 1 0 0 0 1 0 0 1 0 0 1 0 0 1</float_array>
          <technique_common>
            <accessor source="#geom-EidelwindRigArmRDigit23-normals-array" count="24" stride="3">
              <param name="X" type="float"/>
              <param name="Y" type="float"/>
              <param name="Z" type="float"/>
            </accessor>
          </technique_common>
        </source>
        <vertices id="geom-EidelwindRigArmRDigit23-vertices">
          <input semantic="POSITION" source="#geom-EidelwindRigArmRDigit23-positions"/>
        </vertices>
        <triangles material="ColorMaterial" count="12">
          <input semantic="VERTEX" source="#geom-EidelwindRigArmRDigit23-vertices" offset="0"/>
          <input semantic="NORMAL" source="#geom-EidelwindRigArmRDigit23-normals" offset="1"/>
          <p>0 0 2 1 3 2 3 2 1 3 0 0 4 4 5 5 7 6 7 6 6 7 4 4 0 8 1 9 5 10 5 10 4 11 0 8 1 12 3 13 7 14 7 14 5 15 1 12 3 16 2 17 6 18 6 18 7 19 3 16 2 20 0 21 4 22 4 22 6 23 2 20</p>
        </triangles>
      </mesh>
    </geometry>
    <geometry id="geom-EidelwindRigArmRDigit24" name="EidelwindRigArmRDigit24">
      <mesh>
        <source id="geom-EidelwindRigArmRDigit24-positions">
          <float_array id="geom-EidelwindRigArmRDigit24-positions-array" count="24">0 -1.781909 3.124125 0 -1.781909 -3.124125 0 1.781909 3.124125 0 1.781909 -3.124125 1.983572 -1.781909 3.124125 1.983572 -1.781909 -3.124125 1.983572 1.781909 3.124125 1.983572 1.781909 -3.124125</float_array>
          <technique_common>
            <accessor source="#geom-EidelwindRigArmRDigit24-positions-array" count="8" stride="3">
              <param name="X" type="float"/>
              <param name="Y" type="float"/>
              <param name="Z" type="float"/>
            </accessor>
          </technique_common>
        </source>
        <source id="geom-EidelwindRigArmRDigit24-normals">
          <float_array id="geom-EidelwindRigArmRDigit24-normals-array" count="72">-0.9999999 0 0 -1 0 0 -0.9999999 0 0 -1 0 0 0.9999999 0 0 1 0 0 0.9999999 0 0 1 0 0 0 -0.9999999 0 0 -1 0 0 -0.9999999 0 0 -1 0 0 0 -1 0 0 -1 0 0 -1 0 0 -1 0 0.9999999 0 0 1 0 0 0.9999999 0 0 1 0 0 0 1 0 0 1 0 0 1 0 0 1</float_array>
          <technique_common>
            <accessor source="#geom-EidelwindRigArmRDigit24-normals-array" count="24" stride="3">
              <param name="X" type="float"/>
              <param name="Y" type="float"/>
              <param name="Z" type="float"/>
            </accessor>
          </technique_common>
        </source>
        <vertices id="geom-EidelwindRigArmRDigit24-vertices">
          <input semantic="POSITION" source="#geom-EidelwindRigArmRDigit24-positions"/>
        </vertices>
        <triangles material="ColorMaterial" count="12">
          <input semantic="VERTEX" source="#geom-EidelwindRigArmRDigit24-vertices" offset="0"/>
          <input semantic="NORMAL" source="#geom-EidelwindRigArmRDigit24-normals" offset="1"/>
          <p>0 0 2 1 3 2 3 2 1 3 0 0 4 4 5 5 7 6 7 6 6 7 4 4 0 8 1 9 5 10 5 10 4 11 0 8 1 12 3 13 7 14 7 14 5 15 1 12 3 16 2 17 6 18 6 18 7 19 3 16 2 20 0 21 4 22 4 22 6 23 2 20</p>
        </triangles>
      </mesh>
    </geometry>
    <geometry id="geom-EidelwindRigLegL1" name="EidelwindRigLegL1">
      <mesh>
        <source id="geom-EidelwindRigLegL1-positions">
          <float_array id="geom-EidelwindRigLegL1-positions-array" count="24">0 -5.712686 5.565902 0 -5.712686 -5.565902 0 5.712686 5.565902 0 5.712686 -5.565902 27.95871 -5.712686 5.565902 27.95871 -5.712686 -5.565902 27.95871 5.712686 5.565902 27.95871 5.712686 -5.565902</float_array>
          <technique_common>
            <accessor source="#geom-EidelwindRigLegL1-positions-array" count="8" stride="3">
              <param name="X" type="float"/>
              <param name="Y" type="float"/>
              <param name="Z" type="float"/>
            </accessor>
          </technique_common>
        </source>
        <source id="geom-EidelwindRigLegL1-normals">
          <float_array id="geom-EidelwindRigLegL1-normals-array" count="72">-0.9999999 0 0 -1 0 0 -0.9999999 0 0 -1 0 0 0.9999999 0 0 1 0 0 0.9999999 0 0 1 0 0 0 -1 0 0 -1 0 0 -1 0 0 -1 0 0 0 -1 0 0 -1 0 0 -1 0 0 -1 0 1 0 0 1 0 0 1 0 0 1 0 0 0 1 0 0 1 0 0 1 0 0 1</float_array>
          <technique_common>
            <accessor source="#geom-EidelwindRigLegL1-normals-array" count="24" stride="3">
              <param name="X" type="float"/>
              <param name="Y" type="float"/>
              <param name="Z" type="float"/>
            </accessor>
          </technique_common>
        </source>
        <vertices id="geom-EidelwindRigLegL1-vertices">
          <input semantic="POSITION" source="#geom-EidelwindRigLegL1-positions"/>
        </vertices>
        <triangles material="ColorMaterial" count="12">
          <input semantic="VERTEX" source="#geom-EidelwindRigLegL1-vertices" offset="0"/>
          <input semantic="NORMAL" source="#geom-EidelwindRigLegL1-normals" offset="1"/>
          <p>0 0 2 1 3 2 3 2 1 3 0 0 4 4 5 5 7 6 7 6 6 7 4 4 0 8 1 9 5 10 5 10 4 11 0 8 1 12 3 13 7 14 7 14 5 15 1 12 3 16 2 17 6 18 6 18 7 19 3 16 2 20 0 21 4 22 4 22 6 23 2 20</p>
        </triangles>
      </mesh>
    </geometry>
    <geometry id="geom-EidelwindRigLegL2" name="EidelwindRigLegL2">
      <mesh>
        <source id="geom-EidelwindRigLegL2-positions">
          <float_array id="geom-EidelwindRigLegL2-positions-array" count="24">0 -5.839634 4.9986 0 -5.839634 -4.9986 0 5.839634 4.9986 0 5.839634 -4.9986 27.96788 -5.839634 4.9986 27.96788 -5.839634 -4.9986 27.96788 5.839634 4.9986 27.96788 5.839634 -4.9986</float_array>
          <technique_common>
            <accessor source="#geom-EidelwindRigLegL2-positions-array" count="8" stride="3">
              <param name="X" type="float"/>
              <param name="Y" type="float"/>
              <param name="Z" type="float"/>
            </accessor>
          </technique_common>
        </source>
        <source id="geom-EidelwindRigLegL2-normals">
          <float_array id="geom-EidelwindRigLegL2-normals-array" count="72">-1 0 0 -1 0 0 -1 0 0 -1 0 0 1 0 0 1 0 0 1 0 0 1 0 0 0 -0.9999999 0 0 -1 0 0 -0.9999999 0 0 -1 0 0 0 -1 0 0 -1 0 0 -1 0 0 -1 0 0.9999999 0 0 1 0 0 0.9999999 0 0 1 0 0 0 1 0 0 1 0 0 1 0 0 1</float_array>
          <technique_common>
            <accessor source="#geom-EidelwindRigLegL2-normals-array" count="24" stride="3">
              <param name="X" type="float"/>
              <param name="Y" type="float"/>
              <param name="Z" type="float"/>
            </accessor>
          </technique_common>
        </source>
        <vertices id="geom-EidelwindRigLegL2-vertices">
          <input semantic="POSITION" source="#geom-EidelwindRigLegL2-positions"/>
        </vertices>
        <triangles material="ColorMaterial" count="12">
          <input semantic="VERTEX" source="#geom-EidelwindRigLegL2-vertices" offset="0"/>
          <input semantic="NORMAL" source="#geom-EidelwindRigLegL2-normals" offset="1"/>
          <p>0 0 2 1 3 2 3 2 1 3 0 0 4 4 5 5 7 6 7 6 6 7 4 4 0 8 1 9 5 10 5 10 4 11 0 8 1 12 3 13 7 14 7 14 5 15 1 12 3 16 2 17 6 18 6 18 7 19 3 16 2 20 0 21 4 22 4 22 6 23 2 20</p>
        </triangles>
      </mesh>
    </geometry>
    <geometry id="geom-EidelwindRigLegLAnkle" name="EidelwindRigLegLAnkle">
      <mesh>
        <source id="geom-EidelwindRigLegLAnkle-positions">
          <float_array id="geom-EidelwindRigLegLAnkle-positions-array" count="24">0 -6.000304 4.694453 0 -6.000304 -4.694453 0 6.000304 4.694453 0 6.000304 -4.694453 10.44681 -6.000304 4.694453 10.44681 -6.000304 -4.694453 10.44681 6.000304 4.694453 10.44681 6.000304 -4.694453</float_array>
          <technique_common>
            <accessor source="#geom-EidelwindRigLegLAnkle-positions-array" count="8" stride="3">
              <param name="X" type="float"/>
              <param name="Y" type="float"/>
              <param name="Z" type="float"/>
            </accessor>
          </technique_common>
        </source>
        <source id="geom-EidelwindRigLegLAnkle-normals">
          <float_array id="geom-EidelwindRigLegLAnkle-normals-array" count="72">-1 0 0 -1 0 0 -1 0 0 -1 0 0 1 0 0 1 0 0 1 0 0 1 0 0 0 -1 0 0 -1 0 0 -1 0 0 -1 0 0 0 -1 0 0 -1 0 0 -1 0 0 -1 0 1 0 0 1 0 0 1 0 0 1 0 0 0 1 0 0 1 0 0 1 0 0 1</float_array>
          <technique_common>
            <accessor source="#geom-EidelwindRigLegLAnkle-normals-array" count="24" stride="3">
              <param name="X" type="float"/>
              <param name="Y" type="float"/>
              <param name="Z" type="float"/>
            </accessor>
          </technique_common>
        </source>
        <vertices id="geom-EidelwindRigLegLAnkle-vertices">
          <input semantic="POSITION" source="#geom-EidelwindRigLegLAnkle-positions"/>
        </vertices>
        <triangles material="ColorMaterial" count="12">
          <input semantic="VERTEX" source="#geom-EidelwindRigLegLAnkle-vertices" offset="0"/>
          <input semantic="NORMAL" source="#geom-EidelwindRigLegLAnkle-normals" offset="1"/>
          <p>0 0 2 1 3 2 3 2 1 3 0 0 4 4 5 5 7 6 7 6 6 7 4 4 0 8 1 9 5 10 5 10 4 11 0 8 1 12 3 13 7 14 7 14 5 15 1 12 3 16 2 17 6 18 6 18 7 19 3 16 2 20 0 21 4 22 4 22 6 23 2 20</p>
        </triangles>
      </mesh>
    </geometry>
    <geometry id="geom-EidelwindRigLegLDigit11" name="EidelwindRigLegLDigit11">
      <mesh>
        <source id="geom-EidelwindRigLegLDigit11-positions">
          <float_array id="geom-EidelwindRigLegLDigit11-positions-array" count="24">0 -1.978613 4.384729 0 -1.978613 -4.384729 0 1.978613 4.384729 0 1.978613 -4.384729 9.54023 -1.978613 4.384729 9.54023 -1.978613 -4.384729 9.54023 1.978613 4.384729 9.54023 1.978613 -4.384729</float_array>
          <technique_common>
            <accessor source="#geom-EidelwindRigLegLDigit11-positions-array" count="8" stride="3">
              <param name="X" type="float"/>
              <param name="Y" type="float"/>
              <param name="Z" type="float"/>
            </accessor>
          </technique_common>
        </source>
        <source id="geom-EidelwindRigLegLDigit11-normals">
          <float_array id="geom-EidelwindRigLegLDigit11-normals-array" count="72">-1 0 0 -1 0 0 -1 0 0 -1 0 0 1 0 0 1 0 0 1 0 0 1 0 0 0 -1 0 0 -1 0 0 -1 0 0 -1 0 0 0 -1 0 0 -1 0 0 -1 0 0 -1 0 1 0 0 1 0 0 1 0 0 1 0 0 0 1 0 0 1 0 0 1 0 0 1</float_array>
          <technique_common>
            <accessor source="#geom-EidelwindRigLegLDigit11-normals-array" count="24" stride="3">
              <param name="X" type="float"/>
              <param name="Y" type="float"/>
              <param name="Z" type="float"/>
            </accessor>
          </technique_common>
        </source>
        <vertices id="geom-EidelwindRigLegLDigit11-vertices">
          <input semantic="POSITION" source="#geom-EidelwindRigLegLDigit11-positions"/>
        </vertices>
        <triangles material="ColorMaterial" count="12">
          <input semantic="VERTEX" source="#geom-EidelwindRigLegLDigit11-vertices" offset="0"/>
          <input semantic="NORMAL" source="#geom-EidelwindRigLegLDigit11-normals" offset="1"/>
          <p>0 0 2 1 3 2 3 2 1 3 0 0 4 4 5 5 7 6 7 6 6 7 4 4 0 8 1 9 5 10 5 10 4 11 0 8 1 12 3 13 7 14 7 14 5 15 1 12 3 16 2 17 6 18 6 18 7 19 3 16 2 20 0 21 4 22 4 22 6 23 2 20</p>
        </triangles>
      </mesh>
    </geometry>
    <geometry id="geom-EidelwindRigLegR1" name="EidelwindRigLegR1">
      <mesh>
        <source id="geom-EidelwindRigLegR1-positions">
          <float_array id="geom-EidelwindRigLegR1-positions-array" count="24">0 -5.712686 5.565902 0 -5.712686 -5.565902 0 5.712686 5.565902 0 5.712686 -5.565902 27.95871 -5.712686 5.565902 27.95871 -5.712686 -5.565902 27.95871 5.712686 5.565902 27.95871 5.712686 -5.565902</float_array>
          <technique_common>
            <accessor source="#geom-EidelwindRigLegR1-positions-array" count="8" stride="3">
              <param name="X" type="float"/>
              <param name="Y" type="float"/>
              <param name="Z" type="float"/>
            </accessor>
          </technique_common>
        </source>
        <source id="geom-EidelwindRigLegR1-normals">
          <float_array id="geom-EidelwindRigLegR1-normals-array" count="72">-0.9999999 0 0 -1 0 0 -0.9999999 0 0 -1 0 0 0.9999999 0 0 1 0 0 0.9999999 0 0 1 0 0 0 -1 0 0 -1 0 0 -1 0 0 -1 0 0 0 -1 0 0 -1 0 0 -1 0 0 -1 0 1 0 0 1 0 0 1 0 0 1 0 0 0 1 0 0 1 0 0 1 0 0 1</float_array>
          <technique_common>
            <accessor source="#geom-EidelwindRigLegR1-normals-array" count="24" stride="3">
              <param name="X" type="float"/>
              <param name="Y" type="float"/>
              <param name="Z" type="float"/>
            </accessor>
          </technique_common>
        </source>
        <vertices id="geom-EidelwindRigLegR1-vertices">
          <input semantic="POSITION" source="#geom-EidelwindRigLegR1-positions"/>
        </vertices>
        <triangles material="ColorMaterial" count="12">
          <input semantic="VERTEX" source="#geom-EidelwindRigLegR1-vertices" offset="0"/>
          <input semantic="NORMAL" source="#geom-EidelwindRigLegR1-normals" offset="1"/>
          <p>0 0 2 1 3 2 3 2 1 3 0 0 4 4 5 5 7 6 7 6 6 7 4 4 0 8 1 9 5 10 5 10 4 11 0 8 1 12 3 13 7 14 7 14 5 15 1 12 3 16 2 17 6 18 6 18 7 19 3 16 2 20 0 21 4 22 4 22 6 23 2 20</p>
        </triangles>
      </mesh>
    </geometry>
    <geometry id="geom-EidelwindRigLegR2" name="EidelwindRigLegR2">
      <mesh>
        <source id="geom-EidelwindRigLegR2-positions">
          <float_array id="geom-EidelwindRigLegR2-positions-array" count="24">0 -5.839634 4.9986 0 -5.839634 -4.9986 0 5.839634 4.9986 0 5.839634 -4.9986 27.96788 -5.839634 4.9986 27.96788 -5.839634 -4.9986 27.96788 5.839634 4.9986 27.96788 5.839634 -4.9986</float_array>
          <technique_common>
            <accessor source="#geom-EidelwindRigLegR2-positions-array" count="8" stride="3">
              <param name="X" type="float"/>
              <param name="Y" type="float"/>
              <param name="Z" type="float"/>
            </accessor>
          </technique_common>
        </source>
        <source id="geom-EidelwindRigLegR2-normals">
          <float_array id="geom-EidelwindRigLegR2-normals-array" count="72">-1 0 0 -1 0 0 -1 0 0 -1 0 0 1 0 0 1 0 0 1 0 0 1 0 0 0 -0.9999999 0 0 -1 0 0 -0.9999999 0 0 -1 0 0 0 -1 0 0 -1 0 0 -1 0 0 -1 0 0.9999999 0 0 1 0 0 0.9999999 0 0 1 0 0 0 1 0 0 1 0 0 1 0 0 1</float_array>
          <technique_common>
            <accessor source="#geom-EidelwindRigLegR2-normals-array" count="24" stride="3">
              <param name="X" type="float"/>
              <param name="Y" type="float"/>
              <param name="Z" type="float"/>
            </accessor>
          </technique_common>
        </source>
        <vertices id="geom-EidelwindRigLegR2-vertices">
          <input semantic="POSITION" source="#geom-EidelwindRigLegR2-positions"/>
        </vertices>
        <triangles material="ColorMaterial" count="12">
          <input semantic="VERTEX" source="#geom-EidelwindRigLegR2-vertices" offset="0"/>
          <input semantic="NORMAL" source="#geom-EidelwindRigLegR2-normals" offset="1"/>
          <p>0 0 2 1 3 2 3 2 1 3 0 0 4 4 5 5 7 6 7 6 6 7 4 4 0 8 1 9 5 10 5 10 4 11 0 8 1 12 3 13 7 14 7 14 5 15 1 12 3 16 2 17 6 18 6 18 7 19 3 16 2 20 0 21 4 22 4 22 6 23 2 20</p>
        </triangles>
      </mesh>
    </geometry>
    <geometry id="geom-EidelwindRigLegRAnkle" name="EidelwindRigLegRAnkle">
      <mesh>
        <source id="geom-EidelwindRigLegRAnkle-positions">
          <float_array id="geom-EidelwindRigLegRAnkle-positions-array" count="24">0 -6.000304 4.694453 0 -6.000304 -4.694453 0 6.000304 4.694453 0 6.000304 -4.694453 10.44681 -6.000304 4.694453 10.44681 -6.000304 -4.694453 10.44681 6.000304 4.694453 10.44681 6.000304 -4.694453</float_array>
          <technique_common>
            <accessor source="#geom-EidelwindRigLegRAnkle-positions-array" count="8" stride="3">
              <param name="X" type="float"/>
              <param name="Y" type="float"/>
              <param name="Z" type="float"/>
            </accessor>
          </technique_common>
        </source>
        <source id="geom-EidelwindRigLegRAnkle-normals">
          <float_array id="geom-EidelwindRigLegRAnkle-normals-array" count="72">-0.9999999 0 0 -1 0 0 -0.9999999 0 0 -1 0 0 0.9999999 0 0 1 0 0 0.9999999 0 0 1 0 0 0 -1 0 0 -1 0 0 -1 0 0 -1 0 0 0 -0.9999999 0 0 -1 0 0 -0.9999999 0 0 -1 0 1 0 0 1 0 0 1 0 0 1 0 0 0 0.9999999 0 0 1 0 0 0.9999999 0 0 1</float_array>
          <technique_common>
            <accessor source="#geom-EidelwindRigLegRAnkle-normals-array" count="24" stride="3">
              <param name="X" type="float"/>
              <param name="Y" type="float"/>
              <param name="Z" type="float"/>
            </accessor>
          </technique_common>
        </source>
        <vertices id="geom-EidelwindRigLegRAnkle-vertices">
          <input semantic="POSITION" source="#geom-EidelwindRigLegRAnkle-positions"/>
        </vertices>
        <triangles material="ColorMaterial" count="12">
          <input semantic="VERTEX" source="#geom-EidelwindRigLegRAnkle-vertices" offset="0"/>
          <input semantic="NORMAL" source="#geom-EidelwindRigLegRAnkle-normals" offset="1"/>
          <p>0 0 2 1 3 2 3 2 1 3 0 0 4 4 5 5 7 6 7 6 6 7 4 4 0 8 1 9 5 10 5 10 4 11 0 8 1 12 3 13 7 14 7 14 5 15 1 12 3 16 2 17 6 18 6 18 7 19 3 16 2 20 0 21 4 22 4 22 6 23 2 20</p>
        </triangles>
      </mesh>
    </geometry>
    <geometry id="geom-EidelwindRigLegRDigit11" name="EidelwindRigLegRDigit11">
      <mesh>
        <source id="geom-EidelwindRigLegRDigit11-positions">
          <float_array id="geom-EidelwindRigLegRDigit11-positions-array" count="24">0 -1.978613 4.384729 0 -1.978613 -4.384729 0 1.978613 4.384729 0 1.978613 -4.384729 9.54023 -1.978613 4.384729 9.54023 -1.978613 -4.384729 9.54023 1.978613 4.384729 9.54023 1.978613 -4.384729</float_array>
          <technique_common>
            <accessor source="#geom-EidelwindRigLegRDigit11-positions-array" count="8" stride="3">
              <param name="X" type="float"/>
              <param name="Y" type="float"/>
              <param name="Z" type="float"/>
            </accessor>
          </technique_common>
        </source>
        <source id="geom-EidelwindRigLegRDigit11-normals">
          <float_array id="geom-EidelwindRigLegRDigit11-normals-array" count="72">-1 0 0 -1 0 0 -1 0 0 -1 0 0 1 0 0 1 0 0 1 0 0 1 0 0 0 -1 0 0 -1 0 0 -1 0 0 -1 0 0 0 -1 0 0 -1 0 0 -1 0 0 -1 0 1 0 0 1 0 0 1 0 0 1 0 0 0 1 0 0 1 0 0 1 0 0 1</float_array>
          <technique_common>
            <accessor source="#geom-EidelwindRigLegRDigit11-normals-array" count="24" stride="3">
              <param name="X" type="float"/>
              <param name="Y" type="float"/>
              <param name="Z" type="float"/>
            </accessor>
          </technique_common>
        </source>
        <vertices id="geom-EidelwindRigLegRDigit11-vertices">
          <input semantic="POSITION" source="#geom-EidelwindRigLegRDigit11-positions"/>
        </vertices>
        <triangles material="ColorMaterial" count="12">
          <input semantic="VERTEX" source="#geom-EidelwindRigLegRDigit11-vertices" offset="0"/>
          <input semantic="NORMAL" source="#geom-EidelwindRigLegRDigit11-normals" offset="1"/>
          <p>0 0 2 1 3 2 3 2 1 3 0 0 4 4 5 5 7 6 7 6 6 7 4 4 0 8 1 9 5 10 5 10 4 11 0 8 1 12 3 13 7 14 7 14 5 15 1 12 3 16 2 17 6 18 6 18 7 19 3 16 2 20 0 21 4 22 4 22 6 23 2 20</p>
        </triangles>
      </mesh>
    </geometry>
    <geometry id="geom-EidelwindRigPelvisHelper" name="EidelwindRigPelvisHelper">
      <mesh>
        <source id="geom-EidelwindRigPelvisHelper-positions">
          <float_array id="geom-EidelwindRigPelvisHelper-positions-array" count="24">0 -14.54619 16.06065 0 -14.54619 -16.06065 0 14.54619 16.06065 0 14.54619 -16.06065 2.710881 -14.54619 16.06065 2.710881 -14.54619 -16.06065 2.710881 14.54619 16.06065 2.710881 14.54619 -16.06065</float_array>
          <technique_common>
            <accessor source="#geom-EidelwindRigPelvisHelper-positions-array" count="8" stride="3">
              <param name="X" type="float"/>
              <param name="Y" type="float"/>
              <param name="Z" type="float"/>
            </accessor>
          </technique_common>
        </source>
        <source id="geom-EidelwindRigPelvisHelper-normals">
          <float_array id="geom-EidelwindRigPelvisHelper-normals-array" count="72">-1 0 0 -1 0 0 -1 0 0 -1 0 0 1 0 0 1 0 0 1 0 0 1 0 0 0 -0.9999999 0 0 -1 0 0 -0.9999999 0 0 -1 0 0 0 -1 0 0 -1 0 0 -1 0 0 -1 0 0.9999999 0 0 1 0 0 0.9999999 0 0 1 0 0 0 1 0 0 1 0 0 1 0 0 1</float_array>
          <technique_common>
            <accessor source="#geom-EidelwindRigPelvisHelper-normals-array" count="24" stride="3">
              <param name="X" type="float"/>
              <param name="Y" type="float"/>
              <param name="Z" type="float"/>
            </accessor>
          </technique_common>
        </source>
        <vertices id="geom-EidelwindRigPelvisHelper-vertices">
          <input semantic="POSITION" source="#geom-EidelwindRigPelvisHelper-positions"/>
        </vertices>
        <triangles material="ColorMaterial" count="12">
          <input semantic="VERTEX" source="#geom-EidelwindRigPelvisHelper-vertices" offset="0"/>
          <input semantic="NORMAL" source="#geom-EidelwindRigPelvisHelper-normals" offset="1"/>
          <p>0 0 2 1 3 2 3 2 1 3 0 0 4 4 5 5 7 6 7 6 6 7 4 4 0 8 1 9 5 10 5 10 4 11 0 8 1 12 3 13 7 14 7 14 5 15 1 12 3 16 2 17 6 18 6 18 7 19 3 16 2 20 0 21 4 22 4 22 6 23 2 20</p>
        </triangles>
      </mesh>
    </geometry>
    <geometry id="geom-Torso" name="Torso">
      <mesh>
        <source id="geom-Torso-positions">
          <float_array id="geom-Torso-positions-array" count="6327">0.2253185 1.876181 0.09426351 0.2382394 2.457284 0.0155952 0.2261517 1.919296 -0.08608907 0.2358322 2.464704 -0.1023423 0.1795844 2.291088 -0.1102441 0.1776034 2.296083 0.06368215 0.06570899 2.788487 -0.09110563 0.06570899 2.788487 -0.01565825 0.220048 2.141321 0.0484374 0.1475042 2.120048 0.1708885 0.487314 1.146638 0.1064664 0.487314 1.146638 -0.2290982 0 1.091815 -0.3645761 0.8189587 2.446071 0.04283 0.8189587 2.446071 -0.119537 0.8189587 2.269344 -0.119537 0.8189587 2.269344 0.04282998 0.9087306 2.41966 0.018566 0.9087306 2.41966 -0.09527299 0.9087306 2.295753 -0.09527299 0.9087306 2.295753 0.01856599 0.9965594 2.402247 0.002567654 0.9965594 2.402247 -0.07927467 0.9965594 2.313167 -0.07927467 0.9965594 2.313167 0.002567656 0.08273983 2.456622 -0.1379098 0 2.302061 -0.1660133 0.08789738 2.461066 0.03244692 0.05025356 2.525679 -0.02310119 0.05025354 2.525679 -0.08447279 0 2.524091 -0.1085362 0.4828248 1.294854 0.1337297 0.4828248 1.294854 -0.235933 0.03670732 2.123937 0.183406 0.9836087 2.297986 -0.0932216 0.9836087 2.297986 0.01651459 0.9836087 2.417428 -0.0932216 0.9836087 2.417428 0.0165146 0.7700971 2.270849 0.04144719 0.7700971 2.444565 0.0414472 0.7700971 2.444566 -0.118154 0.7700971 2.270849 -0.1181541 0.2447061 2.317302 -0.09682117 0.2447061 2.317302 0.03273146 0.2978792 2.449157 -0.1010267 0.2978792 2.449157 0.01170357 6.98492e-10 1.951746 0.1508974 0 2.290537 0.111026 0 1.241287 -0.4055707 0 2.788487 -0.1268203 0 2.788487 0.016037 0.08722299 2.354786 -0.150711 0.188185 2.295863 -0.02865279 0.03227 2.476763 -0.1240715 0.09810273 2.127297 -0.1262733 0.08860523 2.048136 0.1644498 0.03227 2.476763 0.01489576 0.02600767 2.406883 0.06875368 0.2012413 2.050339 0.07193002 0.1922031 2.177789 0.1181834 0.2041593 1.559718 0.1938828 0.06453999 2.481844 -0.05348026 0.4088507 1.586455 -0.0282639 0.2290674 2.387142 -0.1222156 0.2290674 2.387142 0.04550913 0.2699499 2.478421 -0.0480537 0.8590695 2.457741 -0.0383535 0.9524831 2.279584 -0.03835351 0.8590695 2.257672 -0.0383535 0.8590695 2.357707 -0.13026 0.8590695 2.357707 0.05355299 0.9524831 2.357707 -0.1101287 0.9524831 2.357707 0.03342164 0.9524831 2.43583 -0.03835351 0.2043345 1.561891 -0.2525174 0.03153825 2.639823 -0.104086 0.08722299 2.354786 0.07381101 0.1760383 2.415853 0.04561368 0.1760384 2.415853 -0.1322957 0.08301648 2.205117 0.158859 0.02600767 2.406883 -0.1638734 0.0630765 2.639823 -0.053312 0.03153825 2.639823 -0.005089501 0.3071062 1.136065 0.2759377 0.6066275 1.188136 -0.05990294 0.3071062 1.136065 -0.3961706 0.001474884 2.130201 0.1578137 0.9953888 2.277551 -0.0383535 0.9953886 2.357707 -0.1119967 0.9953888 2.357707 0.03528964 0.9953888 2.437863 -0.03835351 0.8038571 2.357707 0.07498161 0.8038571 2.481066 -0.0383535 0.8038571 2.234349 -0.0383535 0.8038571 2.357707 -0.1516886 0.1312326 2.38477 -0.1393457 0.09156248 2.271552 -0.1407754 0.04781342 2.382528 -0.1610516 0.1902242 2.281371 -0.02062328 0.1984056 2.318683 -0.09882491 0.03407517 2.452095 -0.150452 0 2.474223 -0.1282328 0.02871631 2.524726 -0.1026451 0.0564725 2.480574 -0.1022625 0.1749826 2.137485 -0.09101136 0.1305187 1.89987 -0.1507565 0.1287117 1.876927 0.1452816 0.1599607 2.049083 0.132872 0.02362619 2.068257 0.1712386 0.03407517 2.452095 0.04479012 0.0564725 2.480574 -0.005251877 0.02871631 2.524726 -0.006530438 0 2.474222 0.01794938 0.04781342 2.382528 0.07463668 0.1966019 2.116395 0.1198031 0.2075593 2.208261 0.06339327 0.1507152 2.198681 0.1412184 0.3050172 1.115154 -0.3276301 0.5493548 1.157399 -0.06132263 0.3050172 1.115154 0.2045719 0.09035417 2.475407 -0.05912365 0.05743262 2.525996 -0.05352006 0.2047683 2.212537 -0.01888687 0.2205671 2.064431 0.01811 0.2584181 1.90238 0.0112898 0.8189587 2.357707 0.06989115 0.8038571 2.450226 0.04664784 0.2137995 2.394506 -0.1248833 0.2597293 2.455601 -0.1036751 0.2137995 2.394506 0.04568296 0.2291081 2.469076 -0.04436117 0.8189587 2.475525 -0.0383535 0.8590695 2.432733 0.03057637 0.9087306 2.440311 -0.03835351 0.8590695 2.432733 -0.1072834 0.8038571 2.450226 -0.1233548 0.8189587 2.239889 -0.0383535 0.8189587 2.357707 -0.1465981 0.9087306 2.275102 -0.03835351 0.9524831 2.299115 -0.09218486 0.9969691 2.29757 -0.0383535 0.9953888 2.29759 0.01687885 0.8590695 2.282681 -0.1072834 0.8590695 2.282681 0.03057637 0.9087306 2.357707 -0.1142462 0.9087306 2.357707 0.03753916 0.9969691 2.357707 -0.09360453 0.9969691 2.417845 -0.03835351 0.9969691 2.357707 0.01689753 0.9524831 2.416299 -0.09218486 0.9953888 2.417824 0.01687885 0.037548 2.788487 -0.1169605 0.05519194 2.639823 -0.08356801 0.1653345 2.460556 -0.1207633 0.1722345 2.475822 -0.04267517 0.1312326 2.38477 0.05752692 0.08847136 2.287933 0.1022177 0.1810364 2.461104 0.02499084 0.02222901 2.185992 0.1660694 0 2.390471 -0.1668754 0.075096 2.788487 -0.05298001 0.05519194 2.639823 -0.02369388 0.037548 2.788487 0.007785004 0.5294585 1.173883 0.1416004 0.5294585 1.173883 -0.2615081 0.3558078 1.578156 0.1049929 0.3556548 1.583457 -0.1620741 0.2771772 1.261768 0.2584748 0.5543544 1.307458 -0.05109731 0.2771772 1.261768 -0.3607008 0.08001041 2.120474 0.195636 0.9953888 2.29759 -0.09358586 0.9524831 2.299115 0.01547785 0.9953888 2.417824 -0.09358585 0.9524831 2.416299 0.01547785 0.9836087 2.27808 -0.0383535 0.9836087 2.357707 -0.111511 0.9836087 2.357707 0.03480397 0.9836087 2.437335 -0.0383535 0.8038571 2.265188 0.04664782 0.8038571 2.265188 -0.1233548 0.7700971 2.357707 0.06804741 0.7700971 2.473518 -0.03835343 0.7700971 2.241896 -0.03835343 0.7700971 2.357707 -0.1447543 0.1984056 2.318683 0.03666913 0.2597293 2.455601 0.01241796 0.2358439 2.295326 -0.02994206 0.2712927 2.38323 -0.1191142 0.2712927 2.38323 0.04240776 0.3067414 2.471133 -0.04676438 0 2.639823 0.00145925 0.210116 2.138164 -0.01060827 -0.08273984 2.456622 -0.1379098 -0.1312326 2.38477 -0.1393457 -0.087223 2.354786 -0.150711 -0.04781341 2.382528 -0.1610516 -0.1795844 2.291088 -0.1102441 -0.09156249 2.271552 -0.1407754 -0.1776034 2.296083 0.06368215 -0.1902242 2.281371 -0.02062328 -0.1881849 2.295863 -0.02865279 -0.1984055 2.318683 0.03666913 -0.1984055 2.318683 -0.09882491 -0.2447061 2.317302 -0.09682117 -0.2358439 2.295326 -0.02994206 -0.2447061 2.317302 0.03273146 -0.03407516 2.452095 -0.150452 -0.03226999 2.476763 -0.1240715 -0.0564725 2.480574 -0.1022625 0 2.444817 -0.1535095 -0.02871631 2.524726 -0.1026451 -0.05025354 2.525679 -0.08447279 2.79397e-9 1.894001 -0.1705917 0 2.138933 -0.1370372 -0.09810273 2.127297 -0.1262733 -0.1305187 1.89987 -0.1507565 -0.1749826 2.137485 -0.09101136 -0.2261517 1.919296 -0.08608907 -0.1287117 1.876927 0.1452816 -0.08860524 2.048136 0.1644498 -0.02362619 2.068257 0.1712386 -0.2253185 1.876181 0.09426352 -0.1599607 2.049083 0.132872 -0.1475042 2.120048 0.1708885 -0.08001042 2.120474 0.195636 -0.03670731 2.123937 0.183406 0 2.444817 0.0476545 -0.03407516 2.452095 0.04479012 -0.03226999 2.476763 0.01489576 -0.08789739 2.461066 0.03244692 -0.0564725 2.480574 -0.005251877 -0.05025355 2.525679 -0.02310119 -0.02871631 2.524726 -0.006530438 0 2.524091 -0.001707096 -0.04781341 2.382528 0.07463668 -0.02600766 2.406883 0.06875368 0 2.390471 0.07463408 -0.220048 2.141321 0.0484374 -0.1966019 2.116395 0.1198031 -0.2012413 2.050339 0.07193002 -0.2205671 2.064431 0.01811 -0.2584181 1.90238 0.0112898 -0.2075593 2.208261 0.06339327 -0.1922031 2.177789 0.1181834 -0.1507152 2.198681 0.1412184 9.31323e-10 1.553288 0.2245863 -0.2041593 1.559718 0.1938828 0 1.241287 0.3033305 -0.2771772 1.261768 0.2584748 -0.4828248 1.294854 0.1337297 -0.3558078 1.578156 0.1049929 -0.09035418 2.475407 -0.05912365 -0.06454001 2.481844 -0.05348026 -0.05743262 2.525996 -0.05352006 -0.2047683 2.212537 -0.01888687 -0.210116 2.138164 -0.01060827 -0.4088507 1.586455 -0.0282639 -0.5543544 1.307458 -0.05109732 -0.4828248 1.294854 -0.235933 -0.3556548 1.583457 -0.1620741 -0.7700971 2.270849 0.04144719 -0.7700971 2.357707 0.06804741 -0.7700971 2.444565 0.0414472 -0.2137994 2.394506 -0.1248833 -0.2290674 2.387142 -0.1222156 -0.2358322 2.464704 -0.1023423 -0.2597293 2.455601 -0.1036751 -0.2978792 2.449157 -0.1010267 -0.2712927 2.38323 -0.1191142 -0.2382394 2.457284 0.0155952 -0.2137994 2.394506 0.04568296 -0.2290674 2.387142 0.04550913 -0.2597293 2.455601 0.01241796 -0.2712927 2.38323 0.04240776 -0.2978792 2.449157 0.01170357 -0.2291081 2.469076 -0.04436117 -0.2699499 2.478421 -0.0480537 -0.3067414 2.471133 -0.04676438 -0.8189586 2.446071 -0.119537 -0.8189586 2.475525 -0.0383535 -0.8590694 2.457741 -0.0383535 -0.8590694 2.432733 -0.1072834 -0.8189586 2.446071 0.04283 -0.8590694 2.432733 0.03057637 -0.9087307 2.41966 0.018566 -0.9087307 2.440311 -0.03835351 -0.9087307 2.41966 -0.09527299 -0.7700971 2.473518 -0.03835343 -0.7700971 2.444566 -0.118154 -0.7700971 2.270849 -0.1181541 -0.7700971 2.241896 -0.03835343 -0.7700971 2.357707 -0.1447543 -0.9087307 2.295753 0.01856599 -0.9087307 2.275102 -0.03835351 -0.9524831 2.279584 -0.03835351 -0.9524831 2.299115 0.01547785 -0.9087307 2.295753 -0.09527299 -0.9524831 2.299115 -0.09218486 -0.9836088 2.297986 -0.0932216 -0.9836088 2.27808 -0.0383535 -0.9836088 2.297986 0.01651459 -0.8189586 2.269344 0.04282998 -0.8189586 2.239889 -0.0383535 -0.8590694 2.257672 -0.0383535 -0.8590694 2.282681 0.03057637 -0.8189586 2.269344 -0.119537 -0.8590694 2.282681 -0.1072834 -0.8189586 2.357707 -0.1465981 -0.8590694 2.357707 -0.13026 -0.9087307 2.357707 -0.1142462 -0.8189586 2.357707 0.06989115 -0.8590694 2.357707 0.05355299 -0.9087307 2.357707 0.03753916 -0.9524831 2.357707 -0.1101287 -0.9524831 2.416299 -0.09218486 -0.9836086 2.417428 -0.0932216 -0.9836086 2.357707 -0.111511 -0.9524831 2.357707 0.03342164 -0.9524831 2.416299 0.01547785 -0.9836088 2.357707 0.03480397 -0.9836088 2.417428 0.0165146 -0.9524831 2.43583 -0.03835351 -0.9836086 2.437335 -0.0383535 -0.2043345 1.561891 -0.2525174 -0.2771772 1.261769 -0.3607008 9.31323e-10 1.549319 -0.2842628 -0.03153825 2.639823 -0.104086 -0.05519195 2.639823 -0.08356801 0 2.639823 -0.1119105 -0.037548 2.788487 -0.1169605 -0.06570901 2.788487 -0.09110563 -0.1653345 2.460556 -0.1207633 -0.1722345 2.475822 -0.04267517 -0.1810364 2.461104 0.02499084 -0.1312326 2.38477 0.05752692 -0.087223 2.354786 0.07381101 -0.08847138 2.287933 0.1022177 -0.1760383 2.415853 0.04561368 -0.1760384 2.415853 -0.1322957 -0.08301649 2.205117 0.158859 -0.022229 2.185992 0.1660694 -0.02600766 2.406883 -0.1638734 -0.06307651 2.639823 -0.053312 -0.05519195 2.639823 -0.02369388 -0.07509601 2.788487 -0.05298001 -0.06570901 2.788487 -0.01565825 -0.03153825 2.639823 -0.005089501 -0.037548 2.788487 0.007785004 0 1.112172 0.3245119 -0.3071062 1.136065 0.2759377 0 1.091815 0.2412767 -0.3050172 1.115154 0.2045719 -0.487314 1.146638 0.1064664 -0.5294585 1.173883 0.1416004 -0.6066275 1.188136 -0.05990294 -0.5493548 1.157399 -0.06132263 -0.487314 1.146638 -0.2290982 -0.5294585 1.173883 -0.2615081 -0.3071062 1.136065 -0.3961706 -0.3050172 1.115154 -0.3276301 0 1.112172 -0.4449433 -0.001474884 2.130201 0.1578137 0 2.134567 0.1380533 -0.9953887 2.29759 -0.09358586 -0.9953887 2.277551 -0.0383535 -0.9965594 2.313167 -0.07927467 -0.9969691 2.29757 -0.0383535 -0.9965594 2.313167 0.002567656 -0.9953887 2.29759 0.01687885 -0.9953887 2.417824 -0.09358585 -0.9953887 2.357707 -0.1119967 -0.9965594 2.402247 -0.07927467 -0.9969691 2.357707 -0.09360453 -0.9953887 2.357707 0.03528964 -0.9969691 2.357707 0.01689753 -0.9965594 2.402247 0.002567654 -0.9953887 2.417824 0.01687885 -0.9953887 2.437863 -0.03835351 -0.9969691 2.417845 -0.03835351 -0.8038571 2.265188 0.04664782 -0.8038571 2.357707 0.07498161 -0.8038571 2.450226 0.04664784 -0.8038571 2.481066 -0.0383535 -0.8038571 2.450226 -0.1233548 -0.8038571 2.265188 -0.1233548 -0.8038571 2.234349 -0.0383535 -0.8038571 2.357707 -0.1516886 0.2017267 2.623014 0.1700157 0.2739248 2.963751 0.1515419 0.2702393 2.712919 0.1497855 0.3002151 2.712948 0.04722373 9.16029e-4 2.593787 0.08512872 0.3481 2.712948 0.1152947 0.300215 2.712948 0.1799477 0.2788761 3.124158 0.1482098 0.195058 2.369351 0.1153317 0.394812 2.398938 0.1153317 0.294935 2.384145 0.2267067 0.294935 2.384145 0.003956735 0.242122 2.288578 0.1153317 0.277907 2.267215 0.1762287 0.277907 2.267215 0.05443573 0.169986 2.162655 0.1153317 0.238454 2.164511 0.0371047 0.238454 2.164511 0.1935597 0.420628 2.064394 0.1153317 0.3141 2.192669 0.1153317 0.279755 2.061663 0.1153318 9.16029e-4 3.246015 0.2382208 0.318445 2.688108 -0.09661828 0.3637971 2.776126 -0.1815853 0.586289 2.000181 -0.3262543 0.486396 2.208324 -0.4216833 0.367181 2.147426 -0.3733703 0.622115 2.153944 -0.3490003 0.46441 2.267309 -0.2570913 0.480375 2.419487 -0.5172853 0.36328 1.885598 -0.3555533 0.351769 2.419342 -0.2124323 0.526915 2.022987 -0.2590563 0.509901 2.01681 -0.3480883 0.50825 1.940251 -0.2246143 0.39115 2.963174 0.02633573 9.16029e-4 3.330844 -0.08555527 0.39115 2.963174 -0.1954423 0.317547 3.206279 -0.08555527 9.16029e-4 3.246015 -0.4083293 0.2788761 3.124158 -0.3183183 0.349765 1.994309 -0.6765872 9.16029e-4 1.924672 -0.7271434 0.496262 2.600722 -0.2651543 9.16029e-4 2.200959 -0.8233713 9.16029e-4 2.419487 -0.6328363 9.16029e-4 2.756398 -0.7035303 0.582761 2.147571 -0.7197044 0.287909 1.994309 -0.4610213 9.16029e-4 1.830922 -0.4729194 9.16029e-4 2.651917 -0.09576228 9.16029e-4 1.994309 -0.4610213 9.16029e-4 2.419342 -0.2124323 9.16029e-4 2.147426 -0.3733703 0.500545 2.727336 -0.5656953 -0.298383 2.712948 0.04722373 -0.3462679 2.712948 0.1152947 -0.298383 2.712948 0.1799477 -0.277044 3.124158 0.1482098 -0.193226 2.369351 0.1153317 -0.39298 2.398938 0.1153317 -0.293103 2.384145 0.2267067 -0.293103 2.384145 0.003956735 -0.24029 2.288578 0.1153317 -0.276075 2.267215 0.1762287 -0.276075 2.267215 0.05443573 -0.168154 2.162655 0.1153317 -0.236622 2.164511 0.0371047 -0.236622 2.164511 0.1935597 -0.418796 2.064394 0.1153317 -0.312268 2.192669 0.1153317 -0.277923 2.061663 0.1153318 -0.316613 2.688108 -0.09661828 -0.361965 2.776126 -0.1815853 -0.5844569 2.000181 -0.3262543 -0.484564 2.208324 -0.4216833 -0.365349 2.147426 -0.3733703 -0.620283 2.153944 -0.3490003 -0.462578 2.267309 -0.2570913 -0.478543 2.419487 -0.5172853 -0.361448 1.885598 -0.3555533 -0.349937 2.419342 -0.2124323 -0.525083 2.022987 -0.2590563 -0.508069 2.01681 -0.3480883 -0.5064179 1.940251 -0.2246143 -0.3893179 2.963174 0.02633573 -0.3893179 2.963174 -0.1954423 -0.315715 3.206279 -0.08555527 -0.277044 3.124158 -0.3183183 -0.347933 1.994309 -0.6765872 -0.49443 2.600722 -0.2651543 -0.580929 2.147571 -0.7197044 -0.286077 1.994309 -0.4610213 -0.498713 2.727336 -0.5656953 1.054191 2.404731 0.0158339 1.057019 2.343247 -0.1042202 1.061979 2.334173 0.02456379 1.066354 2.281693 -0.01125383 1.169927 2.377793 -0.104339 1.140955 2.342558 -0.1120047 1.141195 2.33197 0.02560328 1.217466 2.318914 0.004132949 1.211465 2.325061 -0.08497161 0.9776479 2.396719 -0.01572469 0.9833404 2.323641 -0.07139199 0.9861062 2.324421 -0.004212085 1.054762 2.410345 -0.09937519 1.06597 2.330127 -0.0407198 1.168896 2.388004 0.02069121 0.9766361 2.388273 -0.07228197 1.006533 2.369316 0.01809067 1.008603 2.295993 -0.02813883 1.108955 2.370471 0.03936766 1.094273 2.412597 -0.01178816 1.116351 2.334157 -0.04041917 1.085628 2.364434 -0.1181708 0.9584789 2.361703 -0.04041883 1.196868 2.313437 -0.04041933 1.188232 2.344324 -0.1222418 1.195948 2.336421 0.04140318 1.076027 2.306354 -0.003578831 1.006533 2.369316 -0.09892882 1.027119 2.329739 -0.0794255 1.017983 2.413971 -0.02597283 0.9876232 2.409 -0.06497917 1.087391 2.332651 0.01277218 1.21608 2.34367 -0.04041933 1.042315 2.301173 0.0108675 1.042315 2.301173 -0.04258516 1.137804 2.402477 -0.06497949 1.08979 2.336426 -0.09361051 1.124996 2.382321 -0.1222418 1.056165 2.373412 0.03099516 1.00753 2.401564 0.007074796 0.9704925 2.363606 -0.004121955 1.017344 2.331196 0.01628489 0.9716179 2.324112 -0.03734883 1.029258 2.291441 -0.03951516 1.029258 2.291441 -0.004482497 1.099422 2.341539 0.0327188 1.157887 2.358729 0.0429298 1.109426 2.40048 0.02657871 1.052235 2.416112 -0.02964992 1.116639 2.408481 -0.03634833 1.10367 2.336236 -0.07519032 1.15036 2.328787 -0.04041929 1.101271 2.33246 -0.005647909 1.101669 2.376284 -0.1202063 1.095989 2.343805 -0.1130485 1.050334 2.371903 -0.1113248 0.9651571 2.39469 -0.04655892 0.9704925 2.363606 -0.07671583 1.192716 2.325538 -0.1007685 1.22805 2.310824 -0.04041934 1.198632 2.314803 0.0199298 1.159968 2.363667 -0.1242773 1.205325 2.345382 -0.1007684 1.214841 2.34031 0.0199298 1.07127 2.327211 5.08919e-4 1.071398 2.297918 0.009242754 1.071398 2.297918 -0.02254041 1.013544 2.338337 -0.094053 0.9999406 2.400322 -0.09044141 1.059643 2.334001 -0.08188866 1.02249 2.321302 -0.06154684 1.002803 2.411485 -0.05053291 1.179738 2.383659 -0.04655937 1.122519 2.398081 -0.1069085 -1.060147 2.334173 0.02456379 -1.054333 2.373412 0.03099517 -1.004701 2.369316 0.01809067 -1.015512 2.331196 0.01628488 -1.052359 2.40473 0.0158339 -1.005699 2.401564 0.007074796 -0.9758159 2.396719 -0.01572469 -0.9686605 2.363606 -0.004121955 -0.9842741 2.324421 -0.004212085 -0.9697859 2.324112 -0.03734883 -1.006771 2.295992 -0.02813883 -1.027426 2.291441 -0.004482497 -0.9815084 2.323641 -0.071392 -1.027426 2.291441 -0.03951516 -1.064522 2.281693 -0.01125383 -1.107123 2.370471 0.03936766 -1.107594 2.40048 0.02657871 -1.09759 2.341538 0.03271879 -1.139363 2.33197 0.02560328 -1.156055 2.358729 0.0429298 -1.167064 2.388004 0.02069122 -1.05293 2.410345 -0.09937519 -1.050404 2.416112 -0.02964992 -1.092441 2.412597 -0.01178816 -1.114807 2.408481 -0.03634833 -1.064138 2.330127 -0.0407198 -1.101838 2.336236 -0.07519032 -1.114518 2.334158 -0.04041917 -1.099439 2.33246 -0.005647909 -1.139123 2.342558 -0.1120047 -1.148528 2.328787 -0.04041929 -1.099837 2.376284 -0.1202063 -1.083796 2.364434 -0.1181708 -1.048502 2.371903 -0.1113248 -1.094157 2.343805 -0.1130485 -1.055187 2.343247 -0.1042202 -0.956647 2.361703 -0.04041883 -0.9686605 2.363606 -0.07671583 -0.963325 2.39469 -0.04655892 -0.974804 2.388273 -0.07228197 -1.195036 2.313436 -0.04041933 -1.1968 2.314803 0.0199298 -1.190884 2.325538 -0.1007685 -1.209633 2.32506 -0.08497161 -1.226218 2.310824 -0.04041934 -1.215634 2.318913 0.004132949 -1.158136 2.363667 -0.1242773 -1.1864 2.344324 -0.1222418 -1.168095 2.377793 -0.104339 -1.203493 2.345382 -0.1007684 -1.194116 2.336421 0.04140317 -1.213009 2.34031 0.01992979 -1.069438 2.327211 5.08919e-4 -1.074195 2.306354 -0.003578831 -1.069566 2.297918 -0.02254041 -1.069566 2.297918 0.009242754 -1.004701 2.369316 -0.09892882 -0.9981086 2.400322 -0.09044141 -1.011713 2.338337 -0.094053 -1.057811 2.334001 -0.08188866 -1.025287 2.329738 -0.0794255 -1.020658 2.321302 -0.06154684 -1.000971 2.411485 -0.05053291 -1.016151 2.413971 -0.02597283 -0.9857911 2.409 -0.06497917 -1.085559 2.332651 0.01277217 -1.177906 2.383659 -0.04655937 -1.214248 2.34367 -0.04041933 -1.040483 2.301173 0.0108675 -1.040483 2.301173 -0.04258516 -1.135972 2.402477 -0.06497949 -1.120687 2.39808 -0.1069085 -1.087958 2.336426 -0.0936105 -1.123164 2.382321 -0.1222418 0.303022 2.884216 0.2163751 9.1603e-4 2.884216 0.3112072 -0.30119 2.884216 0.2163668 9.16027e-4 2.966001 0.3135135 -0.2632523 2.900444 0.2284833 -0.2308249 2.926039 0.2410794 -0.1994559 2.949073 0.2544879 -0.1637916 2.965875 0.2674586 -0.1259317 2.962949 0.279601 -0.09130336 2.930427 0.2966452 -0.2632523 2.911469 0.2284833 -0.2308249 2.937064 0.2410794 -0.1994559 2.960098 0.2544879 -0.1637916 2.9769 0.2674586 -0.1259317 2.973974 0.279601 -0.09130336 2.941452 0.2966452 -0.2632523 2.900444 0.2408938 -0.2308249 2.926039 0.2534898 -0.1994559 2.949073 0.2668983 -0.1637916 2.965875 0.279869 -0.1259317 2.962949 0.2920114 -0.09130336 2.930427 0.3090556 -0.2632523 2.911469 0.2408938 -0.2308249 2.937064 0.2534898 -0.1994559 2.960098 0.2668983 -0.1637916 2.9769 0.279869 -0.1259317 2.973974 0.2920114 -0.09130336 2.941452 0.3090556 0.2624159 2.900444 0.2284833 0.2624159 2.911469 0.2284833 0.2299885 2.937064 0.2410794 0.2299885 2.926039 0.2410794 0.1986195 2.960098 0.2544879 0.1986195 2.949073 0.2544879 0.1629552 2.9769 0.2674586 0.1629552 2.965875 0.2674586 0.1250953 2.973974 0.279601 0.1250953 2.962949 0.279601 0.09046699 2.941452 0.2966452 0.09046699 2.930427 0.2966452 0.2624159 2.900444 0.2408938 0.2299885 2.926039 0.2534898 0.2299885 2.937064 0.2534898 0.2624159 2.911469 0.2408938 0.1986195 2.949073 0.2668983 0.1986195 2.960098 0.2668983 0.1629552 2.965875 0.279869 0.1629552 2.9769 0.279869 0.1250953 2.962949 0.2920114 0.1250953 2.973974 0.2920114 0.09046699 2.930427 0.3090556 0.09046699 2.941452 0.3090556 -0.1446648 2.835172 0.2121684 -0.1446648 2.903729 0.1985317 -0.1709002 2.89851 0.1985317 -0.1931414 2.883649 0.1985317 -0.2080025 2.861408 0.1985317 -0.2132211 2.835172 0.1985317 -0.2080026 2.808937 0.1985317 -0.1931414 2.786696 0.1985317 -0.1709002 2.771835 0.1985317 -0.1446648 2.766616 0.1985317 -0.1184294 2.771835 0.1985317 -0.09618812 2.786696 0.1985317 -0.08132699 2.808937 0.1985317 -0.07610846 2.835172 0.1985317 -0.08132703 2.861408 0.1985317 -0.0961882 2.883649 0.1985317 -0.1184295 2.89851 0.1985317 -0.1446648 2.961848 0.1596977 -0.1931414 2.952205 0.1596977 -0.2342379 2.924746 0.1596977 -0.2616977 2.883649 0.1596977 -0.2713403 2.835172 0.1596977 -0.2616977 2.786696 0.1596977 -0.2342379 2.745599 0.1596977 -0.1931414 2.718139 0.1596976 -0.1446648 2.708497 0.1596976 -0.09618812 2.718139 0.1596976 -0.05509162 2.745599 0.1596977 -0.02763181 2.786696 0.1596977 -0.01798925 2.835172 0.1596977 -0.02763187 2.883649 0.1596977 -0.05509172 2.924746 0.1596977 -0.09618828 2.952205 0.1596977 -0.1446648 3.000682 0.1015785 -0.2080026 2.988083 0.1015785 -0.2616977 2.952205 0.1015785 -0.2975757 2.89851 0.1015785 -0.3101743 2.835172 0.1015784 -0.2975757 2.771835 0.1015784 -0.2616978 2.718139 0.1015784 -0.2080026 2.682261 0.1015784 -0.1446648 2.669663 0.1015784 -0.08132699 2.682261 0.1015784 -0.0276318 2.718139 0.1015784 0.008246154 2.771835 0.1015784 0.0208448 2.835172 0.1015784 0.008246079 2.89851 0.1015785 -0.02763195 2.952205 0.1015785 -0.08132719 2.988083 0.1015785 -0.1446648 3.014319 0.03302215 -0.2132211 3.000682 0.03302215 -0.2713403 2.961848 0.03302214 -0.3101743 2.903729 0.03302214 -0.3238111 2.835172 0.03302212 -0.3101743 2.766616 0.0330221 -0.2713404 2.731519 0.03302209 -0.2132211 2.707928 0.03302208 -0.1446648 2.699645 0.03302208 -0.07610844 2.707928 0.03302208 -0.01798919 2.708497 0.03302208 0.02084482 2.766616 0.0330221 0.03448148 2.835172 0.03302212 0.02084474 2.903729 0.03302214 -0.01798937 2.961848 0.03302214 -0.07610866 3.000682 0.03302215 -0.1446648 3.000682 0.01113041 -0.2080026 2.988083 0.01113041 -0.2616977 2.952205 0.01113039 -0.2975757 2.89851 0.01113039 -0.3101743 2.835172 0.01113037 -0.2975757 2.771835 0.01113036 -0.2616977 2.737377 0.01113035 -0.2080026 2.715582 0.01113033 -0.1446648 2.707928 0.01113033 -0.081327 2.715582 0.01113033 -0.02763182 2.718139 0.01113035 0.008246154 2.771835 0.01113036 0.0208448 2.835173 0.01113037 0.008246079 2.89851 0.01113039 -0.02763195 2.952205 0.01113039 -0.08132719 2.988083 0.01113041 0.1438284 2.835172 0.2121684 0.1438284 2.903729 0.1985317 0.117593 2.89851 0.1985317 0.09535179 2.883649 0.1985317 0.08049065 2.861408 0.1985317 0.07527211 2.835172 0.1985317 0.08049064 2.808937 0.1985317 0.09535176 2.786696 0.1985317 0.117593 2.771835 0.1985317 0.1438284 2.766616 0.1985317 0.1700638 2.771835 0.1985317 0.1923051 2.786696 0.1985317 0.2071662 2.808937 0.1985317 0.2123847 2.835172 0.1985317 0.2071662 2.861408 0.1985317 0.192305 2.883649 0.1985317 0.1700637 2.89851 0.1985317 0.1438284 2.961848 0.1596977 0.09535177 2.952205 0.1596977 0.05425528 2.924746 0.1596977 0.02679548 2.883649 0.1596977 0.01715289 2.835172 0.1596977 0.02679546 2.786696 0.1596977 0.05425525 2.745599 0.1596977 0.09535176 2.718139 0.1596976 0.1438284 2.708497 0.1596976 0.1923051 2.718139 0.1596976 0.2334016 2.745599 0.1596977 0.2608614 2.786696 0.1596977 0.2705039 2.835172 0.1596977 0.2608613 2.883649 0.1596977 0.2334014 2.924746 0.1596977 0.1923049 2.952205 0.1596977 0.1438284 3.000682 0.1015785 0.08049063 2.988083 0.1015785 0.02679548 2.952205 0.1015785 -0.009082466 2.89851 0.1015785 -0.02168116 2.835172 0.1015784 -0.009082496 2.771835 0.1015784 0.02679544 2.718139 0.1015784 0.08049063 2.682261 0.1015784 0.1438284 2.669663 0.1015784 0.2071662 2.682261 0.1015784 0.2608614 2.718139 0.1015784 0.2967393 2.771835 0.1015784 0.309338 2.835172 0.1015784 0.2967393 2.89851 0.1015785 0.2608612 2.952205 0.1015785 0.207166 2.988083 0.1015785 0.1438284 3.014319 0.03302215 0.0752721 3.000682 0.03302215 0.01715289 2.961848 0.03302214 -0.02168116 2.903729 0.03302214 -0.03531785 2.835172 0.03302212 -0.02168117 2.766616 0.0330221 0.01715283 2.708497 0.03302208 0.07527208 2.707928 0.03302208 0.1438284 2.699645 0.03302208 0.2123847 2.707929 0.03302208 0.270504 2.731519 0.03302209 0.309338 2.766616 0.0330221 0.3229747 2.835172 0.03302212 0.3093379 2.903729 0.03302214 0.2705038 2.961848 0.03302214 0.2123845 3.000682 0.03302215 0.1438284 3.000682 0.01113041 0.08049063 2.988083 0.01113041 0.02679548 2.952205 0.01113039 -0.009082466 2.89851 0.01113039 -0.02168116 2.835172 0.01113037 -0.009082496 2.771835 0.01113036 0.02679546 2.718139 0.01113035 0.08049063 2.715582 0.01113033 0.1438284 2.707929 0.01113033 0.2071662 2.715582 0.01113033 0.2608614 2.737377 0.01113035 0.2967393 2.771835 0.01113036 0.309338 2.835173 0.01113037 0.2967393 2.89851 0.01113039 0.2608612 2.952205 0.01113039 0.207166 2.988083 0.01113041 0.09866334 2.750842 0.1994434 0.1754836 2.740148 0.1813 0.2367853 2.75212 0.1670975 0.2739686 2.763084 0.1496867 0.2739686 2.815429 0.1627548 0.1595607 2.889766 0.218474 0.09515707 2.892728 0.2282263 0.08965262 2.835506 0.2137746 0.2055833 2.86714 0.2023994 0.2389646 2.846412 0.1838931 0.1293778 2.743766 0.1929946 0.209454 2.744545 0.174856 0.1285882 2.896521 0.227307 0.2739686 2.81372 0.1627548 0.1595607 2.888057 0.218474 0.2055833 2.865431 0.2023994 0.2389646 2.844704 0.1838931 0.1285882 2.894812 0.227307 0.1005661 2.752472 0.1994434 0.1739995 2.742508 0.1829299 0.2367853 2.753614 0.1670975 0.2739686 2.764578 0.1496867 0.1328556 2.74528 0.1920324 0.209454 2.746039 0.174856 0.09713921 2.890679 0.2282263 0.09143884 2.835506 0.2137746 -4.17996e-4 2.753268 0.2226312 -4.18192e-4 2.686227 0.2799417 -0.2697414 2.712919 0.1497855 -0.2012289 2.623014 0.1700157 2.48919e-4 2.562626 0.2247967 -0.1762815 2.740148 0.1813 -0.2102904 2.744545 0.174856 -0.2376217 2.75212 0.1670975 -0.274805 2.763084 0.1496867 -0.1603971 2.889766 0.218474 -0.2734269 2.963751 0.1515419 -4.18191e-4 2.950885 0.2437613 -0.1294246 2.896521 0.227307 -0.09599346 2.892728 0.2282263 -4.18192e-4 2.961476 0.2459754 -0.09048901 2.835506 0.2137746 -0.2064197 2.86714 0.2023994 -0.2398009 2.846412 0.1838931 -0.1302134 2.743766 0.1929946 -0.09949973 2.750842 0.1994434 -0.274805 2.815429 0.1627548 -0.0979756 2.890679 0.2282263 -0.1294246 2.894812 0.227307 -0.2064197 2.865431 0.2023994 -0.2398009 2.844704 0.1838931 -0.1603971 2.888057 0.218474 -0.274805 2.81372 0.1627548 -0.1748359 2.742508 0.1829299 -0.1336919 2.74528 0.1920324 -0.2376217 2.753614 0.1670975 -0.2102904 2.746039 0.174856 -0.274805 2.764578 0.1496867 -0.1014024 2.752472 0.1994434 -0.09227522 2.835506 0.2137746 0.05668312 2.022964 -0.1425845 0.1555478 2.032502 -0.1096964 0.05966489 1.992305 0.1551471 0.1493672 1.971746 0.1322017 0.2106352 1.974294 0.07644241 0.2268908 2.004912 0.03335529 0.08438359 1.737413 0.179026 0.1259608 1.384729 0.2570122 0.3463923 1.410355 0.1819036 0.2323612 1.730948 0.1348786 0.3182468 1.740387 0.04484767 0.4723532 1.430855 0.04262847 0.4723532 1.430855 -0.1259386 0.3177471 1.753578 -0.06664567 0.232412 1.749814 -0.1625116 0.3463923 1.410355 -0.2649907 0.1259608 1.384729 -0.3398205 0.084934 1.730612 -0.2143681 0.1535389 1.163535 0.312972 0.1611228 1.102707 0.2794195 0.4271683 1.137881 0.196781 0.4222318 1.198652 0.2195912 0.5757707 1.226745 0.04724595 0.5680645 1.164266 0.0381248 0.5680645 1.164266 -0.1602775 0.5757707 1.226745 -0.1610185 0.4222318 1.198652 -0.3335284 0.4271683 1.137881 -0.3191699 0.1611228 1.102707 -0.4021797 0.1535389 1.163535 -0.4271151 0.006275269 2.07347 0.1528656 0.2170011 2.038119 -0.03002668 -0.05668312 2.022964 -0.1425845 -0.1555477 2.032502 -0.1096964 -0.05966489 1.992305 0.1551471 -0.1493672 1.971746 0.1322017 -0.2106351 1.974294 0.0764424 -0.2268908 2.004912 0.03335529 -0.08438359 1.737413 0.179026 -0.1259608 1.384729 0.2570122 -0.3463923 1.410355 0.1819036 -0.2323612 1.730948 0.1348786 -0.3182468 1.740387 0.04484767 -0.4723532 1.430855 0.04262847 -0.4723532 1.430855 -0.1259386 -0.3177471 1.753578 -0.06664567 -0.232412 1.749814 -0.1625116 -0.3463923 1.410355 -0.2649907 -0.1259608 1.384729 -0.3398205 -0.084934 1.730612 -0.2143681 -0.1535389 1.163535 0.312972 -0.1611228 1.102707 0.2794195 -0.4271683 1.137881 0.196781 -0.4222318 1.198652 0.2195912 -0.5757707 1.226745 0.04724595 -0.5680645 1.164266 0.0381248 -0.5680645 1.164266 -0.1602775 -0.5757707 1.226745 -0.1610185 -0.4222319 1.198652 -0.3335284 -0.4271683 1.137881 -0.3191699 -0.1611228 1.102707 -0.4021797 -0.1535389 1.163535 -0.4271151 -0.006275269 2.07347 0.1528656 -0.2170011 2.038119 -0.03002668 0.1097408 2.024359 -0.1308514 0.06756172 1.8948 -0.1659951 0.1920018 2.039665 -0.07684601 0.1842663 1.911885 -0.1234272 0.06761915 1.895636 0.1547683 0.1060164 1.97604 0.1480854 0.02239159 2.023721 0.1559021 0.1826578 1.873114 0.1246413 0.1856094 1.973228 0.1081145 0.2525551 1.878109 0.05556442 0.2244078 1.982378 0.04793838 0.253522 1.910554 -0.04082403 0.1615365 1.099389 -0.3545476 0.4123864 1.132154 -0.2869916 0.5334698 1.154856 -0.1504158 0.4123864 1.132154 0.1641721 0.5334698 1.154856 0.02780312 0.1615365 1.099389 0.2313175 0 1.744163 0.1836135 0.1053627 1.554742 0.2168105 0.1635698 1.729047 0.1634016 0.1430592 1.247589 0.2917073 0.2440491 1.39626 0.2281626 0.4251179 1.423167 0.1196029 0.2898239 1.568833 0.1562029 0.3934128 1.279099 0.2052699 0.2856297 1.736825 0.09488471 0.3955621 1.583759 0.04147481 0.3292676 1.744887 -0.01055497 0.536472 1.304307 0.04549131 0.4880983 1.433418 -0.04166899 0.4251179 1.423168 -0.2028294 0.3954372 1.587057 -0.09813579 0.536472 1.304307 -0.1476881 0.2850177 1.75803 -0.1188295 0.2898366 1.57355 -0.2140119 0.1642705 1.737738 -0.1951913 0.3934128 1.279099 -0.307484 0.2440491 1.39626 -0.3110963 0.1055003 1.553041 -0.2761584 0.1430592 1.247589 -0.3939432 0.15902 1.119573 0.3118587 0.2974815 1.179338 0.2770532 0.3081956 1.119046 0.2471683 0.5148537 1.15452 0.1273893 0.4333251 1.155938 0.218788 0.5181936 1.21621 0.1423881 0.5872884 1.184591 0.04556593 0.5949631 1.230257 -0.05687597 0.5860513 1.167417 -0.06107621 0.5148537 1.15452 -0.2496013 0.5872884 1.184591 -0.1653936 0.5181936 1.21621 -0.2562223 0.4333251 1.155938 -0.3388487 0.2974815 1.179338 -0.3911036 0.3081956 1.119046 -0.3697678 0 1.095161 -0.4138391 0.15902 1.119573 -0.4322296 0 1.156512 -0.43973 0.2308307 2.001857 0.007866111 1.86265e-9 2.023953 -0.1460956 -0.1097408 2.024359 -0.1308514 -0.06756172 1.8948 -0.1659951 -0.1920018 2.039665 -0.076846 -0.1842663 1.911885 -0.1234272 -0.06761914 1.895636 0.1547683 -0.1060164 1.97604 0.1480854 -0.02239159 2.023721 0.1559021 -0.1826578 1.873114 0.1246413 -0.1856094 1.973228 0.1081145 -0.2525551 1.878109 0.05556442 -0.2244078 1.982378 0.04793838 -0.2308307 2.001857 0.007866111 -0.1053627 1.554742 0.2168105 -0.1635698 1.729047 0.1634016 0 1.379604 0.2670847 -0.1430592 1.247589 0.2917073 -0.2440491 1.39626 0.2281626 -0.4251179 1.423167 0.119603 -0.2898239 1.568833 0.1562029 -0.3934128 1.279099 0.2052699 -0.2856296 1.736825 0.09488471 -0.3955621 1.583759 0.04147481 -0.3292676 1.744887 -0.01055497 -0.536472 1.304307 0.04549131 -0.4880983 1.433418 -0.04166899 -0.4251179 1.423168 -0.2028294 -0.3954372 1.587057 -0.09813579 -0.536472 1.304307 -0.1476881 -0.2850177 1.75803 -0.1188295 -0.253522 1.910554 -0.04082403 -0.2898366 1.57355 -0.2140119 -0.1642705 1.737738 -0.1951913 -0.3934128 1.279099 -0.307484 -0.2440491 1.39626 -0.3110963 0 1.379604 -0.3498372 -0.1055003 1.553041 -0.2761584 -0.1430592 1.247589 -0.3939432 1.86265e-9 1.728287 -0.2205808 0 1.156512 0.3255457 -0.15902 1.119573 0.3118587 -0.2974815 1.179338 0.2770532 0 1.095161 0.2910111 -0.1615365 1.099389 0.2313175 -0.3081956 1.119046 0.2471683 -0.5148537 1.15452 0.1273893 -0.4333251 1.155938 0.218788 -0.4123864 1.132154 0.1641721 -0.5181936 1.21621 0.1423881 -0.5872884 1.184591 0.04556593 -0.5949631 1.230257 -0.05687597 -0.5334698 1.154856 0.02780312 -0.5860513 1.167417 -0.06107621 -0.5148537 1.15452 -0.2496013 -0.5872884 1.184591 -0.1653936 -0.5334698 1.154856 -0.1504158 -0.5181936 1.21621 -0.2562223 -0.4333251 1.155938 -0.3388487 -0.2974815 1.179338 -0.3911036 -0.4123864 1.132154 -0.2869916 -0.3081956 1.119046 -0.3697678 -0.15902 1.119573 -0.4322296 -0.1615365 1.099389 -0.3545476 0 2.06059 0.1470354 0.303022 2.963319 0.2171207 -0.30119 2.963319 0.2171207 0.09934665 2.601765 0.1323492 0.1592568 2.651604 0.0644905 0.2697062 2.683473 0.1086133 0.2909816 2.732122 0.09702231 0.2368555 2.667966 0.1599006 0.2442417 2.54718 0.07333793 0.2287584 2.54718 0.1337084 9.16028e-4 2.574925 0.1540205 0.3258187 2.720826 0.1534341 0.3545088 2.55634 0.1500583 0.38028 2.55634 0.1117594 0.2362241 2.359365 0.1814398 0.2790402 2.541996 0.1955772 0.3525644 2.372208 0.1803843 0.290914 2.313935 0.2001173 0.3014525 2.233159 0.1556651 0.3588259 2.281512 0.1135289 0.2210246 2.319767 0.116274 0.2505813 2.280341 0.1578489 0.2357321 2.359365 0.04836307 0.2887325 2.313936 0.02968609 0.2505813 2.280341 0.07281502 0.3014525 2.233159 0.07499888 0.3530564 2.372208 0.04941864 0.2030944 2.223028 0.1153318 0.1934791 2.167382 0.1636682 0.2490634 2.211637 0.1869062 0.2490634 2.211637 0.04375826 0.1934791 2.167382 0.06699565 0.2773267 2.172598 0.1600613 0.2773267 2.172598 0.07060261 0.3772502 2.124522 0.1153317 0.3405224 2.106047 0.06918283 0.3622681 2.050228 0.1153318 0.3405224 2.106047 0.1614811 0.257918 2.101797 0.1624521 0.257918 2.101798 0.06821188 0.2104209 2.102381 0.1153317 0.3250931 2.548535 0.05458354 0.2833477 2.745286 0.1699039 0.2949685 2.856083 0.2011126 0.2878105 2.963319 0.1834037 0.2712765 2.838134 0.1496868 0.3763439 2.847968 0.07452066 0.3642399 2.965638 0.1219644 0.3275776 2.845905 0.1725951 0.3076963 3.180604 0.02779438 0.1704699 3.243921 0.08909465 0.1461096 3.192013 0.2143245 0.2999871 2.545036 0.2104969 0.271001 3.047844 0.2046549 9.1603e-4 3.103484 0.2862275 0.151969 2.96466 0.2693807 0.3557827 3.046943 0.08320197 0.2938583 2.545494 0.0175922 0.3252726 2.722553 0.08290179 0.5537335 2.296731 -0.437067 0.5602961 2.185658 -0.3815716 0.4999969 2.33861 -0.4721038 0.5498766 2.20744 -0.2981805 0.4971788 2.137465 -0.2476954 0.5865849 2.083717 -0.297126 0.432849 2.08439 -0.3678943 0.5170191 2.008832 -0.3003062 0.4420136 2.074569 -0.317808 0.4180633 2.188838 -0.3919804 0.4991461 2.115973 -0.387158 0.4217492 2.201076 -0.3153921 0.6167507 2.075726 -0.3438389 0.5515912 2.001703 -0.3413542 0.5766529 2.080111 -0.3490985 0.473061 2.343275 -0.3896976 0.4355182 2.695089 -0.2238037 0.5212588 2.672908 -0.4288167 0.4394248 2.746482 -0.3900741 0.4421861 2.514792 -0.2312292 0.4216287 2.342191 -0.2284299 0.4834922 2.434553 -0.2516257 0.4221612 2.654004 -0.1751382 0.344474 2.736771 -0.1309739 0.5072275 1.967073 -0.2818211 0.5171594 1.970679 -0.2298486 0.5630869 2.004007 -0.2890056 0.544702 1.957184 -0.2697558 0.3674912 3.091128 -0.03167217 0.3969033 2.967755 -0.07477219 0.361977 3.097715 -0.1280645 0.1790692 3.280102 -0.08558324 9.16029e-4 3.299969 0.0993799 0.3781786 2.873668 -0.06863351 0.3807396 2.865029 -0.1922058 0.1383332 3.201692 -0.3713717 0.1748553 3.246602 -0.2536831 0.3065675 3.189873 -0.1874006 9.16029e-4 3.299969 -0.2700454 0.3512961 3.055752 -0.2501918 0.1810557 2.104898 -0.7772698 0.1900403 1.951324 -0.7095022 9.16032e-4 2.071031 -0.7952396 0.1434419 2.941618 -0.5335799 9.16032e-4 3.005048 -0.5816471 0.2682955 2.73102 -0.6583894 0.2709863 2.563375 -0.6111171 9.16029e-4 2.567409 -0.6961426 0.2507286 2.412613 -0.5777009 0.2435606 2.307192 -0.6842883 9.16029e-4 2.296016 -0.7376406 0.4619698 2.841192 -0.39437 0.4141562 2.927284 -0.4548407 0.1944406 1.900759 -0.5742642 9.16031e-4 1.853249 -0.595323 0.3278702 1.9877 -0.5686362 0.1526665 1.902061 -0.4668201 0.372454 1.922427 -0.5153147 0.3366134 1.926055 -0.3971666 0.483277 2.063597 -0.716723 0.4941171 1.997159 -0.536944 0.3268188 2.062342 -0.4162363 0.3702805 2.011948 -0.344816 0.2088137 2.153047 -0.3760908 9.16031e-4 2.057217 -0.4300101 0.1633776 1.999481 -0.4567243 9.16028e-4 1.89067 -0.4629396 0.3533395 2.277709 -0.295818 0.1979231 2.417721 -0.2103257 9.16026e-4 2.275214 -0.2952958 0.3264504 2.5657 -0.1481709 0.1679098 2.667108 -0.09576184 9.16032e-4 2.556005 -0.148626 0.3477813 2.84793 0.04286841 0.3345631 2.745916 -0.06236958 0.3139173 2.710311 -0.01561168 0.1547692 2.691468 -0.02042175 9.16029e-4 2.6192 -0.01000851 0.5568654 2.183954 -0.5723813 0.5536276 2.302534 -0.6313366 0.5054783 2.517685 -0.3964967 0.4268313 2.040343 -0.3760974 0.5220562 2.581587 -0.5470843 0.3006559 2.181495 -0.7980289 -0.2678742 2.683474 0.1086133 -0.1574248 2.651604 0.0644905 -0.09751458 2.601765 0.1323492 -0.2891496 2.732122 0.09702231 -0.2269263 2.54718 0.1337084 -0.2424096 2.54718 0.07333793 -0.3784479 2.55634 0.1117594 -0.3526767 2.55634 0.1500583 -0.3239866 2.720826 0.1534341 -0.2772081 2.541996 0.1955772 -0.234392 2.359366 0.1814398 -0.3569938 2.281512 0.1135289 -0.2996204 2.233159 0.1556651 -0.289082 2.313935 0.2001173 -0.3507323 2.372208 0.1803843 -0.2487492 2.280341 0.1578489 -0.2191925 2.319767 0.116274 -0.2487492 2.280341 0.07281501 -0.2869004 2.313935 0.02968609 -0.2339001 2.359365 0.04836307 -0.3512243 2.372208 0.04941864 -0.2996204 2.233159 0.07499888 -0.2472313 2.211637 0.1869062 -0.191647 2.167382 0.1636682 -0.2012624 2.223028 0.1153318 -0.191647 2.167382 0.06699565 -0.2472313 2.211637 0.04375826 -0.2754946 2.172598 0.1600613 -0.2754946 2.172598 0.07060261 -0.3386904 2.106047 0.06918283 -0.3754182 2.124522 0.1153317 -0.2560859 2.101797 0.1624521 -0.3386904 2.106047 0.1614811 -0.3604361 2.050228 0.1153318 -0.2560859 2.101798 0.06821188 -0.2085889 2.102381 0.1153317 -0.323261 2.548535 0.05458354 -0.2694445 2.838134 0.1496868 -0.2859785 2.963319 0.1834037 -0.2931364 2.856083 0.2011126 -0.2815156 2.745286 0.1699039 -0.3257455 2.845905 0.1725951 -0.3624078 2.965638 0.1219644 -0.3745118 2.847968 0.07452066 -0.1442775 3.192013 0.2143245 -0.1686379 3.243921 0.08909465 -0.3058642 3.180604 0.02779438 -0.298155 2.545036 0.2104969 -0.2691689 3.047844 0.2046549 -0.3539506 3.046943 0.08320197 -0.3234405 2.722553 0.08290179 -0.2920262 2.545494 0.0175922 -0.4981649 2.33861 -0.4721038 -0.5584641 2.185658 -0.3815716 -0.5519015 2.296731 -0.437067 -0.5847528 2.083717 -0.297126 -0.4953468 2.137465 -0.2476954 -0.5480446 2.20744 -0.2981805 -0.4401816 2.074569 -0.317808 -0.5151871 2.008832 -0.3003062 -0.431017 2.08439 -0.3678943 -0.4973141 2.115973 -0.387158 -0.4162312 2.188838 -0.3919804 -0.4199172 2.201076 -0.3153921 -0.5748209 2.080111 -0.3490985 -0.5497592 2.001703 -0.3413542 -0.6149185 2.075726 -0.3438389 -0.471229 2.343275 -0.3896976 -0.4375928 2.746483 -0.3900741 -0.5194266 2.672908 -0.4288167 -0.4336862 2.695089 -0.2238037 -0.4816602 2.434553 -0.2516257 -0.4197966 2.342191 -0.2284299 -0.4403541 2.514792 -0.2312292 -0.3426419 2.736771 -0.1309739 -0.4203291 2.654004 -0.1751382 -0.5153274 1.970679 -0.2298486 -0.5053954 1.967073 -0.2818211 -0.54287 1.957184 -0.2697558 -0.5612549 2.004007 -0.2890056 -0.3656591 3.091128 -0.03167217 -0.3601449 3.097715 -0.1280645 -0.3950712 2.967755 -0.07477219 -0.1772372 3.280102 -0.08558325 -0.3789075 2.865029 -0.1922058 -0.3763466 2.873668 -0.06863351 -0.3047355 3.189873 -0.1874006 -0.1730233 3.246602 -0.2536831 -0.1365011 3.201692 -0.3713717 -0.349464 3.055752 -0.2501918 -0.1882082 1.951324 -0.7095022 -0.1792237 2.104898 -0.7772698 -0.1416098 2.941618 -0.5335799 -0.2691543 2.563375 -0.6111171 -0.2664635 2.73102 -0.6583894 -0.2417285 2.307192 -0.6842883 -0.2488966 2.412613 -0.5777009 -0.4123242 2.927284 -0.4548407 -0.4601377 2.841192 -0.39437 -0.1926086 1.900759 -0.5742642 -0.1508344 1.902061 -0.4668201 -0.3260381 1.9877 -0.5686361 -0.3347813 1.926055 -0.3971666 -0.370622 1.922427 -0.5153147 -0.4922851 1.997159 -0.536944 -0.481445 2.063597 -0.716723 -0.3684484 2.011948 -0.344816 -0.3249867 2.062342 -0.4162363 -0.1615455 1.999481 -0.4567243 -0.2069817 2.153047 -0.3760908 -0.196091 2.417721 -0.2103257 -0.3515074 2.277709 -0.295818 -0.1660777 2.667108 -0.09576184 -0.3246184 2.5657 -0.1481709 -0.332731 2.745916 -0.06236958 -0.3459491 2.847929 0.04286841 -0.3120852 2.710311 -0.01561168 -0.1529372 2.691468 -0.02042175 -0.5517956 2.302534 -0.6313366 -0.5550334 2.183954 -0.5723813 -0.5036462 2.517685 -0.3964967 -0.4249993 2.040343 -0.3760974 -0.5202241 2.581587 -0.5470843 -0.2988239 2.181495 -0.7980289 9.16027e-4 2.92645 0.3148454 0.151969 2.884216 0.2686545 0.303022 2.923768 0.2164078 -0.150137 2.963319 0.2706512 -0.30119 2.923768 0.2164052 -0.150137 2.884216 0.2686315 0.1847672 2.643418 0.1025498 0.2825666 2.714072 0.1228011 0.2531225 2.628487 0.09749708 0.0679366 2.582024 0.1648413 0.3588932 2.615218 0.134088 0.2452752 2.474825 0.1736899 0.3375239 2.293672 0.1696613 0.2444061 2.320902 0.1732928 0.2427165 2.320902 0.05925545 0.3348504 2.293673 0.05739675 0.2216699 2.220263 0.1598927 0.2216699 2.220263 0.07077123 0.2664379 2.197498 0.169568 0.2664379 2.197498 0.0610963 0.3375756 2.135178 0.0821422 0.3290479 2.079788 0.153055 0.3290478 2.079788 0.07760887 0.3375756 2.135178 0.1485215 0.2101322 2.116572 0.07955299 0.2101322 2.116572 0.1511108 0.3582956 2.492796 0.07148758 0.2833023 2.863481 0.1753025 0.3595559 2.886468 0.1183457 0.310358 2.810473 0.1890588 0.2026318 3.224162 0.103594 0.2873303 2.599867 0.1953468 0.1547094 3.08262 0.2669567 0.3579611 3.016608 0.1324232 0.3374572 2.492795 0.1832149 0.3116049 2.609197 0.04875273 0.256303 2.474825 0.04091496 0.5319971 2.286646 -0.4265748 0.5511832 2.138934 -0.2621959 0.4639001 2.045385 -0.3325799 0.4434129 2.147267 -0.3944125 0.443509 2.134564 -0.2950169 0.5874149 2.056932 -0.3498979 0.5265676 2.280895 -0.3876716 0.4662375 2.703882 -0.3525971 0.448382 2.431533 -0.2260883 0.3947684 2.703605 -0.1671575 0.5154172 1.980862 -0.2628018 0.5389613 1.97112 -0.2524617 0.5294902 1.967681 -0.3020229 0.3509649 3.106886 0.01694019 0.379889 3.052263 -0.07766377 0.13291 3.276433 0.05309962 0.3841012 2.904987 -0.09803789 0.2143263 3.231311 -0.2579057 0.13291 3.276433 -0.2239507 0.3362605 3.124454 -0.1738375 0.1258236 2.050934 -0.7690102 0.07418852 3.047312 -0.5110158 0.1854626 2.607029 -0.6712997 0.1516121 2.327701 -0.6705467 0.4265424 2.94387 -0.3679171 0.1477737 1.883903 -0.6192722 0.4251381 2.805729 -0.3429457 0.2332223 1.940961 -0.5418163 0.3373808 1.939334 -0.4922986 0.47069 1.98116 -0.5873556 0.3651109 1.990786 -0.372415 0.1982478 2.067562 -0.4334517 0.09823204 1.910586 -0.4596131 0.2090809 2.276111 -0.2972952 0.1785103 2.560914 -0.1426274 0.3515322 2.823969 -0.03089129 0.3522735 2.81612 0.07407057 0.2889488 2.86775 -0.5553065 0.3344931 2.722852 -0.06928075 0.106667 2.648014 0.005941087 0.2117506 2.713287 -0.03186989 0.5584393 2.29828 -0.5626245 0.5972561 2.055519 -0.3192177 0.5532106 2.112363 -0.3656181 0.4778639 2.428198 -0.3399892 0.4263787 2.579676 -0.1900352 0.3934314 2.086603 -0.3553802 0.4196563 2.27259 -0.2828839 0.3632906 2.522716 -0.5662634 0.3715811 2.266867 -0.7112982 0.3177633 2.122698 -0.7860194 0.494982 2.056696 -0.4937468 0.5406384 2.603704 -0.4699712 -0.1829351 2.643418 0.1025498 -0.2807346 2.714072 0.1228011 -0.2512904 2.628487 0.09749708 -0.06610453 2.582024 0.1648413 -0.3570611 2.615218 0.134088 -0.2434432 2.474825 0.1736899 -0.3356918 2.293672 0.1696613 -0.242574 2.320902 0.1732928 -0.2408844 2.320902 0.05925545 -0.3330183 2.293672 0.05739675 -0.2198379 2.220263 0.1598927 -0.2198379 2.220263 0.07077123 -0.2646058 2.197498 0.169568 -0.2646058 2.197498 0.0610963 -0.3357435 2.135178 0.0821422 -0.3272158 2.079788 0.153055 -0.3272158 2.079788 0.07760887 -0.3357435 2.135178 0.1485215 -0.2083002 2.116572 0.07955299 -0.2083001 2.116572 0.1511108 -0.3564635 2.492796 0.07148758 -0.2814702 2.863482 0.1753026 -0.3577239 2.886468 0.1183457 -0.3085259 2.810473 0.1890588 -0.2007998 3.224162 0.103594 -0.2854983 2.599867 0.1953468 -0.1528773 3.08262 0.2669567 -0.3561291 3.016608 0.1324232 -0.3356251 2.492796 0.1832149 -0.3097729 2.609197 0.04875273 -0.2544709 2.474825 0.04091496 -0.5301651 2.286646 -0.4265748 -0.5493512 2.138935 -0.2621959 -0.4620681 2.045385 -0.3325799 -0.4415809 2.147267 -0.3944125 -0.441677 2.134564 -0.2950169 -0.5855828 2.056932 -0.3498979 -0.5247357 2.280895 -0.3876716 -0.4644055 2.703882 -0.3525971 -0.44655 2.431533 -0.2260882 -0.3929363 2.703605 -0.1671575 -0.513585 1.980862 -0.2628018 -0.5371293 1.97112 -0.2524617 -0.5276582 1.967681 -0.3020229 -0.3491328 3.106886 0.01694019 -0.3780569 3.052263 -0.07766377 -0.1310779 3.276433 0.05309962 -0.3822691 2.904987 -0.09803789 -0.2124942 3.231311 -0.2579057 -0.1310779 3.276433 -0.2239508 -0.3344283 3.124454 -0.1738375 -0.1239916 2.050934 -0.7690102 -0.07235643 3.047312 -0.5110157 -0.1836305 2.607029 -0.6712997 -0.14978 2.327701 -0.6705467 -0.4247103 2.94387 -0.3679171 -0.1459417 1.883903 -0.6192722 -0.4233061 2.805729 -0.3429457 -0.2313902 1.940961 -0.5418163 -0.3355487 1.939334 -0.4922986 -0.4688579 1.98116 -0.5873556 -0.3632787 1.990786 -0.372415 -0.1964157 2.067561 -0.4334517 -0.09639997 1.910586 -0.4596131 -0.2072489 2.276112 -0.2972952 -0.1766782 2.560913 -0.1426274 -0.3497001 2.823968 -0.03089129 -0.3504414 2.81612 0.07407057 -0.2871168 2.86775 -0.5553066 -0.332661 2.722852 -0.06928074 -0.104835 2.648014 0.005941087 -0.2099185 2.713288 -0.03186989 -0.5566073 2.29828 -0.5626245 -0.5954241 2.05552 -0.3192177 -0.5513787 2.112363 -0.3656181 -0.4760319 2.428198 -0.3399892 -0.4245467 2.579676 -0.1900352 -0.3915994 2.086603 -0.3553802 -0.4178241 2.27259 -0.2828839 -0.3614586 2.522716 -0.5662634 -0.369749 2.266867 -0.7112982 -0.3159313 2.122698 -0.7860194 -0.4931501 2.056696 -0.4937468 -0.5388063 2.603704 -0.4699713 0.1772704 2.926449 0.2769444 -0.1754384 2.923768 0.2794935 0.1137383 1.340459 0.1170248 0.3965646 1.339514 0.0888621 0.08560231 1.346583 -0.1657395 0.3684286 1.345638 -0.1939021 0.1785274 0.9997618 0.03620903 0.3194781 0.9992265 0.02026342 0.1594923 1.001778 -0.1106611 0.3035195 1.001497 -0.1401837 0.1989232 0.2366137 0.05344548 0.3372054 0.2376024 0.03905291 0.1950111 0.2378455 -0.0794916 0.3268228 0.2381687 -0.08760236 0.3911288 0.7528192 -0.1946426 0.4112436 0.7582279 0.0115867 0.2042742 0.7577656 0.03096808 0.1911252 0.752802 -0.1753651 0.1952414 -0.002208907 0.1766095 0.3422323 -0.001298293 0.1335692 0.1789202 0.001836549 -0.07385786 0.3223717 0.003373135 -0.09605718 0.3357382 0.04617714 -0.1532727 0.1634094 0.04426794 -0.1378 0.1683453 0.03565835 0.2277754 0.3628795 0.03684095 0.1597254 0.3357503 0.338802 0.01729124 0.3258365 0.3364419 -0.09838568 0.2109328 0.3362458 -0.08809018 0.2204792 0.3382724 0.02707215 0.4071462 0.6585144 0.01106033 0.1998846 0.6522146 -0.1647065 0.388136 0.6525892 -0.1836852 0.2122414 0.6580896 0.02988054 0.4413222 0.7151498 -0.09784739 0.3813609 1.166001 -0.05704599 0.227604 1.169683 -0.1896384 0.09496538 1.166986 -0.02771266 0.2569096 1.163304 0.1048798 0.2631502 0.142318 -0.163204 0.1855924 0.714812 -0.0731795 0.2895985 0.7108681 -0.2225701 0.3164989 0.7187822 0.05327692 0.2865002 0.8587703 0.05700369 0.2619275 0.855895 -0.194066 0.1725071 0.85765 -0.05655199 0.4000258 0.8574898 -0.080621 0.2689248 -0.002795276 0.03429089 0.2828834 0.1326671 0.2172891 0.3810153 0.1395583 -0.01498954 0.128322 0.1377243 0.02387182 0.2628853 0.0126768 -0.2042331 0.2920529 9.78637e-4 0.2521735 0.3837324 0.004087321 0.002446983 0.1199079 0.002298552 0.06285979 0.3374227 0.2778198 -0.03317211 0.1911788 0.2772559 -0.02338094 0.2633566 0.2771682 -0.09731045 0.2722326 0.2773065 0.04139733 0.3889941 0.4967688 -0.06667122 0.1913435 0.4963486 -0.0467163 0.2768969 0.4934506 -0.1587783 0.29683 0.4996667 0.04539081 0.4168398 0.7180774 0.008894563 0.3509229 0.2381809 -0.02647754 0.3163604 0.2773344 -0.08385609 0.4356602 0.7556725 -0.09484806 0.3555276 1.163732 0.05706501 0.3382021 1.000871 -0.06244423 0.3335485 1.168516 -0.1638236 0.4296343 1.342419 -0.0572138 0.2399902 1.001887 -0.1589313 0.1207986 1.169255 -0.1418236 0.2223261 1.347131 -0.2269481 0.1438729 1.001585 -0.04118342 0.1427778 1.164471 0.07906501 0.0525326 1.343679 -0.01966356 0.2612501 0.9989162 0.05491958 0.2598408 1.338966 0.1500708 0.3415469 0.1419609 -0.1279206 0.2642655 0.003720225 -0.1348302 0.165559 0.007639418 -0.1366068 0.263085 0.2382225 -0.1050871 0.1936781 0.7118266 -0.1781515 0.1786011 0.2373929 -0.01102721 0.2193691 0.277252 0.0272706 0.18247 0.755478 -0.06877482 0.2843024 0.7519191 -0.2192307 0.272133 0.2366028 0.06801626 0.3111605 0.7588257 0.05587635 0.1942122 0.8583698 0.03570318 0.3777927 0.8586105 0.01664429 0.3593713 0.8562778 -0.1717944 0.1768914 0.8562771 -0.1562029 0.1770916 -0.001754649 0.05490407 0.3606333 -6.40845e-4 0.01258398 0.2803385 -0.003536875 0.1988207 0.1787221 0.1328346 0.1993311 0.3643776 0.001168352 0.1725469 0.335898 0.009593522 -0.1526391 0.1588464 0.1406388 -0.1141587 0.1674994 0.001157403 0.2268273 0.3624001 0.1353572 0.1078149 0.2634061 0.04825064 -0.2024647 0.2902628 0.03547547 0.2494958 0.3831029 0.04095002 -0.003794467 0.1198551 0.03870433 0.05251043 0.3235114 0.2778789 0.02044283 0.3559865 0.4943852 -0.1407403 0.2126105 0.2770647 -0.07642334 0.2177405 0.4987321 0.02735277 0.3501112 0.3377977 -0.04251351 0.1967076 0.3373584 -0.02892878 0.2667638 0.3359829 -0.1122578 0.2794206 0.33863 0.04174641 0.3709363 0.4990473 0.01238658 0.2027906 0.4940702 -0.1257741 0.3966755 0.7119734 -0.1979669 0.2093743 0.7175835 0.02842419 0.4301204 0.6556213 -0.08947316 0.1900929 0.6551216 -0.0642857 0.2875338 0.6514052 -0.2066384 0.3128657 0.6592769 0.05294311 0.1831602 0.9670107 0.03315081 0.26672 0.9667758 0.05218384 0.3346385 0.9668599 0.01724267 0.3191165 0.9669593 -0.1449623 0.2455693 0.9669843 -0.1639841 0.1690718 0.9672212 -0.1143014 0.1533982 0.9676123 -0.04512616 0.353931 0.9671844 -0.06639738 0.3337347 1.081481 0.03990728 0.3563657 1.083468 -0.06005855 0.314464 1.084987 -0.1537987 0.2336244 1.085748 -0.1764347 0.138292 1.085488 -0.1267522 0.1174386 1.084331 -0.03436135 0.1593243 1.082128 0.05918015 0.2593082 1.081106 0.08179495 0.2716345 0.939941 0.05338136 0.345385 0.9399031 0.01709366 0.2497479 0.9386077 -0.1716682 0.171644 0.9389172 -0.1249913 0.1598792 0.9397991 -0.04801613 0.3655621 0.9395051 -0.06998643 0.1859224 0.9398583 0.03378873 0.3293629 0.9387866 -0.1517921 0.3286521 0.1757391 -0.08978734 0.2631653 0.1759098 -0.111716 0.1837442 0.1750553 -0.08069779 0.1947041 0.1713003 0.1048226 0.2764259 0.1712261 0.1183405 0.3430437 0.1727594 0.06081037 0.3579406 0.1747457 -0.01745544 0.1621196 0.1736561 0.005114712 -0.41208 0.7582279 0.0115867 -0.4176762 0.7180774 0.008894563 -0.4421586 0.7151498 -0.09784739 -0.4364966 0.7556725 -0.09484806 -0.4079826 0.6585144 0.01106033 -0.4309568 0.6556213 -0.08947316 -0.3889723 0.6525892 -0.1836852 -0.3975118 0.7119734 -0.1979669 -0.3919652 0.7528192 -0.1946426 -0.397401 1.339514 0.0888621 -0.356364 1.163732 0.05706501 -0.3821973 1.166001 -0.05704599 -0.4304707 1.342419 -0.0572138 -0.334571 1.081481 0.03990728 -0.3572021 1.083468 -0.06005855 -0.3043559 1.001497 -0.1401837 -0.3153004 1.084987 -0.1537987 -0.3390385 1.000871 -0.06244423 -0.3343848 1.168516 -0.1638236 -0.369265 1.345638 -0.1939021 -0.2284404 1.169683 -0.1896384 -0.2231625 1.347131 -0.2269481 -0.2344608 1.085748 -0.1764347 -0.1603287 1.001778 -0.1106611 -0.1391284 1.085488 -0.1267522 -0.2408265 1.001887 -0.1589313 -0.121635 1.169255 -0.1418236 -0.0864387 1.346583 -0.1657395 -0.09580177 1.166986 -0.02771266 -0.05336898 1.343679 -0.01966356 -0.118275 1.084331 -0.03436135 -0.1793638 0.9997618 0.03620903 -0.1601606 1.082128 0.05918015 -0.1447093 1.001585 -0.04118342 -0.1436142 1.164471 0.07906501 -0.1145747 1.340459 0.1170248 -0.257746 1.163304 0.1048798 -0.2606772 1.338966 0.1500708 -0.2601446 1.081106 0.08179495 -0.3203145 0.9992265 0.02026342 -0.2620865 0.9989162 0.05491958 -0.3276591 0.2381687 -0.08760236 -0.3294884 0.1757391 -0.08978734 -0.2640016 0.1759098 -0.111716 -0.2639214 0.2382225 -0.1050871 -0.3423833 0.1419609 -0.1279206 -0.3365746 0.04617714 -0.1532727 -0.2642425 0.04825064 -0.2024647 -0.2639866 0.142318 -0.163204 -0.1642458 0.04426794 -0.1378 -0.1596828 0.1406388 -0.1141587 -0.1845806 0.1750553 -0.08069779 -0.1919615 0.752802 -0.1753651 -0.1945144 0.7118266 -0.1781515 -0.1864288 0.714812 -0.0731795 -0.1833064 0.755478 -0.06877482 -0.2007209 0.6522146 -0.1647065 -0.1909292 0.6551216 -0.0642857 -0.2130778 0.6580896 0.02988054 -0.2102107 0.7175835 0.02842419 -0.2051106 0.7577656 0.03096808 -0.2904349 0.7108681 -0.2225701 -0.2851388 0.7519191 -0.2192307 -0.2883702 0.6514052 -0.2066384 -0.3173353 0.7187822 0.05327692 -0.3119968 0.7588257 0.05587635 -0.3137021 0.6592769 0.05294311 -0.1839966 0.9670107 0.03315081 -0.2675563 0.9667758 0.05218384 -0.1950485 0.8583698 0.03570318 -0.2873365 0.8587703 0.05700369 -0.3786291 0.8586105 0.01664429 -0.3462213 0.9399031 0.01709366 -0.2724709 0.939941 0.05338136 -0.3199528 0.9669593 -0.1449623 -0.2464057 0.9669843 -0.1639841 -0.3602077 0.8562778 -0.1717944 -0.2627639 0.855895 -0.194066 -0.1777278 0.8562771 -0.1562029 -0.1724804 0.9389172 -0.1249913 -0.2505842 0.9386077 -0.1716682 -0.1699082 0.9672212 -0.1143014 -0.1542346 0.9676123 -0.04512616 -0.1733435 0.85765 -0.05655199 -0.1867588 0.9398583 0.03378873 -0.1607156 0.9397991 -0.04801613 -0.3354748 0.9668599 0.01724267 -0.3547674 0.9671844 -0.06639738 -0.4008622 0.8574898 -0.080621 -0.3301993 0.9387866 -0.1517921 -0.3663985 0.9395051 -0.06998643 -0.1960778 -0.002208907 0.1766095 -0.1779279 -0.001754649 0.05490407 -0.2697612 -0.002795276 0.03429089 -0.2811749 -0.003536875 0.1988207 -0.1797566 0.001836549 -0.07385786 -0.2651019 0.003720225 -0.1348302 -0.323208 0.003373135 -0.09605718 -0.3614697 -6.40845e-4 0.01258398 -0.3430686 -0.001298293 0.1335692 -0.1997595 0.2366137 0.05344548 -0.1955405 0.1713003 0.1048226 -0.2772622 0.1712261 0.1183405 -0.2729694 0.2366028 0.06801626 -0.1795585 0.1328346 0.1993311 -0.1691817 0.03565835 0.2277754 -0.2910992 0.03547547 0.2494958 -0.2837198 0.1326671 0.2172891 -0.3637158 0.03684095 0.1597254 -0.3632365 0.1353572 0.1078149 -0.34388 0.1727594 0.06081037 -0.3380418 0.2376024 0.03905291 -0.358777 0.1747457 -0.01745544 -0.3517593 0.2381809 -0.02647754 -0.3839393 0.04095002 -0.003794467 -0.3818517 0.1395583 -0.01498954 -0.1958475 0.2378455 -0.0794916 -0.162956 0.1736561 0.005114712 -0.1794374 0.2373929 -0.01102721 -0.1206915 0.03870433 0.05251043 -0.1291584 0.1377243 0.02387182 -0.3367343 0.009593522 -0.1526391 -0.2637216 0.0126768 -0.2042331 -0.1663954 0.007639418 -0.1366068 -0.1683357 0.001157403 0.2268273 -0.2928892 9.78637e-4 0.2521735 -0.365214 0.001168352 0.1725469 -0.3845688 0.004087321 0.002446983 -0.1207443 0.002298552 0.06285979 -0.3365867 0.338802 0.01729124 -0.3243478 0.2778789 0.02044283 -0.338259 0.2778198 -0.03317211 -0.3509476 0.3377977 -0.04251351 -0.3171968 0.2773344 -0.08385609 -0.3266729 0.3364419 -0.09838568 -0.2117692 0.3362458 -0.08809018 -0.2134468 0.2770647 -0.07642334 -0.1920151 0.2772559 -0.02338094 -0.1975439 0.3373584 -0.02892878 -0.2202055 0.277252 0.0272706 -0.2213155 0.3382724 0.02707215 -0.2641929 0.2771682 -0.09731045 -0.2676001 0.3359829 -0.1122578 -0.2730689 0.2773065 0.04139733 -0.280257 0.33863 0.04174641 -0.3717727 0.4990473 0.01238658 -0.3898304 0.4967688 -0.06667122 -0.3568229 0.4943852 -0.1407403 -0.203627 0.4940702 -0.1257741 -0.1921799 0.4963486 -0.0467163 -0.2185768 0.4987321 0.02735277 -0.2777333 0.4934506 -0.1587783 -0.2976664 0.4996667 0.04539081 0.5431494 2.418436 0.01260697 0.5431494 2.418436 -0.09110896 0.5355809 2.304244 -0.09051037 0.5355809 2.304244 0.01559998 0.5343195 2.285212 -0.03715589 0.5393651 2.36134 0.03158899 0.5393652 2.36134 -0.1082952 0.5444108 2.437468 -0.0395503 0.6740111 2.357707 0.04831161 0.6740111 2.452036 -0.03835324 0.6740111 2.263377 -0.03835324 0.6740111 2.357707 -0.1250181 0.3697429 2.293818 -0.03356429 0.3899255 2.372238 -0.1104006 0.3899254 2.372238 0.03369438 0.4101079 2.450658 -0.04314196 0.3747886 2.313423 0.02166855 0.6740111 2.286959 0.0266454 0.4050623 2.431053 0.009696461 0.6740111 2.28696 -0.1033519 0.6740111 2.428454 0.02664539 0.6740111 2.428454 -0.1033519 0.3747886 2.313423 -0.09119155 0.4050623 2.431053 -0.09358595 0.552022 2.360998 0.03316031 0.556175 2.419433 0.01400431 0.5478808 2.302708 0.0165814 0.5575622 2.438946 -0.03942883 0.556175 2.419433 -0.09232759 0.5465028 2.283307 -0.03726031 0.5478808 2.302708 -0.09165139 0.552022 2.360998 -0.1098665 0.5209082 2.305082 -0.09057253 0.519284 2.285998 -0.03682776 0.5209082 2.305082 0.01615376 0.5307178 2.419571 -0.09133196 0.5257977 2.362329 -0.1084863 0.5257976 2.362329 0.03178008 0.5307178 2.419572 0.01234494 0.5323659 2.438651 -0.03987242 -0.543173 2.418436 0.01260697 -0.5393887 2.36134 0.03158899 -0.5520456 2.360998 0.03316031 -0.5561986 2.419433 0.01400431 -0.5356045 2.304244 0.01559998 -0.5479044 2.302708 0.0165814 -0.543173 2.418436 -0.09110896 -0.5444344 2.437468 -0.0395503 -0.5575858 2.438946 -0.03942883 -0.5561986 2.419433 -0.09232759 -0.5343431 2.285212 -0.03715589 -0.5465264 2.283307 -0.03726031 -0.5356045 2.304244 -0.09051037 -0.5479044 2.302708 -0.09165139 -0.5393888 2.36134 -0.1082952 -0.5520456 2.360998 -0.1098665 -0.3748004 2.313423 -0.09119155 -0.5209318 2.305082 -0.09057253 -0.5193076 2.285998 -0.03682776 -0.3697547 2.293818 -0.03356429 -0.5209318 2.305082 0.01615376 -0.4050741 2.431053 -0.09358595 -0.5307414 2.419571 -0.09133196 -0.5258213 2.362329 -0.1084863 -0.3899373 2.372238 -0.1104006 -0.3748004 2.313423 0.02166855 -0.5258212 2.362329 0.03178008 -0.3899372 2.372238 0.03369438 -0.5307414 2.419572 0.01234494 -0.4050741 2.431053 0.009696461 -0.5323895 2.438651 -0.03987242 -0.4101198 2.450658 -0.04314196 -0.6740229 2.357707 0.04831161 -0.6740229 2.428454 0.02664539 -0.6740229 2.286959 0.0266454 -0.6740229 2.452036 -0.03835324 -0.6740229 2.428454 -0.1033519 -0.6740229 2.263377 -0.03835324 -0.6740229 2.28696 -0.1033519 -0.6740229 2.357707 -0.1250181 -4.18192e-4 2.719815 0.2575707 0.1424339 2.699053 0.2179337 0.1365658 2.731216 0.196775 0.1020134 2.65516 0.2285606 -4.18191e-4 2.625635 0.2550666 0.1009878 2.59282 0.1974062 -0.1373637 2.731216 0.196775 -0.1432703 2.699053 0.2179337 -0.2363577 2.667966 0.1599006 -0.1028498 2.65516 0.2285606 -0.10049 2.59282 0.1974062 0.09987096 2.719033 0.2252086 0.1698734 2.676085 0.1994931 0.06839248 2.621239 0.2324406 -0.1007073 2.719033 0.2252086 -0.1707097 2.676085 0.1994931 -0.06922885 2.621239 0.2324406 0.2739248 2.963751 0.1515419 -0.2734269 2.963751 0.1515419 0.3201739 2.794483 0.2628948 0.3112742 2.844764 0.2672938 0.3112742 2.84255 0.2925971 0.3201739 2.792269 0.2881981 0.2856485 2.88898 0.2711622 0.2856485 2.886766 0.2964655 0.2463877 2.921798 0.2740334 0.2463877 2.919584 0.2993368 0.1982273 2.93926 0.2755612 0.1982273 2.937047 0.3008645 0.146976 2.93926 0.2755612 0.146976 2.937047 0.3008645 0.09881555 2.921798 0.2740334 0.09881555 2.919584 0.2993368 0.05955479 2.88898 0.2711622 0.05955479 2.886766 0.2964655 0.03392915 2.844764 0.2672938 0.03392915 2.84255 0.2925971 0.02502945 2.79511 0.2629496 0.02502945 2.792897 0.288253 0.03392914 2.744202 0.2584958 0.03392914 2.741989 0.2837991 0.05955476 2.699986 0.2546274 0.05955476 2.697773 0.2799307 0.09881551 2.667168 0.2517561 0.09881551 2.664954 0.2770595 0.1469759 2.649706 0.2502284 0.1469759 2.647492 0.2755317 0.1982272 2.649706 0.2502284 0.1982272 2.647492 0.2755317 0.2463877 2.667168 0.2517561 0.2463877 2.664954 0.2770595 0.2856485 2.699986 0.2546274 0.2856485 2.697773 0.2799307 0.3112741 2.744202 0.2584958 0.3112741 2.741988 0.2837991 0.2946734 2.792269 0.2881981 0.2946734 2.794483 0.2628948 0.2873116 2.833861 0.291837 0.2873116 2.836075 0.2665336 0.266114 2.872651 0.2697336 0.266114 2.870437 0.2950369 0.2336375 2.897584 0.297412 0.2336375 2.899798 0.2721087 0.1937992 2.912029 0.2986758 0.1937992 2.914243 0.2733724 0.1514041 2.912029 0.2986758 0.1514041 2.914243 0.2733724 0.1115658 2.897584 0.297412 0.1115658 2.899798 0.2721087 0.07908928 2.870437 0.2950369 0.07908928 2.872651 0.2697336 0.05789176 2.833861 0.291837 0.05789176 2.836075 0.2665336 0.05052993 2.792269 0.2881981 0.05052993 2.794483 0.2628948 0.05789175 2.752891 0.2592559 0.05789175 2.750677 0.2845593 0.07908926 2.714102 0.2813593 0.07908926 2.716315 0.256056 0.1115658 2.686954 0.2789842 0.1115658 2.689168 0.2536809 0.1514041 2.672509 0.2777205 0.1514041 2.674723 0.2524171 0.1937991 2.672509 0.2777205 0.1937991 2.674723 0.2524171 0.2336375 2.686954 0.2789842 0.2336375 2.689168 0.2536809 0.266114 2.714102 0.2813593 0.266114 2.716315 0.256056 0.2873115 2.750677 0.2845593 0.2873115 2.752891 0.2592559 0.0294793 2.81 0.2897494 0.0294793 2.778713 0.2615151 0.0294793 2.812213 0.264446 0.0294793 2.776499 0.2868184 -4.18171e-4 2.792769 0.2627448 -4.18171e-4 2.773805 0.2865827 -0.3210102 2.794483 0.2628948 -0.3121105 2.844764 0.2672938 -0.3121105 2.84255 0.2925971 -0.3210102 2.792269 0.2881981 -0.2864848 2.88898 0.2711622 -0.2864848 2.886766 0.2964655 -0.2472241 2.921798 0.2740334 -0.2472241 2.919584 0.2993368 -0.1990636 2.93926 0.2755612 -0.1990636 2.937047 0.3008645 -0.1478123 2.93926 0.2755612 -0.1478123 2.937047 0.3008645 -0.09965189 2.921798 0.2740334 -0.09965189 2.919584 0.2993368 -0.06039114 2.88898 0.2711622 -0.06039114 2.886766 0.2964655 -0.03476548 2.844764 0.2672938 -0.03476548 2.84255 0.2925971 -0.03031564 2.812213 0.264446 -0.03031564 2.81 0.2897494 -0.03476548 2.744202 0.2584958 -0.03476548 2.741989 0.2837991 -0.03031564 2.776499 0.2868184 -0.03031564 2.778713 0.2615151 -0.0603911 2.699986 0.2546274 -0.0603911 2.697773 0.2799307 -0.09965186 2.667168 0.2517561 -0.09965186 2.664954 0.2770595 -0.1478123 2.649706 0.2502284 -0.1478123 2.647492 0.2755317 -0.1990636 2.649706 0.2502284 -0.1990636 2.647492 0.2755317 -0.247224 2.667168 0.2517561 -0.247224 2.664954 0.2770595 -0.2864848 2.699986 0.2546274 -0.2864848 2.697773 0.2799307 -0.3121105 2.744202 0.2584958 -0.3121105 2.741988 0.2837991 -0.2344738 2.899798 0.2721087 -0.1946355 2.914243 0.2733724 -0.1522405 2.914243 0.2733724 -0.1124021 2.899798 0.2721087 -0.07992564 2.872651 0.2697336 -0.05872811 2.836075 0.2665336 -0.05136625 2.794483 0.2628948 -0.0587281 2.752891 0.2592559 -0.07992561 2.716315 0.256056 -0.1124021 2.689168 0.2536809 -0.1522404 2.674723 0.2524171 -0.1946355 2.674723 0.2524171 -0.2344738 2.689168 0.2536809 -0.2669503 2.716315 0.256056 -0.2881479 2.752891 0.2592559 -0.2955098 2.794483 0.2628948 -0.2881479 2.836075 0.2665336 -0.2669503 2.872651 0.2697336 -0.02586579 2.79511 0.2629496 -0.1522404 2.672509 0.2777205 -0.1946355 2.672509 0.2777205 -0.1124021 2.686954 0.2789842 -0.07992561 2.714102 0.2813593 -0.0587281 2.750677 0.2845593 -0.05136625 2.792269 0.2881981 -0.05872811 2.833861 0.291837 -0.07992564 2.870437 0.2950369 -0.1124021 2.897584 0.297412 -0.1522405 2.912029 0.2986758 -0.1946355 2.912029 0.2986758 -0.2344738 2.897584 0.297412 -0.2669503 2.870437 0.2950369 -0.2881479 2.833861 0.291837 -0.2955098 2.792269 0.2881981 -0.2881479 2.750677 0.2845593 -0.2669503 2.714102 0.2813593 -0.2344738 2.686954 0.2789842 -0.02586579 2.792897 0.288253 -4.18171e-4 2.807306 0.2895136 -4.18171e-4 2.790555 0.2880482 -4.18171e-4 2.809519 0.2642103 -4.18171e-4 2.776019 0.2612794 0.01230563 2.791378 0.2881202 0.01453057 2.808501 0.2896183 0.01453057 2.810715 0.2643149 0.01230563 2.793592 0.2628168 0.01453057 2.777215 0.261384 0.01453057 2.775001 0.2866874 -0.01536691 2.808501 0.2896183 -0.01314199 2.791378 0.2881202 -0.01536691 2.810715 0.2643149 -0.01314199 2.793592 0.2628168 -0.01536691 2.777215 0.261384 -0.01536691 2.775001 0.2866874</float_array>
          <technique_common>
            <accessor source="#geom-Torso-positions-array" count="2109" stride="3">
              <param name="X" type="float"/>
              <param name="Y" type="float"/>
              <param name="Z" type="float"/>
            </accessor>
          </technique_common>
        </source>
        <source id="geom-Torso-normals">
          <float_array id="geom-Torso-normals-array" count="8055">0.2611307 -0.02083243 -0.9650787 0.235315 0.04746743 -0.9707593 0.2168427 0.6208606 -0.7533334 0.2156765 -0.01389063 -0.976366 0.2683088 -0.1109583 -0.9569214 0.6815342 -0.2094436 -0.7011737 3.12762e-8 -0.1099015 -0.9939425 0.8442755 -0.5087402 0.1684703 0.5973955 -0.5941227 0.5386436 0.7225522 0.1881606 0.6652172 0.9844751 0.1679111 0.05113342 0.6040176 -0.6684199 -0.4340248 0.007661544 -0.7133854 -0.70073 -0.01054778 -0.9999056 0.008809198 0.03969994 -0.6467761 0.761646 0.2176946 0.6333593 -0.7426069 0.5788676 0.6938451 -0.4283588 0.08884234 0.4981901 -0.8625044 -2.40316e-9 0.5551908 -0.831723 1.21699e-9 0.4276813 -0.9039295 -1.92651e-8 0.1992001 -0.9799589 0.431941 0.1970588 -0.8801107 0.8626312 0.1230758 -0.4906321 0.2664043 0.001752894 -0.9638597 3.90332e-8 -0.02142697 -0.9997705 0.7147825 -0.009622545 -0.6992806 0.1951835 -0.2637695 0.9446316 0.6206135 -0.1756575 0.7641882 0.503652 -0.03102577 0.8633493 0.0552576 0.0251347 0.9981557 -0.4417107 -0.2137967 0.8713109 -0.4410263 0.08450973 0.8935065 0.2433902 0.6125491 0.7520272 -9.02959e-9 0.5758617 0.8175472 5.99163e-9 0.5934664 0.8048589 0.03623877 0.6380193 0.7691671 0.5594937 0.7033975 0.438405 0.09729507 0.7628127 0.6392577 0.8431434 0.13851 0.5195423 0.3856391 0.1946151 0.9018909 -2.64103e-8 0.1839711 0.9829317 0.07674153 0.4122179 0.9078476 0 0.3746926 0.9271492 -2.3815e-9 0.401682 0.9157792 0.1631703 0.3303857 0.9296347 0.8989964 -0.007567573 0.4378905 0.9943008 0.08009727 0.07035977 0.9935283 0.04318346 0.1050553 0.8485409 -0.09438789 0.5206431 0.7700101 0.3087808 0.5583357 0.9290273 0.268889 0.2541791 0.4526482 0.4266499 0.782994 0.7224878 0.6908771 0.02646133 0.1449034 0.9889231 -0.03215621 0.9978418 0.06518853 -0.007890132 0.9834048 0.1445367 -0.1096556 0.9641042 0.0592102 -0.2588377 -0.1633959 0.001478176 0.9865595 -0.1841924 -0.6785085 0.7111254 -0.221514 -0.6713098 0.707301 -0.2011968 -5.07581e-8 0.9795508 -0.1780085 0.6744567 0.7165342 -0.2215179 0.6713079 0.7073016 0.143327 -0.07646953 -0.9867166 0.1673263 0.01971673 -0.9857044 0.1841643 0.598274 -0.7798408 0.1196944 0.7705141 -0.6260841 0.155221 0.6304078 -0.760587 0.06599219 -0.05348687 -0.9963856 0.07717077 0.09405772 0.9925714 0.1050241 0.7507921 0.6521358 0.1528105 0.7699152 0.61958 0.1540435 0.1915981 0.9693094 0.0789783 0.1149529 0.9902263 0.1342554 0.7070654 0.6942866 0.04289154 0.9990392 0.009000693 -0.02009727 0.996135 0.08550472 0.1910994 0.9814829 -0.01312889 0.3715421 0.9284161 1.65943e-6 0.3776181 0.6361137 -0.6728773 0.3769301 0.6371146 -0.6723158 0.3726191 0.9279844 1.66348e-6 0.3776194 0.6361128 0.6728774 0.3769306 0.6371158 0.6723143 0.2289038 0.6684876 0.7076209 0.2236784 0.974663 6.396e-7 0.2289059 0.6684872 -0.7076206 -0.1673302 0.9859006 7.02704e-4 -0.2181803 0.9759085 6.16387e-7 -0.1731507 0.6760122 -0.7162585 -0.2215181 0.6713096 -0.7072999 -0.1877112 -0.9822239 -8.31797e-4 -0.1887271 -0.6772235 -0.7111613 -0.2215182 -0.6713079 -0.7073016 -0.2181733 -0.9759099 -5.06947e-7 -0.1633521 -0.00213076 -0.9865656 -0.2012005 -1.11173e-6 -0.9795501 0.02734051 -0.9996262 8.46088e-7 0.02792188 -0.6875177 0.7256305 0.228906 -0.6684891 0.7076189 0.2236808 -0.9746624 -2.37072e-7 0.02792051 -0.6875172 -0.7256312 0.2289062 -0.6684891 -0.7076188 -0.04728253 -0.6881281 -0.7240471 -0.04654082 -0.9989164 1.64026e-6 -0.0472833 -0.6881292 0.7240459 0.3715329 -0.9284198 -5.31615e-7 0.377612 -0.6361143 0.6728802 0.376931 -0.6371127 0.6723173 0.3726066 -0.9279894 -4.63757e-7 0.3776115 -0.6361148 -0.67288 0.3769311 -0.6371127 -0.672317 0.3445746 3.77778e-7 -0.9387589 0.3466254 -1.57858e-6 -0.9380037 0.2056199 -2.48964e-7 -0.978632 0.3445751 6.52525e-7 0.9387587 0.3466252 -7.54541e-7 0.9380037 0.2056201 -2.06006e-6 0.9786319 0.02504789 -1.55099e-6 -0.9996862 0.02791492 0.6875194 -0.7256293 -0.04728303 0.6881277 -0.7240474 -0.04276868 3.62825e-7 -0.999085 0.0250473 1.03563e-6 0.9996863 0.02791769 0.6875201 0.7256285 -0.04276743 2.72894e-7 0.9990851 -0.04728125 0.6881273 0.7240478 0.02732852 0.9996266 4.67837e-7 -0.04653763 0.9989165 2.46419e-6 0.4613373 -0.05917097 -0.8852495 0.8508318 -0.0632483 -0.5216176 -2.42999e-8 -0.06045332 -0.998171 -1.99219e-8 -0.09717943 -0.9952669 0.4747943 -0.09235967 -0.8752372 0.856147 -0.08513264 -0.5096712 0.04537488 0.9986163 0.02658179 0.1362603 0.7272728 -0.6726867 0.1117038 0.7699414 0.6282616 0.2141357 0.2804163 0.9356883 0.2010176 0.460586 0.8645533 0.1502872 0.253038 0.9557121 0.1242167 0.3056217 0.9440157 0.2338628 0.1182514 -0.9650517 0.09664665 0.4751109 0.8746022 -0.3724828 0.2976198 0.8790217 0.102419 0.173616 -0.9794732 -8.44291e-9 0.08047435 -0.9967567 0.9979268 -0.06433088 0.001953832 0.8356683 -0.06099535 0.545837 0.9966373 -0.08185631 0.003662328 0.8412266 -0.09090022 0.5329868 0.421976 -0.05930172 0.9046655 -1.44769e-8 -0.06150358 0.9981068 0.4367553 -0.09622659 0.894419 -1.96838e-8 -0.09759033 0.9952267 -0.8411202 -5.42274e-4 0.540848 0 -0.1909 0.9816095 0.5964918 -0.8026173 0.001747686 0.5836219 -0.5591214 -0.5888708 0.9971007 -0.07587913 0.005700226 0.9982722 -0.03469351 -0.04742467 0.998325 -0.04271955 0.03901702 0.5838745 -0.5610771 0.5867565 0.6040789 -0.001828352 -0.7969224 0.5838752 0.5610759 -0.5867568 0.9965417 -0.005236724 -0.08292782 0.998325 0.04271959 -0.03901713 0.6040846 0.001827885 0.7969181 0.9965428 0.005234686 0.08291609 0.9982722 0.03469472 0.04742246 0.5836217 0.5591213 0.5888711 0.5964988 0.8026121 -0.001745065 0.9971007 0.07588005 -0.005700316 0.05845665 -4.36133e-7 0.9982899 0.0618814 -0.6910852 0.7201194 0.06187582 0.6910844 0.7201207 0.06211355 0.9980691 4.62706e-7 0.0618756 0.6910836 -0.7201214 0.06211082 -0.9980692 -3.62358e-7 0.06187833 -0.6910852 -0.7201195 0.05845531 1.90606e-6 -0.99829 -0.02962232 -0.9995409 0.00636657 -0.01160549 -0.7042172 -0.7098897 0.01833805 -0.6620663 0.7492209 0.04322059 -0.03281004 -0.9985266 0.1178594 0.6532958 -0.7478729 0.0601 0.07613288 0.9952848 0.09938744 0.702106 0.7051023 0.1409405 0.9900027 -0.00551957 -0.2611307 -0.02083241 -0.9650786 -0.2156766 -0.01389061 -0.976366 -0.2168426 0.6208606 -0.7533336 -0.2353149 0.04746743 -0.9707593 -0.2683088 -0.1109583 -0.9569214 -0.6815342 -0.2094436 -0.7011737 -0.8442757 -0.5087402 0.1684703 -0.9844751 0.1679111 0.05113343 -0.7225522 0.1881605 0.6652172 -0.5973955 -0.5941226 0.5386437 -0.6040177 -0.6684198 -0.4340248 0.01054736 -0.9999056 0.008808981 -0.007661331 -0.7133858 -0.7007297 -0.03969845 -0.6467764 0.7616458 -0.2176946 0.6333591 -0.7426071 -0.08884231 0.4981901 -0.8625043 -0.5788674 0.6938453 -0.4283589 -0.431941 0.1970587 -0.8801107 -0.862631 0.1230759 -0.4906323 -0.2664044 0.001752923 -0.9638597 -0.7147825 -0.009622586 -0.6992806 -0.1951834 -0.2637697 0.9446316 -0.05525771 0.02513471 0.9981557 -0.5036521 -0.03102576 0.8633492 -0.6206135 -0.1756575 0.7641881 0.4417102 -0.2137966 0.8713112 0.4410263 0.08450969 0.8935065 -0.2433902 0.6125491 0.7520272 -0.03623877 0.6380193 0.7691671 -0.5594934 0.7033976 0.4384052 -0.09729509 0.7628127 0.6392578 -0.3856392 0.1946151 0.9018911 -0.8431433 0.1385101 0.5195425 -0.07674153 0.4122178 0.9078476 -0.1631703 0.3303857 0.9296347 -0.8989964 -0.007567483 0.4378907 -0.8485409 -0.09438794 0.5206431 -0.9935283 0.04318351 0.1050554 -0.9943008 0.08009743 0.07035971 -0.7700102 0.3087808 0.5583356 -0.9290273 0.268889 0.2541792 -0.4526482 0.4266499 0.7829939 -0.7224876 0.6908772 0.0264613 -0.1449034 0.9889232 -0.03215623 -0.9978417 0.06518862 -0.00789015 -0.9641042 0.05921018 -0.2588378 -0.9834046 0.1445367 -0.1096556 0.1634139 0.00147838 0.9865565 0.2012082 -4.45682e-8 0.9795485 0.2215261 -0.6713081 0.7072989 0.1842124 -0.6785058 0.7111227 0.1780285 0.6744538 0.7165319 0.22153 0.6713061 0.7072995 -0.1433269 -0.07646948 -0.9867166 -0.1673263 0.01971675 -0.9857045 -0.1841642 0.5982741 -0.7798409 -0.1196943 0.7705141 -0.6260841 -0.06598922 -0.05348676 -0.9963857 -0.1552128 0.6304089 -0.7605877 -0.07717075 0.09405775 0.9925713 -0.1540435 0.1915981 0.9693094 -0.1528104 0.7699152 0.61958 -0.1050241 0.7507921 0.6521359 -0.07897457 0.1149537 0.9902266 -0.1342481 0.7070663 0.6942871 -0.04289159 0.9990392 0.009000672 0.02009723 0.996135 0.0855047 -0.1910884 0.9814849 -0.01312873 -0.3715414 0.9284164 1.65446e-6 -0.3726203 0.9279838 1.63323e-6 -0.3769315 0.6371142 -0.6723155 -0.3776175 0.6361139 -0.6728775 -0.3776188 0.636113 0.6728777 -0.3769319 0.6371155 0.672314 -0.2236777 0.9746632 6.37131e-7 -0.2289031 0.6684878 0.7076209 -0.2289052 0.6684873 -0.7076208 0.1673491 0.9858975 7.0275e-4 0.2181924 0.9759058 6.18905e-7 0.1731702 0.6760096 -0.7162563 0.2215302 0.6713079 -0.7072978 0.1877313 -0.98222 -8.31855e-4 0.2181855 -0.9759074 -4.98143e-7 0.2215303 -0.6713061 -0.7072995 0.1887475 -0.6772208 -0.7111585 0.1633701 -0.002130851 -0.9865626 0.2012119 -1.11421e-6 -0.9795477 -0.0273407 -0.9996262 8.56042e-7 -0.2236802 -0.9746625 -2.42011e-7 -0.2289053 -0.6684892 0.707619 -0.02792207 -0.6875176 0.7256306 -0.02792068 -0.6875173 -0.7256312 -0.2289055 -0.6684892 -0.7076189 0.04654112 -0.9989164 1.68064e-6 0.04728284 -0.6881281 -0.724047 0.0472836 -0.6881292 0.7240459 -0.3715323 -0.9284201 -5.36583e-7 -0.3726079 -0.9279888 -4.43594e-7 -0.3769322 -0.6371123 0.6723169 -0.3776114 -0.6361145 0.6728805 -0.3776109 -0.6361149 -0.6728802 -0.3769324 -0.6371124 -0.6723167 -0.344574 3.63059e-7 -0.9387591 -0.3466265 -1.57361e-6 -0.9380032 -0.2056193 -2.88017e-7 -0.9786321 -0.3445745 6.52525e-7 0.9387589 -0.3466265 -7.54541e-7 0.9380034 -0.2056194 -2.06006e-6 0.978632 -0.02504794 -1.55589e-6 -0.9996862 -0.02791497 0.6875194 -0.7256293 0.04276837 4.01899e-7 -0.9990849 0.04728309 0.6881277 -0.7240474 -0.02504746 1.00618e-6 0.9996863 -0.02791789 0.6875201 0.7256285 0.0427677 2.62971e-7 0.9990851 0.04728155 0.6881272 0.7240479 -0.02732858 0.9996266 5.07652e-7 0.04653772 0.9989165 2.53359e-6 -0.4613372 -0.05917097 -0.8852496 -0.8508317 -0.06324837 -0.5216178 -0.4747942 -0.09235969 -0.8752373 -0.8561469 -0.08513267 -0.5096714 -0.04537488 0.9986163 0.0265818 -0.1362604 0.7272728 -0.6726866 -0.1117038 0.7699414 0.6282616 -0.2141357 0.2804164 0.9356883 -0.1502872 0.2530381 0.9557121 -0.2010176 0.460586 0.8645532 -0.1242167 0.3056217 0.9440157 -0.2338629 0.1182514 -0.9650517 -0.09664672 0.475111 0.8746022 0.3724829 0.2976198 0.8790216 -0.102419 0.173616 -0.9794732 -0.9979267 -0.06433094 0.001953847 -0.8356681 -0.06099539 0.5458373 -0.9966373 -0.08185636 0.003662347 -0.8412265 -0.09090026 0.5329869 -0.4219759 -0.05930173 0.9046655 -0.4367551 -0.09622657 0.894419 0.8411202 -5.42133e-4 0.540848 -0.5964895 -0.802619 0.001747497 -0.5836186 -0.5591238 -0.5888717 -0.9971002 -0.07588536 0.005699554 -0.9982717 -0.03470034 -0.04742786 -0.5838717 -0.5610784 0.5867579 -0.9983245 -0.04272448 0.03902364 -0.6040817 -0.001827374 -0.7969202 -0.5838728 0.5610772 -0.586758 -0.9965423 -0.00523404 -0.08292279 -0.9983245 0.04272452 -0.03902375 -0.6040822 0.001827716 0.7969199 -0.9965422 0.005234062 0.08292282 -0.5836189 0.5591229 0.5888724 -0.9982717 0.0347006 0.04742809 -0.5964966 0.8026137 -0.001744767 -0.9971002 0.07588628 -0.00569964 -0.05845773 -4.52286e-7 0.9982898 -0.06188256 -0.6910852 0.7201194 -0.06187696 0.6910843 0.7201206 -0.06211471 0.998069 4.68281e-7 -0.06187677 0.6910835 -0.7201214 -0.062112 -0.9980692 -3.79083e-7 -0.06187949 -0.6910852 -0.7201196 -0.05845644 1.90606e-6 -0.9982899 0.02961989 -0.9995409 0.006366637 0.01160462 -0.704217 -0.7098899 -0.01833635 -0.6620656 0.7492215 -0.04321644 -0.03280841 -0.9985269 -0.1178473 0.6532987 -0.7478722 -0.06009474 0.0761345 0.9952849 -0.09937775 0.7021081 0.7051015 -0.1409255 0.9900048 -0.005520013 -0.4083267 0.08611847 0.9087645 -0.3342046 -0.2889549 0.8971133 0.03908747 -0.4113557 0.9106364 -0.1928582 0.1268318 0.972995 -0.3778407 0.6743204 0.6344513 -0.09934532 0.7720153 0.6277921 -0.6369521 0.6469063 0.4192902 -0.7896296 0.03327717 0.6126807 -0.6449416 -0.4873241 0.5886982 -0.4960498 -0.8654306 -0.07045912 -0.3474248 -0.8307174 0.4349765 -0.8127705 -0.5823104 0.0178541 -0.04402205 -0.8627367 -0.5037337 -0.5227633 -0.6447285 -0.5577131 0.4313349 -0.9021778 0.005046139 -0.0656165 0.08595861 0.9941356 0.05598395 0.7591122 0.6485479 -0.05946163 -0.5557365 0.8292294 -0.136297 -0.8229777 0.5514807 0.06203765 0.03548189 0.9974429 0.4488711 0.7809477 0.4343218 0.09466497 0.9849507 0.1446054 0.2279029 0.9736285 -0.01038611 -0.08827189 0.7933839 -0.6022874 0.007822362 0.9981335 0.06056643 -0.04536692 -0.9987595 -0.02052656 0.06581141 -0.9977904 -0.009121048 0.4169451 -0.8385449 -0.3507125 0.04106631 -0.9943129 -0.0982612 -0.2224015 -0.9730272 -0.06128373 -0.1359318 -0.7392531 -0.6595661 -0.1522775 -0.08665268 -0.9845319 -0.2189986 0.04773758 -0.9745566 -0.1141492 0.06093127 -0.9915933 -0.05533374 -0.6467584 -0.7606851 -0.1259798 -0.658203 -0.7422251 -0.9980594 -0.06006856 0.01640547 -0.7858816 -0.05748283 -0.6156995 -0.839991 0.5411238 -0.04000101 -0.7354825 0.4186653 -0.5327145 -0.1791267 -0.9787905 -0.09941141 0.1266242 -0.8735723 0.4699337 0.1097074 -0.8756107 -0.4703937 0.6780044 -0.5976208 -0.427971 0.7950235 -0.5998828 -0.08987844 0.8393638 -0.4499782 0.3049394 0.4066469 -0.06943416 -0.910943 0.1545611 0.196833 -0.9681775 0.8361675 0.3200687 -0.4453988 0.5274176 0.7370286 -0.422634 0.2894035 -0.1934579 0.9374538 0.8789746 0.2363083 0.4142006 0.9963212 -0.0376964 0.07696112 0.7959 -0.3550427 -0.4903955 0.7890754 -0.582312 0.195634 0.5995063 -0.4714883 0.6467541 -0.381975 -0.01277682 -0.9240843 -0.4183588 0.5394756 -0.7307134 -0.2316281 -0.5597264 -0.7956474 0.04514863 -0.8923792 -0.4490221 0.0758924 -0.9625904 -0.2601157 0.1971993 -0.7711833 -0.6053006 -0.2085116 0.9687714 0.1341823 -0.1882337 0.9814468 0.03647357 -0.473345 0.8462745 -0.2444669 0.07511526 -0.9646231 0.2527054 0.8633955 0.5036057 -0.0304896 0.5989457 0.7984889 -0.06065929 -0.1893866 -0.5677682 0.8011068 0.3981268 -0.4667814 -0.7896899 0.3206749 0.9427363 -0.09173799 0.2163102 0.8580623 -0.4657672 0.01116678 -0.9730154 -0.2304701 0.07823419 0.3140486 -0.946178 0.4083261 0.08611931 0.9087647 0.1928588 0.1268299 0.9729952 -0.03908431 -0.4113563 0.9106363 0.334204 -0.2889546 0.8971136 0.3778381 0.6743215 0.6344517 0.09934641 0.7720133 0.6277943 0.7896307 0.03327785 0.6126794 0.6369525 0.6469063 0.4192896 0.6449418 -0.4873236 0.5886984 0.4960485 -0.8654311 -0.07046217 0.8127714 -0.5823092 0.01785279 0.3474239 -0.8307166 0.4349788 0.04401952 -0.8627346 -0.5037372 0.522764 -0.6447282 -0.5577126 -0.4313376 -0.9021764 0.005044954 0.06561656 0.08595951 0.9941356 -0.05598294 0.7591121 0.648548 0.05946172 -0.5557413 0.8292261 -0.06203757 0.03548232 0.9974429 0.1362982 -0.8229775 0.5514805 -0.448871 0.7809474 0.4343224 -0.09466515 0.9849507 0.1446053 -0.007822073 0.9981334 0.06056817 0.08827142 0.7933835 -0.6022878 -0.2279029 0.9736285 -0.01038601 0.04536751 -0.9987594 -0.02052461 -0.04106507 -0.9943134 -0.09825803 -0.4169469 -0.8385441 -0.3507122 -0.06581407 -0.9977902 -0.009123538 0.2224053 -0.9730264 -0.06128272 0.1359317 -0.7392542 -0.6595648 0.1522762 -0.08665505 -0.9845319 0.1141492 0.06093149 -0.9915933 0.2189984 0.04773511 -0.9745569 0.05533495 -0.646758 -0.7606853 0.1259789 -0.6582034 -0.7422248 0.9980594 -0.0600689 0.01640552 0.7858826 -0.05748328 -0.6156983 0.8399943 0.5411188 -0.04000084 0.7354826 0.4186677 -0.5327126 0.1791259 -0.9787907 -0.0994118 -0.1266256 -0.8735707 0.4699362 -0.1097048 -0.8756105 -0.4703946 -0.7950271 -0.5998783 -0.08987752 -0.6779994 -0.5976247 -0.4279738 -0.8393635 -0.4499786 0.3049396 -0.4066478 -0.06943037 -0.9109429 -0.1545603 0.1968325 -0.9681777 -0.8361664 0.3200715 -0.4453985 -0.5274169 0.7370281 -0.4226358 -0.2894012 -0.1934562 0.9374549 -0.8789733 0.2363104 0.414202 -0.9963211 -0.03769733 0.07696232 -0.7890735 -0.5823144 0.1956351 -0.7958967 -0.3550457 -0.4903987 -0.5995003 -0.4714936 0.6467559 0.3819745 -0.01277733 -0.9240845 0.4183592 0.5394754 -0.7307132 0.2316289 -0.559724 -0.7956488 -0.04514936 -0.8923798 -0.4490208 -0.07589435 -0.9625904 -0.2601149 -0.1971997 -0.7711864 -0.6052965 0.2085105 0.9687715 0.1341838 0.1882341 0.9814467 0.03647404 0.4733474 0.8462731 -0.2444671 -0.07511187 -0.9646238 0.2527035 -0.8633949 0.5036066 -0.03048992 -0.5989465 0.798488 -0.06066096 0.1893889 -0.5677674 0.8011068 -0.3981246 -0.4667841 -0.7896894 -0.3206756 0.9427359 -0.09174061 -0.216313 0.8580619 -0.4657665 -0.01116526 -0.9730154 -0.2304699 -0.07823822 0.3140535 -0.9461761 0.3620806 0 -0.9321468 0.3620805 0 -0.9321468 0.3837395 0 -0.9234414 0.3716311 0 -0.9283805 0.3587979 0 -0.9334153 0.37535 0 -0.9268832 0.3212938 0 -0.9469795 0.3253713 0 -0.9455864 0.353415 0 -0.9354666 0.3884903 0 -0.9214528 0.4416081 0 -0.897208 0.441608 0 -0.8972082 -0.3620806 0 0.9321468 -0.3716309 0 0.9283805 -0.383739 0 0.9234415 -0.3620805 0 0.9321468 -0.3753498 0 0.9268833 -0.3587982 0 0.9334152 -0.3253716 0 0.9455861 -0.3212942 0 0.9469794 -0.3884903 0 0.9214528 -0.353415 0 0.9354666 -0.441608 0 0.8972082 -0.4416081 0 0.897208 0.619564 -0.7849462 0 0.6085999 -0.7934772 0 0.6030626 -0.7976939 0 0.6195639 -0.7849462 0 0.528436 -0.8489732 0 0.4940222 -0.8694493 0 0.232094 -0.9726934 0 0.1282822 -0.9917377 0 -0.3350194 -0.9422112 0 -0.4687978 -0.8833055 0 -0.6845921 -0.7289264 0 -0.684592 -0.7289264 0 1 0 0 1 0 0 1 0 0 1 0 0 0.6845921 0.7289265 0 0.3350194 0.9422112 0 0.4687977 0.8833055 0 0.684592 0.7289264 0 -0.232094 0.9726933 0 -0.1282823 0.9917377 0 -0.5284359 0.8489732 0 -0.4940223 0.8694493 0 -0.6085999 0.7934774 0 -0.6030625 0.7976939 0 -0.6195639 0.7849463 0 -0.6195639 0.7849462 0 -1 0 0 -1 0 0 -1 0 0 -1 0 0 -0.3620804 0 -0.9321468 -0.3716311 0 -0.9283805 -0.3837396 0 -0.9234414 -0.3620804 0 -0.9321468 -0.37535 0 -0.9268831 -0.3587978 0 -0.9334154 -0.3253711 0 -0.9455864 -0.3212938 0 -0.9469796 -0.3884904 0 -0.9214527 -0.3534151 0 -0.9354666 -0.4416081 0 -0.897208 -0.4416082 0 -0.897208 0.3620804 0 0.9321468 0.3620804 0 0.9321468 0.3837391 0 0.9234416 0.3716308 0 0.9283805 0.358798 0 0.9334152 0.3753498 0 0.9268832 0.3212941 0 0.9469795 0.3253715 0 0.9455863 0.3534151 0 0.9354666 0.3884905 0 0.9214527 0.4416082 0 0.897208 0.4416081 0 0.897208 -0.6195638 -0.7849463 0 -0.6195637 -0.7849463 0 -0.6030626 -0.7976939 0 -0.6085998 -0.7934772 0 -0.4940221 -0.8694493 0 -0.5284359 -0.8489732 0 -0.1282821 -0.9917377 0 -0.2320938 -0.9726933 0 0.468798 -0.8833055 0 0.3350195 -0.9422112 0 0.6845922 -0.7289262 0 0.6845922 -0.7289262 0 -1 0 0 -1 0 0 -1 0 0 -1 0 0 -0.6845922 0.7289262 0 -0.6845922 0.7289262 0 -0.468798 0.8833055 0 -0.3350195 0.9422112 0 0.1282821 0.9917377 0 0.2320938 0.9726934 0 0.4940222 0.8694493 0 0.5284359 0.8489733 0 0.6030626 0.7976939 0 0.6085998 0.7934774 0 0.6195637 0.7849463 0 0.6195638 0.7849464 0 1 0 0 1 0 0 1 0 0 1 0 0 3.42421e-8 -1.51776e-7 1 8.32839e-8 0.4030924 0.9151593 -0.1542568 0.372409 0.9151593 -0.2850299 0.2850294 0.9151591 -0.3724091 0.1542564 0.9151592 -0.4030928 -1.00431e-7 0.9151591 -0.3724094 -0.1542566 0.9151591 -0.28503 -0.2850297 0.915159 -0.1542565 -0.3724093 0.9151591 1.27375e-7 -0.4030927 0.9151592 0.1542566 -0.3724094 0.915159 0.2850297 -0.2850299 0.915159 0.3724093 -0.1542564 0.9151592 0.4030929 3.55181e-8 0.9151591 0.3724092 0.1542569 0.9151591 0.2850299 0.2850296 0.915159 0.1542568 0.3724089 0.9151593 -0.2750953 0.6641383 0.6951566 4.67226e-7 0.7188587 0.6951562 -0.5083098 0.5083092 0.6951567 -0.6641384 0.2750953 0.6951565 -0.7188583 -2.31127e-7 0.6951566 -0.6641385 -0.2750953 0.6951566 -0.5083096 -0.5083095 0.6951567 -0.2750955 -0.6641384 0.6951564 2.31127e-7 -0.7188581 0.6951569 0.2750952 -0.6641385 0.6951566 0.5083097 -0.5083095 0.6951567 0.6641386 -0.2750953 0.6951565 0.7188583 2.83318e-7 0.6951567 0.6641383 0.2750957 0.6951565 0.5083095 0.5083098 0.6951566 0.2750954 0.6641387 0.6951562 -0.3548542 0.8566958 0.3743671 3.82112e-7 0.9272806 0.3743671 -0.6556866 0.6556862 0.3743671 -0.8566957 0.3548549 0.374367 -0.9272806 -8.04448e-8 0.374367 -0.8550715 -0.3842814 0.34811 -0.6573451 -0.7189367 0.2258926 -0.3588218 -0.9256033 0.1204387 -0.008958479 -0.9957657 0.09149018 0.30989 -0.9339127 0.178256 0.6556864 -0.6556864 0.3743671 0.8566957 -0.3548547 0.3743669 0.9272806 3.59488e-7 0.374367 0.8566953 0.3548554 0.3743672 0.6556861 0.6556868 0.3743671 0.354854 0.8566958 0.3743675 -0.3769912 0.9101391 -0.1718264 -3.74637e-7 0.9851276 -0.171824 -0.6965905 0.6965898 -0.1718258 -0.910139 0.3769917 -0.171826 -0.9851274 1.62886e-8 -0.171826 -0.8635789 -0.4768648 -0.1638035 -0.56688 -0.7963639 -0.2108355 -0.2745781 -0.9080934 -0.3161854 -0.008682855 -0.9289761 -0.3700379 0.07084718 -0.9313465 -0.3571756 0.5447755 -0.8079765 -0.2244853 0.9101393 -0.3769912 -0.171826 0.9851273 -2.71476e-9 -0.171826 0.9101383 0.3769933 -0.1718265 0.6965895 0.696591 -0.1718258 0.3769917 0.9101389 -0.1718265 -0.3248182 0.7841814 -0.5287274 -6.2285e-7 0.8487941 -0.5287235 -0.6001875 0.6001867 -0.5287257 -0.7841821 0.3248191 -0.528726 -0.8487926 1.80536e-8 -0.528726 -0.740719 -0.4180128 -0.5259285 -0.4658132 -0.777978 -0.4216258 -0.2220887 -0.9027007 -0.3685214 -2.37034e-7 -0.9352795 -0.35391 0.08275755 -0.9344296 -0.3463994 0.3720338 -0.7842515 -0.4965283 0.7841827 -0.3248183 -0.5287256 0.8487931 2.14838e-6 -0.528725 0.7841814 0.3248181 -0.5287275 0.6001862 0.6001881 -0.5287256 0.3248194 0.7841807 -0.5287278 -1.00258e-8 -1.67817e-7 1 -2.44952e-9 0.4030924 0.9151592 -0.1542568 0.372409 0.9151593 -0.2850299 0.2850295 0.9151591 -0.3724092 0.1542562 0.9151592 -0.4030928 -1.86164e-7 0.9151591 -0.3724093 -0.1542566 0.9151591 -0.2850301 -0.2850296 0.915159 -0.1542565 -0.3724093 0.9151591 6.00134e-8 -0.4030927 0.9151592 0.1542566 -0.3724095 0.9151591 0.2850297 -0.2850299 0.9151591 0.3724093 -0.1542564 0.9151592 0.4030928 1.45747e-7 0.9151591 0.3724093 0.1542568 0.9151592 0.28503 0.2850296 0.915159 0.1542568 0.372409 0.9151593 -0.2750954 0.6641382 0.6951568 4.0758e-7 0.7188588 0.6951562 -0.5083098 0.5083092 0.6951567 -0.6641386 0.2750953 0.6951564 -0.7188582 -1.31718e-7 0.6951567 -0.6641384 -0.2750951 0.6951566 -0.5083097 -0.5083096 0.6951567 -0.2750955 -0.6641385 0.6951565 1.88878e-7 -0.7188581 0.6951569 0.2750951 -0.6641385 0.6951565 0.5083096 -0.5083095 0.6951567 0.6641386 -0.2750953 0.6951564 0.7188583 4.87107e-7 0.6951567 0.6641383 0.2750957 0.6951565 0.5083095 0.5083098 0.6951565 0.2750955 0.6641387 0.6951562 -0.3548542 0.8566958 0.3743671 2.81557e-7 0.9272806 0.3743672 -0.6556866 0.6556861 0.3743671 -0.8566956 0.3548549 0.374367 -0.9272806 1.15639e-7 0.3743669 -0.8566958 -0.3548546 0.374367 -0.6216468 -0.7203373 0.3076841 -0.3588218 -0.9256032 0.1204387 -0.008958143 -0.9957657 0.09148982 0.346938 -0.9261917 0.1476581 0.651374 -0.7064625 0.2768082 0.8566958 -0.3548546 0.3743669 0.9272806 5.43002e-7 0.3743671 0.8566954 0.3548554 0.3743672 0.6556861 0.6556867 0.3743671 0.3548541 0.8566958 0.3743675 -0.3769913 0.9101391 -0.1718265 -3.52919e-7 0.9851276 -0.171824 -0.6965903 0.6965902 -0.1718255 -0.9101394 0.3769913 -0.1718247 -0.9851273 1.35738e-7 -0.1718259 -0.9101391 -0.3769914 -0.1718261 -0.4954035 -0.8545294 -0.1560605 -0.127055 -0.9554583 -0.2663763 -0.008681859 -0.9289746 -0.3700418 0.2528735 -0.9009504 -0.3526236 0.551811 -0.7876379 -0.2741008 0.8711066 -0.4508665 -0.1946605 0.9851272 -3.52919e-8 -0.1718261 0.9101385 0.3769933 -0.1718253 0.6965895 0.6965908 -0.1718259 0.3769917 0.9101389 -0.1718266 -0.3248181 0.7841814 -0.5287275 -7.28915e-7 0.8487941 -0.5287236 -0.6001868 0.6001874 -0.5287257 -0.7841828 0.3248204 -0.5287238 -0.8487929 9.92949e-8 -0.5287255 -0.7841824 -0.3248187 -0.5287257 -0.38436 -0.7704211 -0.5086441 -0.07120577 -0.9326304 -0.3537377 -2.74216e-7 -0.9352761 -0.353919 0.2220898 -0.9027002 -0.3685218 0.4747237 -0.7753183 -0.4165561 0.7390491 -0.430102 -0.5184773 0.8487927 1.76926e-6 -0.5287257 0.784182 0.3248205 -0.5287252 0.6001861 0.6001883 -0.5287254 0.3248193 0.7841806 -0.5287279 0.3251075 0.09281458 0.9411113 0.4117498 -0.04218462 0.9103201 0.2373042 -0.2810419 0.9298936 0.3516086 -0.1104717 0.929606 0.4311702 -0.03027916 0.9017624 4.868e-4 -0.03868326 0.9992514 0 -0.1844311 0.9828454 0.1601503 -0.1460223 0.9762322 0.02730648 -0.2141268 0.9764242 -1.7612e-5 0.328812 0.9443953 0.3360143 0.299821 0.8928616 0.4550532 0.1409451 0.8792389 0.4336087 0.1898566 0.8808734 0.5405536 0.07009517 0.8383845 0.3013212 0.4942986 0.8153983 0.2284889 0.03149511 0.973037 0.2395685 0.3907044 0.8887952 0.5560734 0.06281654 0.828756 0.02476219 0.02397353 0.9994058 0.02476219 0.02397353 0.9994059 0.02476219 0.02397353 0.999406 0.02922076 0 0.9995729 0.02922077 0 0.9995731 0.02922076 0 0.999573 0.4848654 0 0.8745889 0.4848653 0 0.8745888 0.4848653 0 0.8745888 0.4848654 0 0.8745889 0.4848653 0 0.8745888 0.4848653 0 0.8745888 0.3297417 0 0.9440712 0.3297417 0 0.9440712 0.3297417 0 0.9440712 0.3297417 0 0.9440712 0.3297417 0 0.9440712 0.3297417 0 0.9440712 0.5169376 0 0.8560231 0.5169376 0 0.856023 0.5169376 0 0.8560231 0.5169377 0 0.856023 0.5169377 0 0.8560231 0.5169376 0 0.856023 0.2742514 0 0.961658 0.2742514 0 0.961658 0.2742514 0 0.9616581 0.2742514 0 0.9616581 0.2742514 0 0.9616581 0.2742514 0 0.9616581 0.1801574 -0.479787 0.8586895 0.1801574 -0.479787 0.8586895 0.1801574 -0.479787 0.8586895 0.2216344 0.1068815 0.9692547 0.2216344 0.1068815 0.9692547 0.2216344 0.1068815 0.9692546 0.2730775 0 0.961992 0.2730775 0 0.961992 0.2730775 0 0.961992 0.2730775 0 0.961992 0.2730775 0 0.961992 0.2730775 0 0.961992 0.4240561 0 0.9056358 0.4240561 0 0.905636 0.4240561 0 0.9056359 0.4240561 0 0.9056358 0.4240561 0 0.905636 0.4240561 0 0.9056359 0.2258897 0.09713408 0.9692981 0.2258897 0.09713409 0.9692981 0.2258897 0.09713408 0.9692981 0.1754056 -0.2047829 0.9629626 0.1754056 -0.2047829 0.9629624 0.1754056 -0.2047829 0.9629624 0.1863716 0 0.9824794 0.1863716 0 0.9824793 0.1863716 0 0.9824794 0.2407527 -0.4445233 0.8628078 0.2407527 -0.4445232 0.8628078 0.2407527 -0.4445233 0.8628078 -8.08833e-6 -0.2448682 0.9695564 -8.08833e-6 -0.2448682 0.9695564 -8.08833e-6 -0.2448682 0.9695563 -0.2316351 -0.2240331 0.9466543 -0.2316351 -0.2240331 0.9466543 -0.2316351 -0.2240331 0.9466543 0.1301845 -0.1519905 0.9797709 0.1301845 -0.1519905 0.9797708 0.1301846 -0.1519905 0.9797709 -8.22076e-6 -0.1700788 0.9854304 -8.22076e-6 -0.1700788 0.9854305 -8.22076e-6 -0.1700788 0.9854305 -0.3268541 0.08411775 0.9413239 -0.2380871 -0.2877855 0.9276281 -0.4140337 -0.04966425 0.9089057 -0.3543183 -0.1192821 0.927486 -0.4338158 -0.04201727 0.9000213 -0.02730649 -0.2141268 0.9764242 -0.1601498 -0.1460225 0.9762323 -0.3476844 0.2787149 0.8952281 -0.4361015 0.1945971 0.8786054 -0.4570036 0.1449966 0.8775669 -0.5431744 0.074908 0.8362716 -0.3023007 0.4937467 0.8153702 -0.2396637 0.3901367 0.8890189 -0.2284877 0.03147228 0.973038 -0.5589625 0.06766942 0.8264271 -0.02922078 0 0.999573 -0.02922078 0 0.9995731 -0.02922077 0 0.9995729 -0.0247622 0.02397354 0.9994059 -0.0247622 0.02397355 0.9994059 -0.0247622 0.02397354 0.9994058 -0.4848653 0 0.8745888 -0.4848653 0 0.8745888 -0.4848654 0 0.8745889 -0.4848653 0 0.8745888 -0.4848653 0 0.8745888 -0.4848654 0 0.8745889 -0.3297417 0 0.9440712 -0.3297417 0 0.9440712 -0.3297417 0 0.9440712 -0.3297417 0 0.9440712 -0.3297417 0 0.9440712 -0.3297417 0 0.9440712 -0.5169376 0 0.856023 -0.5169377 0 0.8560231 -0.5169377 0 0.856023 -0.5169376 0 0.8560231 -0.5169376 0 0.856023 -0.5169376 0 0.8560231 -0.2742514 0 0.9616581 -0.2742514 0 0.9616581 -0.2742514 0 0.9616581 -0.2742514 0 0.9616581 -0.2742514 0 0.961658 -0.2742514 0 0.961658 -0.2216303 0.1067826 0.9692664 -0.2216304 0.1067827 0.9692665 -0.2216303 0.1067826 0.9692664 -0.1798144 -0.4820902 0.8574706 -0.1798144 -0.4820902 0.8574706 -0.1798143 -0.4820902 0.8574706 -0.2730775 0 0.961992 -0.2730775 0 0.961992 -0.2730775 0 0.961992 -0.2730775 0 0.961992 -0.2730775 0 0.961992 -0.2730775 0 0.961992 -0.4240561 0 0.9056359 -0.4240561 0 0.905636 -0.4240561 0 0.9056358 -0.4240561 0 0.9056359 -0.4240561 0 0.905636 -0.4240561 0 0.9056358 -0.1754057 -0.2047829 0.9629625 -0.1754057 -0.2047829 0.9629624 -0.1754057 -0.2047829 0.9629624 -0.2258784 0.09704925 0.9693092 -0.2258784 0.09704925 0.9693093 -0.2258785 0.09704927 0.9693093 -0.2407026 -0.4474426 0.8613114 -0.2407026 -0.4474426 0.8613114 -0.2407026 -0.4474426 0.8613114 -0.1861682 0 0.9825178 -0.1861682 0 0.9825178 -0.1861682 0 0.9825179 0.2316351 -0.2240331 0.9466543 0.2316351 -0.2240331 0.9466543 0.2316351 -0.2240331 0.9466543 8.08833e-6 -0.2448682 0.9695563 8.08833e-6 -0.2448682 0.9695564 8.08833e-6 -0.2448682 0.9695564 8.22076e-6 -0.1700788 0.9854305 8.22076e-6 -0.1700788 0.9854305 8.22076e-6 -0.1700788 0.9854304 -0.1301846 -0.1519905 0.9797709 -0.1301845 -0.1519905 0.9797708 -0.1301845 -0.1519905 0.9797709 1.89969e-8 0.2381148 -0.9712371 2.75461e-7 0.1317703 -0.9912803 0.1352112 0.1361182 -0.9814223 0.1364522 0.2432916 -0.9603072 0.3025916 0.1413432 -0.9425818 0.2975813 0.2569377 -0.9194718 0.7777882 0.1522169 -0.6098158 0.5131259 0.1412648 -0.8466086 0.7331001 0.3190666 -0.6006337 0.5038723 0.2789513 -0.8174955 -8.94488e-9 0.02781018 0.9996132 0.1073572 0.09400856 0.9897661 0.01795908 -0.1094135 0.9938341 -0.2340822 -0.1398555 0.962105 0.2766545 0.113581 0.9542335 0.2371352 -0.06014069 0.9696134 0.4671188 0.1619715 0.8692325 0.4478033 -0.003478823 0.8941253 0.6815425 0.2373038 0.6922332 0.6755295 0.0819666 0.7327628 0.8373992 0.3265346 0.4383353 0.8312241 0.1724862 0.5285025 0.9312665 0.335541 0.141968 0.8817282 0.1608998 0.443471 0.9731218 0.2302225 -0.005616218 0.9388638 0.1868902 0.2891486 1.29445e-7 0.1816663 0.9833602 0.1389552 0.189248 0.9720477 4.39553e-8 0.2242578 0.9745299 0.1388916 0.2301592 0.9631904 0.2880237 0.2496252 0.9245159 0.2904991 0.2116069 0.9331842 1.11683e-7 0.245888 0.9692982 0.1370876 0.2514344 0.9581168 5.94244e-8 0.2533484 0.967375 0.136779 0.2589515 0.9561567 0.2851057 0.2769441 0.9176147 0.2852554 0.270173 0.9195847 0.6678751 0.3714698 0.6449442 0.6691158 0.3663591 0.6465794 0.4611557 0.3065542 0.8326824 0.4606349 0.312883 0.8306141 0.672061 0.3505571 0.6522605 0.4635535 0.2883072 0.8378528 0.6759647 0.3192588 0.664188 0.4665463 0.2504378 0.8483015 0.8432384 0.3839123 0.3762452 0.8379976 0.4152497 0.3540165 0.8922164 0.4514652 0.01137011 0.903554 0.425892 0.04697143 0.8347065 0.4263542 0.3485501 0.833251 0.4300488 0.3474923 0.8849827 0.4656235 6.55919e-4 0.8864458 0.4628322 6.0208e-5 0.6362264 0.4482408 -0.62793 0.6372702 0.4430964 -0.6305174 0.8153658 0.467394 -0.3416453 0.813469 0.470845 -0.3414283 0.6488217 0.4319053 -0.6264889 0.8246502 0.4569136 -0.3334397 0.6839687 0.4000067 -0.6100668 0.8547125 0.4298165 -0.2910742 0.907064 0.3471884 -0.2381077 0.4594775 0.3619239 -0.8111052 0.4357069 0.3917255 -0.8103769 0.2640398 0.3660613 -0.8923464 0.2770625 0.3318593 -0.9017238 0.4290882 0.4080256 -0.8058526 0.4281615 0.4135244 -0.8035392 0.2592454 0.3896974 -0.8837012 0.2594674 0.3834743 -0.8863544 0 0.3736127 -0.9275848 0 0.3673698 -0.930075 0.1220738 0.3709327 -0.9206014 0.1218507 0.3774708 -0.9179696 -2.87947e-8 0.3480959 -0.9374589 0.1236913 0.3519747 -0.9278008 -2.20824e-7 0.3128352 -0.9498074 0.1282975 0.3173392 -0.9395934 0 0.1114479 0.9937702 0.1482764 0.1250896 0.9810029 1.55696e-7 -0.5308071 0.8474927 0.1724915 -0.5071842 0.8443998 0.3395588 -0.4396033 0.8315339 0.306365 0.1609616 0.9382067 3.48467e-7 -0.9622471 0.2721771 0.1199862 -0.9520331 0.2814894 3.19148e-7 -0.9977182 0.06751687 0.0891223 -0.9936066 0.06930526 0.1601923 -0.9840074 0.07789675 0.2252014 -0.9249271 0.3062583 0.2393872 -0.9695362 0.05189588 0.4406379 -0.8631558 0.2465772 0.3439371 -0.8868291 0.3086118 0.2127544 -0.9742473 0.07468399 0.7478707 -0.2856955 0.5992224 0.5333694 -0.3494833 0.7703106 0.7016636 0.2762928 0.6567577 0.4857696 0.2124707 0.8478703 0.8743916 0.331714 0.3541259 0.9128832 -0.2519222 0.3212156 0.9731247 -0.2302529 -0.003458144 0.9306036 0.3660276 7.72274e-4 0.5018386 -0.8547474 0.1325323 0.2533168 -0.9668395 0.03243558 0.2621039 -0.9650396 -8.4994e-5 0.5272478 -0.8497099 -0.001743732 0.239818 -0.9694065 -0.0523277 0.4502424 -0.8541659 -0.2601585 0.508374 -0.8498493 -0.1389676 0.2536466 -0.966744 -0.03270041 0.7525172 -0.2287123 -0.6175829 0.9171211 -0.2215653 -0.3313572 0.6750754 0.3583093 -0.6448936 0.8583947 0.3754842 -0.3495285 0.4576554 0.3203557 -0.8294117 0.5359247 -0.2764169 -0.7977333 0.3401447 -0.3645569 -0.8668332 0.2837847 0.2823766 -0.9163677 0.3527364 -0.8767928 -0.32682 0.2132389 -0.9740838 -0.07543176 0.1605696 -0.9838821 -0.07869883 0.2304744 -0.9173675 -0.3245282 0 -0.9976745 -0.06815989 0 -0.9577518 -0.2875961 0.1224233 -0.9467816 -0.2976863 0.08928066 -0.9935447 -0.06998366 2.96598e-9 -0.4587153 -0.8885834 0.1727543 -0.4339206 -0.8842335 0 0.2422139 -0.9702229 0.1352085 0.2536284 -0.9578055 -0.7471297 -0.04361315 0.6632459 -3.75081e-7 0.05223472 0.9986348 0.934647 0.1913579 -0.2996947 -0.1364523 0.2432914 -0.9603072 -0.1352112 0.1361181 -0.9814224 -0.2975812 0.2569377 -0.9194719 -0.302592 0.1413433 -0.9425817 -0.5131259 0.1412648 -0.8466085 -0.7777882 0.152217 -0.6098158 -0.5038723 0.2789513 -0.8174955 -0.7331001 0.3190668 -0.6006336 0.2340818 -0.1398555 0.962105 -0.01795896 -0.1094138 0.993834 -0.1073571 0.0940085 0.9897661 -0.2371351 -0.06014063 0.9696133 -0.2766545 0.113581 0.9542335 -0.4478033 -0.003478818 0.8941253 -0.4671188 0.1619716 0.8692325 -0.6755295 0.08196671 0.7327628 -0.6815421 0.2373037 0.6922335 -0.831224 0.1724862 0.5285028 -0.837399 0.3265346 0.4383355 -0.8817281 0.1608998 0.4434715 -0.9312665 0.3355414 0.1419675 -0.9388637 0.1868904 0.2891487 -0.9731218 0.2302228 -0.005616554 -0.1389551 0.189248 0.9720477 -0.2904991 0.2116069 0.9331842 -0.2880237 0.2496252 0.9245158 -0.1388916 0.2301592 0.9631904 -0.1370877 0.2514344 0.9581167 -0.2852555 0.270173 0.9195847 -0.2851058 0.2769441 0.9176147 -0.1367791 0.2589514 0.9561567 -0.6678752 0.3714697 0.6449441 -0.4606348 0.3128828 0.8306142 -0.4611557 0.3065542 0.8326824 -0.6691158 0.3663592 0.6465793 -0.4635534 0.2883071 0.8378527 -0.6720609 0.3505569 0.6522607 -0.4665465 0.2504378 0.8483014 -0.6759644 0.3192588 0.6641882 -0.8432382 0.3839122 0.3762455 -0.9035539 0.425892 0.04697146 -0.8922164 0.451465 0.01137 -0.8379977 0.4152495 0.3540164 -0.8347065 0.4263542 0.3485502 -0.8864459 0.462832 6.0526e-5 -0.8849828 0.4656234 6.56046e-4 -0.8332512 0.4300486 0.3474919 -0.6362265 0.4482408 -0.62793 -0.813469 0.4708449 -0.3414283 -0.8153659 0.4673938 -0.341645 -0.6372706 0.4430963 -0.6305172 -0.8246503 0.4569136 -0.3334396 -0.6488217 0.4319053 -0.626489 -0.8547125 0.4298165 -0.2910743 -0.6839685 0.4000068 -0.6100668 -0.9070638 0.3471886 -0.238108 -0.4594775 0.3619239 -0.8111051 -0.2770621 0.3318592 -0.901724 -0.2640397 0.3660614 -0.8923464 -0.4357067 0.3917255 -0.8103769 -0.4290881 0.4080257 -0.8058527 -0.2594671 0.3834744 -0.8863544 -0.2592453 0.3896973 -0.8837013 -0.4281619 0.4135243 -0.8035391 -0.1218505 0.3774708 -0.9179696 -0.1220738 0.3709328 -0.9206014 -0.1236914 0.3519748 -0.9278008 -0.1282975 0.3173391 -0.9395934 -0.1482763 0.1250895 0.981003 -0.306365 0.160962 0.9382066 -0.3395589 -0.4396046 0.8315332 -0.1724913 -0.5071829 0.8444006 -0.1199862 -0.9520331 0.2814895 -0.225201 -0.9249281 0.3062554 -0.1601918 -0.9840077 0.07789438 -0.08912241 -0.9936066 0.06930279 -0.2393872 -0.9695362 0.05189589 -0.212754 -0.9742474 0.0746842 -0.343937 -0.8868293 0.3086116 -0.4406379 -0.8631558 0.2465772 -0.5333697 -0.349483 0.7703106 -0.7478707 -0.2856955 0.5992224 -0.4857695 0.2124709 0.8478703 -0.7016637 0.2762927 0.6567575 -0.8743917 0.3317138 0.3541258 -0.9306036 0.3660278 7.72494e-4 -0.9731249 -0.2302526 -0.003458098 -0.9128829 -0.2519238 0.3212153 -0.5018376 -0.8547482 0.1325319 -0.5272478 -0.8497099 -0.001743732 -0.2621039 -0.9650396 -8.49938e-5 -0.2533168 -0.9668394 0.03243558 -0.239818 -0.9694066 -0.05232773 -0.2536466 -0.966744 -0.03270041 -0.508374 -0.8498493 -0.1389678 -0.4502433 -0.8541651 -0.2601596 -0.9171212 -0.2215654 -0.3313572 -0.7525173 -0.2287107 -0.6175833 -0.8583947 0.3754843 -0.3495283 -0.6750752 0.3583099 -0.6448935 -0.4576555 0.3203555 -0.8294117 -0.2837846 0.2823766 -0.9163677 -0.3401448 -0.3645556 -0.8668338 -0.5359246 -0.2764175 -0.7977331 -0.3527364 -0.8767928 -0.32682 -0.2304747 -0.9173669 -0.3245293 -0.1605696 -0.983882 -0.07869887 -0.2132389 -0.9740838 -0.07543181 -0.08928066 -0.9935447 -0.06998366 -0.1224235 -0.9467816 -0.2976864 -0.1727544 -0.4339206 -0.8842334 -0.1352084 0.2536284 -0.9578055 0.7471285 -0.04361314 0.6632472 -0.934647 0.191358 -0.2996949 0.2660466 -0.8738587 -0.4069278 0.2660466 -0.8738587 -0.4069278 0.2660466 -0.8738586 -0.4069278 0.2927453 -0.8754621 -0.3845339 0.2927453 -0.875462 -0.3845339 0.2927454 -0.8754621 -0.3845339 0.3599718 -0.8981866 -0.2523511 0.3599718 -0.8981866 -0.2523511 0.3599718 -0.8981866 -0.2523511 0.4077858 -0.7973836 -0.4448484 0.4077858 -0.7973836 -0.4448484 0.4077858 -0.7973835 -0.4448484 0.3360514 -0.8299851 -0.44519 0.3360514 -0.8299851 -0.44519 0.3360514 -0.829985 -0.44519 0.4282891 -0.9029843 -0.0344648 0.4282891 -0.9029843 -0.0344648 0.4282891 -0.9029843 -0.0344648 0.8999512 -0.3240821 0.2916481 0.8999513 -0.3240821 0.2916481 0.8999512 -0.3240821 0.2916481 0.9179273 -0.3961227 0.02227712 0.9179273 -0.3961227 0.02227713 0.9179273 -0.3961227 0.02227713 0.8096129 -0.576884 0.1083132 0.8096129 -0.5768842 0.1083132 0.8096129 -0.576884 0.1083132 -0.4716128 0.7872446 0.397275 -0.4716128 0.7872445 0.397275 -0.4716128 0.7872445 0.397275 0.7771315 -0.5314521 0.3370835 0.7771316 -0.5314521 0.3370835 0.7771316 -0.531452 0.3370834 0.7909318 -0.4975648 0.3561687 0.7909318 -0.4975649 0.3561688 0.7909318 -0.4975649 0.3561687 -0.9237692 0.2729203 -0.2686354 0.6511121 -0.4408287 -0.6178374 -0.8670799 0.1786949 -0.4650167 -0.9129698 0.3112179 -0.2638738 -0.9907156 -0.1359279 0.002485688 -0.9575199 0.1928436 0.2143992 -0.9597485 0.1499037 0.2375115 0.2420671 -0.9563163 -0.1638979 0.2420672 -0.9563164 -0.1638979 0.2420672 -0.9563164 -0.163898 0.06041813 -0.964167 0.2583246 0.06041813 -0.964167 0.2583246 0.06041813 -0.9641671 0.2583246 0.2006947 -0.9448779 -0.2587032 0.2006947 -0.9448779 -0.2587031 0.2006947 -0.9448779 -0.2587032 0.1596352 -0.9045807 -0.3952851 0.1596352 -0.9045808 -0.3952851 0.1596352 -0.9045807 -0.3952851 0.2497213 -0.9584216 -0.1380844 0.2497213 -0.9584216 -0.1380844 0.2497213 -0.9584216 -0.1380844 0.4243957 -0.8955302 -0.1338432 0.4243957 -0.8955302 -0.1338432 0.4243956 -0.8955302 -0.1338432 0.7912546 0.007264743 0.6114436 0.2521231 0.08790993 0.9636938 0.7808181 0.1091463 0.6151505 0.8722937 0.1818964 0.4538915 0.9981188 -0.06013747 0.01193186 0.9834704 0.1587787 -0.08703658 0.9996307 -0.004303961 -0.02683037 -0.7383848 -0.1369606 0.6603255 0.01090113 -0.09303362 0.9956033 -0.676511 0.1164281 0.7271708 -0.7639126 0.1146274 0.6350575 0.7416382 -0.1261334 0.6588346 -0.02736654 -0.3544904 0.934659 0.6735468 -0.3616699 0.6446159 -0.1357078 -0.175392 0.9751005 0.6259841 -0.3278958 0.7075509 0.9975826 0.06947945 0.001240071 0.9112351 -0.4116075 -0.01516023 -0.9055884 -0.4240009 0.01152436 -0.9948565 -0.1012918 -7.56185e-4 -0.7896883 0.02187169 0.6131183 -0.7199947 -0.3117452 0.6200182 -0.7429687 -0.142608 -0.6539575 0.03318837 -0.08196311 -0.9960826 -0.06127128 -0.3547733 -0.9329425 -0.7484823 -0.3181048 -0.5818794 -0.1397042 -0.1900954 -0.971775 -0.794169 0.01756241 -0.6074431 0.6190056 -0.3326544 -0.7114584 0.6374655 -0.3656561 -0.6781839 0.7329569 -0.1139076 -0.6706706 -0.8774394 0.4796875 7.11005e-8 -0.9980011 -0.06319632 -1.93396e-6 -0.7762624 -0.01997728 0.6300934 -0.7283751 0.3985429 0.5573448 -0.106887 -0.09033298 0.9901592 -0.01106948 0.1466151 0.9891317 -0.01106683 0.1466141 -0.9891318 -0.7283716 0.3985421 -0.5573501 -0.1068856 -0.09033015 -0.9901595 -0.7762591 -0.01997533 -0.6300974 0.619503 -0.08801199 0.7800449 0.6220128 0.2207511 0.751245 0.6220079 0.2207521 -0.7512487 0.6194968 -0.0880086 -0.7800502 0.786453 0.6176501 -2.80146e-6 0.9252408 -0.3793806 -1.4387e-6 0.4109798 -0.02259365 -0.9113644 0.5434188 0.5525858 -0.6319374 0.1487979 -0.9888676 -1.99763e-6 0.4109832 -0.02259354 0.9113629 0.08847637 -0.6297728 0.771724 -0.2333382 -0.6389997 0.7329617 -0.2697197 -0.9629388 -3.4765e-6 -0.2333363 -0.6389957 -0.7329658 0.08847282 -0.6297715 -0.7717256 0.5434217 0.5525877 0.6319333 -0.6368289 -0.5588179 -0.5311983 -0.665186 -0.7466777 -1.2021e-6 -0.6368314 -0.5588176 0.5311954 0.7199005 0.1256002 -0.6826184 0.7243019 0.1123943 -0.6802605 -0.7727782 -0.02611897 0.6341386 -0.2566369 -0.0983977 0.961486 -0.9084334 -0.00196498 0.4180248 0.3871421 0.1500432 0.9097297 -0.9132839 0.009704842 0.4072078 -0.9165757 0.0134213 0.3996357 -0.8969461 -0.01051077 0.4420151 0.9547335 -0.2651059 -0.134918 0.9905058 0.01624285 0.136509 0.9070963 0.06770442 0.4154424 0.8946435 -0.08497301 0.4386257 0.7988935 -0.0664978 0.5977854 0.1493475 -0.3014523 0.9417121 0.7022659 0.6469834 0.297044 0.7158364 0.6982457 0.005586972 0.4067609 0.8585072 0.3122671 0.5000903 0.7872432 0.360774 0 0.7025054 0.7116784 0.4145077 0.6108041 0.6746124 0.6788802 0.502313 0.53554 0.08930733 0.1413014 0.9859301 -0.5802024 0.1222796 0.8052409 0.5933417 0.3202211 0.7385149 0.3345888 0.2278655 0.9144002 8.80672e-4 0.2583907 0.9660401 0.003350295 0.1135872 0.9935225 0.2932983 0.2023634 0.9343581 0.8372515 0.2722385 0.4742321 0.877562 0.3649633 0.3109446 0.7287086 0.09236234 0.6785669 0.02569488 0.1604308 -0.9867126 0.7571884 0.1032504 -0.6449846 0.80283 -0.1460536 -0.5780419 -0.720821 0.09706008 -0.6862917 0.8462325 0.1244985 -0.5180645 0.9799426 0.1021162 -0.1711285 0.3172813 -0.3295598 -0.889226 0.3427129 -0.3791462 -0.8595325 0.8656937 -0.3650206 -0.342541 0.8713404 -0.1815187 -0.4558692 0.8456554 0.2111218 -0.4901985 0.6473055 0.4536944 0.6125006 0.2922326 -0.05939169 0.9545013 -0.1558812 -0.02303829 0.9875071 0.5208007 0.08521788 0.8494143 -0.1340091 -0.02896942 0.9905565 0.7093428 -0.01767932 0.7046419 -0.5000809 -0.6283556 -0.595893 -0.3444657 -0.6332021 -0.6931079 -0.9575834 -0.1751413 0.2288221 -0.4840882 -0.8328305 -0.2684247 -0.7681933 -0.4768917 0.4271456 -0.3362298 -0.3355171 0.8799875 0.7144459 -0.6920238 -0.1032956 -0.1202123 -0.09665319 -0.988032 0.1209502 -0.3120379 -0.9423393 -0.753814 -0.1352792 0.6430116 -0.5590579 -0.2921373 0.7759575 0.9050066 -0.1804795 -0.3852143 0.7731901 -0.587356 -0.2391443 0.09848434 -0.5654316 -0.8188943 0.1653328 -0.172878 -0.9709677 0.1874475 -0.1375934 -0.9725901 0.6036373 0.6601676 0.4469907 0.9263618 0.2831271 0.2483804 0.8038062 0.4640751 0.372196 0.9012451 0.08242025 0.4253987 0.9149156 0.3749779 0.1494027 0.7059703 0.6726854 0.221586 0.7570705 0.2818126 -0.5894285 0.9050693 0.2761708 0.323387 0.9463275 0.051229 0.3191235 0.5001582 -0.1172619 0.8579578 0.1030085 -0.3344295 0.9367744 0.0460114 -0.3015341 0.9523445 0.2422717 -0.01875698 0.9700271 0.8661916 -0.0868789 0.4921017 0.7040569 0.06316067 0.7073292 0.7134669 0.4301479 0.5531165 0.9017576 -0.01541854 0.4319669 0.5680747 -0.4983595 0.6549265 -0.8657609 -0.450643 -0.217667 -0.9504387 0.2755041 0.1440965 -0.3320506 -0.6439634 0.6892413 -0.1674635 0.2917713 0.9417142 0.775357 -0.07420985 0.6271479 0.7607836 -0.13345 0.6351375 0.5882331 -0.8059986 0.06593956 -0.1604403 -0.7888361 -0.5932929 0.9338803 0.3437103 0.09864525 0.8795851 0.4162614 0.2303397 0.9996464 0.02514647 0.008641367 0.9861863 0.1617549 0.03566507 0.9280421 0.3494666 -0.128884 0.9715251 0.2335757 -0.03976702 0.3873569 0.9219162 0.00502103 0 1 -1.75278e-4 1.64902e-8 0.9594501 0.2818785 0.3476532 0.904439 0.2472395 0.9609046 -0.255959 0.1055809 0.9694982 -0.1428327 0.1991785 0.9807592 -0.1932518 0.02766208 0.4562545 0.6519071 -0.6056806 -4.52602e-8 0.7772955 -0.6291357 0.3757432 0.8779995 -0.2965366 0.5094493 0.8016856 -0.3126686 0.7114357 0.6465494 -0.2753778 0.6076323 0.6105267 -0.5079764 3.79891e-8 0.9600202 -0.2799306 0.3266217 0.913555 -0.2423541 0.8929872 0.3843766 -0.2341547 0.8677886 0.4679293 -0.1672876 0.1255568 -0.3712229 -0.9200158 0.2208641 -0.7992833 -0.5588964 0.2674998 -0.6718825 -0.6906648 0.1619432 -0.3810489 -0.9102616 -2.09058e-7 -0.6904811 -0.7233505 -4.43952e-8 -0.3195601 -0.947566 1.19071e-8 0.2568568 -0.9664495 0.3446397 0.5377588 -0.7694406 0.4566683 0.4806184 -0.7486387 -2.62911e-9 0.2706154 -0.9626875 -1.24674e-7 0.5007945 -0.8655663 0.3063389 0.2013671 -0.9303804 0.3179273 -0.2827798 -0.9049629 0.2632945 -0.293348 -0.9190337 1.57397e-8 0.1800354 -0.98366 -1.71373e-8 -0.254841 -0.966983 0.2188212 0.2675475 -0.9383686 0.09933601 0.7132325 -0.6938529 0.1412303 0.7035736 -0.6964467 2.99503e-9 0.6707767 -0.7416594 0.9766473 0.1059199 0.1869251 0.8855537 0.4632971 0.03391843 0.6264269 0.6069006 -0.4891432 0.4651624 -0.8851832 0.00864319 0.2870364 -0.9221281 -0.2594027 3.85268e-9 -0.8501434 0.526551 -5.70437e-8 -0.9530936 -0.3026757 0.9156278 -0.1580598 0.3696523 -0.1650751 -0.9844969 -0.05929695 0.5021144 -0.8418869 0.1977563 -0.2927959 -0.7308788 0.6165116 0.3399601 -0.6264915 0.7013812 -0.07618248 -0.9540734 -0.2897241 -0.7791318 -0.606393 -0.1588742 -0.1057145 -0.7846075 0.6109138 -0.900334 -0.3766493 0.218023 0.3780302 -0.6298282 -0.678535 0.820491 -0.08662374 -0.5650583 0.8128474 -0.570185 0.1190302 0.5232455 -0.7928343 -0.3124545 -0.5040465 -0.2379443 0.8302528 -0.9479125 0.1633188 0.2734755 -0.296593 -0.04409555 0.9539854 -0.01597216 -0.5274954 0.8494077 -0.05844778 -0.4254061 0.9031132 1.18632e-9 -0.5266178 0.8501021 1.48706e-7 -0.4779679 0.8783773 0 -0.2310124 0.9729508 0.006400575 -0.2310471 0.9729216 -9.07171e-9 -0.1118179 0.9937288 0.03205404 -0.2116895 0.9768112 -0.1337712 -0.5169308 0.8455104 0.006680395 -0.4664094 0.8845438 0.003674277 -0.5312424 0.847212 8.8991e-10 -0.4610963 0.8873501 -1.27426e-7 -0.5188645 0.8548565 0.2515655 -0.3566586 0.8997274 0.08682651 -0.7128478 0.6959233 0.01380905 -0.4141604 0.9100991 8.6018e-9 -0.8901312 0.4557046 9.9358e-8 -0.4391407 0.8984184 0.896565 -0.380182 -0.227229 0.9543399 -0.2158366 0.2065185 0.933607 -0.3074205 0.1840395 0.5909605 -0.2863193 -0.7541798 0.2690897 0.5917059 -0.7599176 0.6469459 -0.7258357 0.2337169 0.7109575 -0.7027041 0.02732247 0.3194126 -0.8511869 -0.4164811 0.3194126 -0.8511869 -0.4164811 0.3194126 -0.8511868 -0.4164811 0.4892615 -0.7792369 -0.3916797 0.4892615 -0.7792369 -0.3916797 0.4892616 -0.779237 -0.3916797 0.304033 -0.9203921 -0.2458503 0.304033 -0.9203921 -0.2458503 0.304033 -0.920392 -0.2458503 0.2854545 -0.9375231 -0.1989121 0.2854545 -0.9375232 -0.1989121 0.2854545 -0.9375232 -0.1989121 6.95607e-8 -0.9104327 -0.4136573 0.27275 -0.9608372 0.04898099 0.2902624 -0.7103416 -0.6412196 0.09506566 -0.9942499 -0.04929028 0.952457 -0.0888094 0.2914422 0.9095779 0.3613224 0.2052174 0.7226032 0.5519558 -0.4161604 0.8330897 -0.2299043 0.5030959 0.3403176 -0.2246301 -0.9130856 0.9820628 -0.171849 0.07759141 0.9852253 -0.1682319 0.03208107 0.6832335 -0.1931998 0.7041774 0.7192582 -0.1264932 0.6831304 -0.229279 0.3205693 0.9190574 -0.6824784 -0.3816407 0.6233567 0.7735901 -0.1447986 -0.6169211 0.2197049 -0.2131032 -0.9520067 0.1473737 0.6920872 -0.7066091 0.1439049 0.2387975 -0.9603474 0.1493521 -0.390144 -0.9085602 0.8773552 -0.2276545 0.4223997 0.9993623 0.02522117 -0.02527672 -0.3599741 -0.8981869 -0.2523468 -0.3599741 -0.8981869 -0.2523468 -0.3599741 -0.8981869 -0.2523468 -0.4077859 -0.7973912 -0.4448346 -0.407786 -0.7973912 -0.4448347 -0.407786 -0.7973912 -0.4448347 -0.2660458 -0.8738596 -0.406926 -0.2660458 -0.8738596 -0.406926 -0.2660458 -0.8738596 -0.406926 -0.2927546 -0.8754634 -0.3845236 -0.2927546 -0.8754635 -0.3845236 -0.2927547 -0.8754634 -0.3845236 -0.3336989 -0.827123 -0.4522306 -0.3336989 -0.827123 -0.4522306 -0.3336989 -0.827123 -0.4522306 -0.4282877 -0.9029842 -0.03448389 -0.4282877 -0.9029842 -0.03448389 -0.4282877 -0.9029842 -0.03448389 -0.809014 -0.5814711 0.08595115 -0.809014 -0.5814711 0.08595115 -0.8090141 -0.5814712 0.08595116 0.487769 0.781885 0.388249 0.487769 0.7818849 0.388249 0.4877689 0.781885 0.388249 -0.8999506 -0.3240841 0.2916476 -0.8999506 -0.3240841 0.2916477 -0.8999506 -0.324084 0.2916476 -0.9179262 -0.3961255 0.02227372 -0.9179261 -0.3961255 0.02227372 -0.9179262 -0.3961256 0.02227372 -0.7806299 -0.5387483 0.3168079 -0.7806299 -0.5387483 0.3168078 -0.7806299 -0.5387483 0.3168079 -0.7992816 -0.4943657 0.341689 -0.7992816 -0.4943657 0.3416891 -0.7992817 -0.4943658 0.3416891 0.9569875 0.1945307 0.2152504 0.9907156 -0.1359279 0.002485713 0.8670799 0.1786948 -0.4650166 0.9129699 0.3112181 -0.2638738 -0.6511118 -0.4408292 -0.6178375 0.9257386 0.2754536 -0.259101 0.963671 0.1481714 0.2222237 -0.2006947 -0.9448779 -0.2587032 -0.2006947 -0.9448779 -0.2587032 -0.2006947 -0.9448779 -0.2587032 -0.1596352 -0.9045808 -0.3952851 -0.1596352 -0.9045808 -0.395285 -0.1596352 -0.9045808 -0.3952851 -0.2407195 -0.9558791 -0.1683725 -0.2407195 -0.9558791 -0.1683725 -0.2407195 -0.955879 -0.1683725 -0.0609449 -0.9648786 0.2555289 -0.06094489 -0.9648786 0.2555289 -0.0609449 -0.9648786 0.2555289 -0.2482544 -0.9580683 -0.1430901 -0.2482544 -0.9580684 -0.1430901 -0.2482544 -0.9580684 -0.1430901 -0.4168274 -0.8977456 -0.1425054 -0.4168274 -0.8977456 -0.1425054 -0.4168274 -0.8977456 -0.1425054 -0.9834704 0.1587786 -0.08703679 -0.9981188 -0.06013747 0.01193186 -0.7808182 0.1091463 0.6151505 -0.872295 0.1818979 0.4538885 -0.2521233 0.0879099 0.9636938 -0.7912548 0.007265331 0.6114435 -0.9996307 -0.004304035 -0.02683039 0.6770166 0.1176097 0.7265097 0.7639127 0.1146278 0.6350574 -0.01090115 -0.09303379 0.9956033 0.738385 -0.1369604 0.6603253 -0.9112352 -0.4116074 -0.01515929 -0.9975826 0.06947961 0.001240002 -0.6259841 -0.3278958 0.7075509 -0.6735467 -0.3616699 0.644616 0.1357078 -0.175392 0.9751006 0.02736732 -0.3544904 0.9346591 -0.7416382 -0.1261334 0.6588346 0.7199952 -0.3117444 0.620018 0.7896881 0.02187319 0.6131184 0.9948565 -0.1012916 -7.56131e-4 0.9055887 -0.4240004 0.01152537 0.7941692 0.01756089 -0.6074429 0.7484826 -0.3181043 -0.5818793 0.1397054 -0.1900963 -0.9717746 0.06127154 -0.3547729 -0.9329426 -0.03318825 -0.08196267 -0.9960827 0.7429691 -0.1426067 -0.6539573 -0.7329572 -0.1139072 -0.6706705 -0.6374656 -0.3656575 -0.678183 -0.6190051 -0.3326553 -0.7114584 0.01106797 0.1466147 0.9891317 0.728375 0.3985434 0.5573446 0.1068873 -0.09033366 0.990159 0.7762626 -0.01997578 0.630093 0.9980011 -0.06319692 -1.82103e-6 0.8774393 0.4796876 -1.615e-6 0.7762591 -0.01997526 -0.6300974 0.7283715 0.398542 -0.5573502 0.1068856 -0.09033013 -0.9901595 0.01106668 0.1466142 -0.9891319 -0.6220129 0.2207512 0.751245 -0.619503 -0.08801188 0.7800448 -0.6194983 -0.08800698 -0.7800492 -0.6220079 0.2207524 -0.7512487 -0.4109799 -0.02259347 -0.9113644 -0.5434188 0.552586 -0.6319373 -0.9252408 -0.3793802 -1.30549e-6 -0.7864528 0.6176503 -2.83322e-6 0.2333378 -0.6389997 0.7329617 -0.4109834 -0.02259355 0.9113628 -0.08847581 -0.629773 0.7717239 -0.1487978 -0.9888677 -2.00545e-6 0.2697197 -0.9629388 -3.4765e-6 -0.08847299 -0.6297715 -0.7717257 0.2333363 -0.6389957 -0.7329656 -0.5434217 0.5525879 0.631933 0.6651862 -0.7466776 -2.21286e-6 0.6368289 -0.5588179 -0.5311983 0.6368318 -0.5588182 0.5311944 -0.7199005 0.1256002 -0.6826184 -0.7243019 0.1123943 -0.6802605 0.8995716 -0.01038327 0.4366499 0.9300287 0.02406945 0.366698 0.9190769 0.01407396 0.3938268 0.9084334 -0.0019648 0.4180247 -0.3902097 0.1507986 0.908293 0.2566371 -0.09839797 0.961486 0.7839243 -0.03013345 0.6201247 -0.7988935 -0.06649759 0.5977854 -0.9070963 0.06770439 0.4154424 -0.8946435 -0.0849731 0.4386258 -0.9905056 0.01624291 0.1365089 -0.9547336 -0.2651058 -0.1349175 -0.1493383 -0.3014542 0.9417131 -0.4145077 0.610804 0.6746123 -0.406761 0.8585073 0.3122671 -0.5000904 0.7872431 0.360774 -0.7158365 0.6982457 0.00558693 -0.7022659 0.6469834 0.297044 -0.6788803 0.5023131 0.53554 -0.08930644 0.1413016 0.9859301 0.5802041 0.1222793 0.8052397 -0.2923178 0.2126186 0.932386 -0.335245 0.2325449 0.9129807 -0.5943413 0.3213092 0.7372372 -0.8775622 0.3649634 0.3109446 -0.8372515 0.2722385 0.4742321 -0.7287086 0.09236243 0.6785668 -0.80283 -0.1460536 -0.5780417 -0.02569481 0.1604308 -0.9867126 -0.7571883 0.1032504 -0.6449846 0.7208213 0.09706019 -0.6862915 -0.8713405 -0.1815187 -0.4558693 -0.8656936 -0.3650209 -0.3425408 -0.3172812 -0.3295599 -0.8892261 -0.3427129 -0.3791462 -0.8595325 -0.9799426 0.1021158 -0.1711284 -0.8462322 0.1244985 -0.5180647 -0.8456554 0.211122 -0.4901985 -0.7093432 -0.01767937 0.7046416 0.1340093 -0.028969 0.9905565 0.1558811 -0.02303852 0.9875071 -0.5208005 0.08521956 0.8494142 -0.2922326 -0.05939176 0.9545013 -0.6473054 0.4536946 0.6125005 0.7681933 -0.4768918 0.4271454 0.9575835 -0.1751399 0.2288225 0.484088 -0.8328305 -0.2684252 0.3444658 -0.6332019 -0.693108 0.5000806 -0.6283558 -0.5958929 0.3362298 -0.335517 0.8799874 -0.1209505 -0.3120379 -0.9423393 -0.7144459 -0.6920239 -0.1032957 0.1202155 -0.09665522 -0.9880313 0.5590578 -0.2921375 0.7759575 0.7538136 -0.1352794 0.643012 -0.1874475 -0.1375933 -0.97259 -0.09848459 -0.5654312 -0.8188946 -0.1653294 -0.1728745 -0.9709689 -0.7731903 -0.5873553 -0.2391453 -0.9050065 -0.1804805 -0.3852144 -0.9263618 0.2831274 0.2483804 -0.6036373 0.6601677 0.4469908 -0.9050697 0.2761695 0.3233872 -0.7570705 0.2818125 -0.5894284 -0.9149159 0.3749772 0.1494026 -0.7059717 0.6726837 0.2215865 -0.9012453 0.08242051 0.4253985 -0.8038062 0.464075 0.3721963 -0.9463275 0.051229 0.3191237 -0.8661917 -0.08687893 0.4921017 -0.04601112 -0.3015343 0.9523445 -0.2422705 -0.01875701 0.9700274 -0.1030084 -0.3344295 0.9367744 -0.5001581 -0.1172618 0.8579578 -0.9017577 -0.01541885 0.4319666 -0.7134669 0.4301481 0.5531164 -0.7040569 0.06316112 0.7073293 -0.5680749 -0.4983593 0.6549267 0.1674624 0.2917717 0.9417142 0.3320518 -0.6439624 0.6892415 0.8657615 -0.4506416 -0.2176676 0.9504365 0.2755097 0.1441004 -0.5882326 -0.8059991 0.06593964 -0.7607828 -0.1334514 0.6351379 -0.7753576 -0.07420953 0.6271471 0.1604385 -0.7888366 -0.5932928 -0.9338803 0.3437102 0.09864511 -0.879585 0.4162616 0.2303397 -0.9280421 0.3494664 -0.1288842 -0.9715251 0.2335757 -0.03976732 -0.9861863 0.161755 0.03566516 -0.9996464 0.02514652 0.008641312 -0.3476532 0.904439 0.2472396 -0.3873569 0.9219161 0.005021042 -0.9694982 -0.1428326 0.1991785 -0.9807593 -0.1932515 0.02766197 -0.9609047 -0.2559585 0.1055805 -0.7114359 0.6465493 -0.275378 -0.3757434 0.8779994 -0.2965367 -0.5094495 0.8016854 -0.3126687 -0.4562546 0.651907 -0.6056806 -0.6076323 0.6105267 -0.5079765 -0.3266216 0.913555 -0.2423541 -0.8677886 0.4679294 -0.1672875 -0.8929873 0.3843766 -0.2341548 -0.2674997 -0.6718822 -0.6906651 -0.1619432 -0.3810491 -0.9102615 -0.220864 -0.7992833 -0.5588964 -0.1255568 -0.3712229 -0.9200157 -0.3446396 0.5377589 -0.7694406 -0.4566688 0.4806181 -0.7486386 -0.3179273 -0.2827798 -0.904963 -0.2632946 -0.293348 -0.9190337 -0.3063389 0.2013671 -0.9303805 -0.09933591 0.7132325 -0.6938528 -0.1412304 0.7035736 -0.6964469 -0.2188211 0.2675474 -0.9383686 -0.6264268 0.6069006 -0.4891431 -0.9766473 0.1059198 0.1869251 -0.8855537 0.4632971 0.03391843 -0.4651624 -0.8851832 0.008643038 -0.2870364 -0.922128 -0.2594032 -0.9156279 -0.1580595 0.3696521 -0.3399601 -0.6264915 0.7013812 0.2927959 -0.7308788 0.6165116 0.1650752 -0.9844969 -0.05929693 -0.5021143 -0.8418869 0.1977566 0.9003341 -0.3766493 0.2180229 0.1057145 -0.7846075 0.6109138 0.0761828 -0.9540734 -0.2897243 0.7791322 -0.6063927 -0.1588742 -0.812847 -0.5701857 0.1190297 -0.5232442 -0.7928349 -0.3124552 -0.820491 -0.08662365 -0.5650584 -0.3780301 -0.6298282 -0.6785351 0.2965929 -0.04409532 0.9539855 0.9479121 0.1633168 0.2734782 0.5040463 -0.2379443 0.8302528 -0.006400556 -0.2310479 0.9729214 0.05844761 -0.4254056 0.9031135 0.0159721 -0.5274946 0.8494082 -0.03205405 -0.2116895 0.9768112 -0.003674123 -0.5312424 0.847212 -0.006680408 -0.4664097 0.8845436 0.1337715 -0.5169307 0.8455104 -0.01380908 -0.4141603 0.9100991 -0.08682707 -0.7128468 0.6959242 -0.2515655 -0.3566585 0.8997274 -0.95434 -0.2158364 0.2065184 -0.9336072 -0.3074203 0.1840393 -0.8965651 -0.3801818 -0.2272281 -0.5909607 -0.2863196 -0.7541794 -0.2690898 0.5917059 -0.7599177 -0.6469456 -0.7258358 0.2337171 -0.7109455 -0.7027163 0.02731655 -0.3040317 -0.9203925 -0.2458504 -0.3040317 -0.9203925 -0.2458504 -0.3040317 -0.9203925 -0.2458504 -0.2854525 -0.9375243 -0.1989102 -0.2854525 -0.9375242 -0.1989102 -0.2854525 -0.9375243 -0.1989102 -0.3194134 -0.8511857 -0.416483 -0.3194134 -0.8511856 -0.416483 -0.3194134 -0.8511856 -0.416483 -0.489263 -0.7792352 -0.3916813 -0.489263 -0.7792352 -0.3916812 -0.489263 -0.7792352 -0.3916812 -0.2727535 -0.9608364 0.048978 -0.2902606 -0.7103384 -0.6412239 -0.09506495 -0.9942498 -0.04929614 -0.7226032 0.5519557 -0.4161603 -0.952457 -0.08880935 0.2914423 -0.9095779 0.3613224 0.2052174 -0.8330873 -0.2298934 0.503105 -0.3403175 -0.2246301 -0.9130857 -0.9852253 -0.1682315 0.03208062 -0.9820629 -0.1718487 0.0775912 -0.6832345 -0.1931991 0.7041766 -0.719258 -0.1264933 0.6831306 0.2292803 0.3205695 0.919057 0.6824749 -0.3816424 0.6233595 -0.7735902 -0.1447985 -0.616921 -0.2197049 -0.2131032 -0.9520068 -0.1439049 0.2387976 -0.9603474 -0.1473736 0.6920872 -0.7066091 -0.1493521 -0.3901441 -0.9085602 -0.877355 -0.2276542 0.4223999 -0.9993623 0.0252217 -0.02527721 0.002607581 -0.02369112 0.9997159 -7.13143e-5 -0.08582587 0.9963102 0.273155 -0.2919964 0.9165831 0.3557323 0.01544021 0.9344603 0.3270648 -7.82099e-4 0.9450017 0.3440195 -0.00897432 0.9389197 -0.3491025 -0.01130203 0.9370164 -0.3590734 -0.01935555 0.9331086 -0.3269828 -9.17639e-4 0.9450299 -0.2633812 -0.3499504 0.89898 0.9932714 -0.02547055 -0.1129743 0.9654371 0.2403013 -0.100928 0.7699613 0.1447046 0.6214663 0.7942358 -0.01648355 0.6073861 0.9701809 -0.2269629 -0.08506969 0.7624341 -0.132859 0.6332794 0.6152491 -0.291719 -0.7323718 0.6365197 -0.05891884 -0.7690068 0.6153668 0.2401758 -0.7507591 0.9568808 -0.2734503 -0.09800125 0.9596466 -0.2626856 -0.1003726 0.7473451 -0.2831966 0.6010615 0.7526414 -0.2891208 0.5915573 0.7648907 -0.2947311 0.5727791 0.9628921 -0.2495439 -0.1027948 0.6254821 -0.2173442 -0.7493554 0.987866 0.1229487 -0.09489249 0.6243731 0.07782492 -0.7772396 0.6249772 -0.2378622 -0.743522 0.6177856 -0.2450277 -0.7471962 -0.1034482 -0.1963248 -0.9750668 -0.09977511 -0.2075724 -0.973118 -0.1128422 -0.1985526 -0.9735725 -0.7978415 -0.2343272 -0.5554634 -0.7558454 -0.2747757 -0.5943031 -0.151999 -0.06198836 -0.9864349 -0.7451919 -0.2478037 -0.6190979 -0.7518269 -0.2324409 -0.6170312 -0.9633974 -0.2513237 0.09328412 -0.9673573 -0.2364619 0.09113463 -0.9536123 -0.2876514 0.08877009 -0.6192378 -0.2587308 0.7413521 -0.603927 -0.3189218 0.7304527 -0.9542798 -0.2867055 0.08455734 -0.6126605 -0.2794418 0.7392966 -0.6165503 -0.2618852 0.7424836 0.1058313 -0.2574737 0.9604723 0.09751272 -0.2553776 0.9619114 0.1294982 -0.2926758 0.9474024 0.1388114 -0.1940736 0.9711162 0.7793949 -0.01023236 0.6264493 0.6596637 0.4411283 -0.6084812 -0.02034392 0.5501176 -0.8348393 -0.04119372 0.1395103 -0.9893634 0.670204 0.1405683 -0.7287436 -0.009612498 0.1856471 -0.9825695 -0.03568606 0.5884543 -0.8077425 0.6778824 0.4488116 -0.5822746 0.7859001 0.05540861 -0.615866 -0.7932863 0.04651081 -0.6070697 -0.7165207 0.4337022 -0.546352 -0.6660489 0.5335957 -0.5212048 -0.9951404 -0.07376524 0.06522518 -0.9917998 -0.1025281 0.07629741 -0.8088654 2.93731e-4 -0.5879937 -0.7978203 -0.1070311 -0.5933187 -0.9957669 -0.04303303 0.08121829 -0.8020126 -0.1800543 -0.5695228 -0.6998038 -0.02557449 0.7138772 -0.7054716 -0.07467076 0.7047938 -0.7039948 -0.1201341 0.6999708 -0.0853874 -0.09258592 -0.9920367 -0.09833088 0.141715 -0.9850116 -0.1030796 -0.2654676 -0.9585935 0.1143467 -0.03043482 0.9929746 0.1050456 -0.0157788 0.9943422 0.09877191 -0.03394337 0.994531 -0.6550125 -0.1275976 0.7447668 0.1374427 0.01512064 0.9903943 0.09268258 0.04060059 0.9948676 -0.6961498 -0.07684556 0.7137718 0.7403577 0.2493618 0.6242509 0.7390122 0.2832944 0.6112326 0.1177748 0.068469 0.9906771 0.5990389 0.3809664 -0.7042848 -0.1478613 0.1938727 -0.9698197 -0.1061587 0.2261314 -0.9682949 0.5868362 0.36213 -0.7242135 -0.8244409 0.06232088 -0.5625063 -0.842839 0.107599 -0.5272995 -0.126483 0.2615525 -0.9568659 -0.8322073 -0.03325267 -0.5534667 -0.9645694 -0.2556883 0.06503385 -0.9901405 -0.1088748 0.08813684 -0.6819188 -0.06407902 0.7286156 -0.9813365 -0.1780341 0.07268178 0.7490876 0.2957658 0.5927817 0.9079351 0.4109569 -0.08226807 0.9267455 0.3647767 -0.08989358 0.5837222 0.3830206 -0.7159355 0.9141792 0.3959521 -0.0865927 9.90616e-4 -0.9997621 -0.02178912 0.02860459 -0.9985298 0.0460439 -0.04611924 -0.9987292 0.02032565 -0.04690342 -0.9987333 -0.01821613 -0.003676637 -0.995464 -0.09506736 -0.1327397 -0.9902065 -0.0432587 0.07434889 -0.9950271 -0.06628387 0.1124445 -0.9931864 -0.03061412 0.06429567 -0.9978502 0.01268733 -0.4619384 0.7694248 0.4411332 0.1994403 0.8141137 0.5453829 0.1313727 0.5587422 0.8188702 -0.6083699 0.5341072 0.5870397 0.3214333 0.2072171 0.9239814 0.2815787 0.6266308 0.7266687 -0.5385641 0.5930001 0.5985814 -0.6528907 0.1358665 0.7451671 0.9052653 0.1845034 0.382692 0.8068896 0.4809342 0.3429743 0.7253878 0.5498757 0.4140641 0.7359893 0.3653118 0.569971 0.9352405 0.3447542 -0.08043495 0.9750045 0.2087987 -0.075956 0.9959571 0.01111734 -0.08913971 0.9529272 0.2921782 -0.08100336 -0.8585584 0.5115791 0.0341221 -0.9555473 0.2943367 0.01718277 -0.7345985 0.250691 -0.6304912 -0.9986253 0.04598474 0.02516259 -0.9139253 0.4047048 0.03089783 -0.007566809 -0.5351597 -0.844717 0.6320271 -0.6060565 -0.4829464 -0.6211548 -0.6340845 -0.4605469 0.2726441 -0.5555376 0.7855209 -0.5592483 -0.5876837 0.5846959 0.7470198 -0.5537323 0.3678886 0.795894 -0.6006368 -0.07608072 -0.7793664 -0.6249204 0.04541603 0.995977 0.05126153 -0.07349814 0.9693711 -0.2330764 -0.07742762 0.7552552 -0.1318422 0.6420337 0.7403283 0.2034584 0.6407173 0.6438388 -0.02214299 -0.7648406 0.6163087 -0.2958175 -0.7298326 -0.9785841 0.2051635 0.016767 -0.9943435 0.01811548 0.104656 -0.7518556 -0.1528619 -0.641363 -0.7125538 0.08103169 -0.6969225 -0.5709248 0.377592 0.7290194 -0.6516079 0.008962793 0.758503 -0.07610566 -0.0212421 -0.9968734 -0.08662845 -0.2580992 -0.9622268 0.05881978 0.291329 0.9548128 0.0824523 -0.02264543 0.9963377 0.9632671 -0.2548517 -0.08465763 0.7585195 -0.1569656 0.6324634 0.6070772 -0.3163396 -0.7289627 -0.9941388 -0.01763132 0.1066631 -0.7924964 -0.1650448 -0.5871198 -0.6717337 -0.009399652 0.7407331 -0.09483228 -0.2790492 -0.9555827 0.09688094 -0.04431211 0.9943091 -0.9932714 -0.02547055 -0.1129743 -0.7942358 -0.01648355 0.6073861 -0.7699613 0.1447046 0.6214663 -0.9654371 0.2403013 -0.100928 -0.9701809 -0.2269629 -0.08506969 -0.7624341 -0.132859 0.6332794 -0.6365197 -0.05891883 -0.7690067 -0.6152491 -0.291719 -0.7323718 -0.6153666 0.2401758 -0.7507592 -0.9568808 -0.2734503 -0.09800125 -0.7526414 -0.2891208 0.5915573 -0.7473451 -0.2831966 0.6010615 -0.9596466 -0.2626855 -0.1003726 -0.7648907 -0.2947311 0.5727791 -0.9628921 -0.2495439 -0.1027948 -0.6254821 -0.2173442 -0.7493554 -0.6243731 0.07782492 -0.7772396 -0.9878659 0.1229486 -0.09489248 -0.6177856 -0.2450277 -0.7471963 -0.6249772 -0.2378622 -0.743522 0.1034482 -0.1963247 -0.9750668 0.09977508 -0.2075724 -0.973118 0.1128422 -0.1985526 -0.9735725 0.7978415 -0.2343272 -0.5554634 0.151999 -0.06198837 -0.9864349 0.7558454 -0.2747757 -0.5943031 0.751827 -0.2324409 -0.6170311 0.7451919 -0.2478037 -0.6190979 0.9633974 -0.2513237 0.09328409 0.9673573 -0.2364619 0.09113465 0.9536124 -0.2876514 0.08877014 0.6192378 -0.2587308 0.7413521 0.9542798 -0.2867054 0.08455738 0.603927 -0.3189217 0.7304527 0.6165503 -0.2618852 0.7424837 0.6126605 -0.2794418 0.7392966 -0.1058313 -0.2574737 0.9604723 -0.09751272 -0.2553776 0.9619114 -0.1294982 -0.2926758 0.9474024 -0.7793949 -0.01023236 0.6264493 -0.1388114 -0.1940736 0.9711163 -0.6596637 0.4411283 -0.6084812 -0.670204 0.1405683 -0.7287436 0.04119372 0.1395103 -0.9893634 0.02034392 0.5501176 -0.8348393 0.009612497 0.1856472 -0.9825695 -0.7859001 0.05540861 -0.615866 -0.6778824 0.4488116 -0.5822745 0.03568606 0.5884543 -0.8077425 0.7165207 0.4337021 -0.5463519 0.7932863 0.0465108 -0.6070696 0.6660489 0.5335957 -0.5212048 0.9951404 -0.07376524 0.06522518 0.7978202 -0.1070312 -0.5933187 0.8088654 2.93731e-4 -0.5879937 0.9917998 -0.1025281 0.07629741 0.9957669 -0.04303303 0.08121829 0.8020126 -0.1800543 -0.5695227 0.7054715 -0.07467075 0.7047938 0.6998038 -0.02557449 0.7138772 0.7039948 -0.1201341 0.6999708 0.0853874 -0.09258592 -0.9920367 0.09833088 0.141715 -0.9850116 0.1030796 -0.2654676 -0.9585935 -0.1143467 -0.03043482 0.9929746 -0.1050456 -0.0157788 0.9943422 -0.09877191 -0.03394337 0.994531 0.6550124 -0.1275976 0.7447668 -0.1374427 0.01512064 0.9903944 0.6961498 -0.07684556 0.7137718 -0.09268258 0.04060059 0.9948676 -0.7403577 0.2493618 0.6242508 -0.7390122 0.2832944 0.6112326 -0.1177748 0.068469 0.9906771 0.1478613 0.1938727 -0.9698197 -0.5990389 0.3809664 -0.7042848 -0.5868362 0.36213 -0.7242135 0.1061587 0.2261314 -0.9682949 0.8244409 0.06232088 -0.5625063 0.126483 0.2615525 -0.9568659 0.842839 0.107599 -0.5272995 0.9645694 -0.2556883 0.06503385 0.8322073 -0.03325267 -0.5534667 0.9901404 -0.1088748 0.08813684 0.6819188 -0.06407902 0.7286156 0.9813365 -0.1780341 0.0726818 -0.7490876 0.2957658 0.5927817 -0.9079351 0.4109569 -0.08226807 -0.9267455 0.3647767 -0.08989359 -0.5837222 0.3830206 -0.7159355 -0.9141792 0.3959521 -0.08659268 -9.90616e-4 -0.9997621 -0.02178912 0.04690344 -0.9987333 -0.01821612 0.04611924 -0.9987291 0.02032565 -0.02860459 -0.9985298 0.0460439 0.003676637 -0.995464 -0.09506736 0.1327397 -0.9902065 -0.0432587 -0.1124445 -0.9931864 -0.03061412 -0.07434889 -0.9950271 -0.06628387 -0.06429567 -0.9978502 0.01268733 0.4619384 0.7694248 0.4411332 0.6083699 0.5341071 0.5870398 -0.1313727 0.5587422 0.8188702 -0.1994403 0.8141137 0.5453829 -0.3214334 0.2072171 0.9239815 0.6528908 0.1358665 0.7451671 0.5385641 0.5930001 0.5985814 -0.2815787 0.6266308 0.7266687 -0.8068896 0.4809342 0.3429743 -0.9052653 0.1845034 0.382692 -0.7253878 0.5498758 0.4140641 -0.7359894 0.3653118 0.569971 -0.9750045 0.2087987 -0.075956 -0.9352406 0.3447542 -0.08043495 -0.9959571 0.01111734 -0.08913971 -0.9529272 0.2921782 -0.08100337 0.7345985 0.250691 -0.6304912 0.9555473 0.2943367 0.01718277 0.8585584 0.5115791 0.0341221 0.9986252 0.04598466 0.02516258 0.9139252 0.4047047 0.03089783 0.007566809 -0.5351597 -0.844717 -0.6320271 -0.6060565 -0.4829464 0.6211549 -0.6340846 -0.4605469 -0.2726441 -0.5555376 0.7855209 0.5592483 -0.5876837 0.5846958 -0.7470198 -0.5537323 0.3678886 -0.795894 -0.6006368 -0.07608072 0.7793664 -0.6249203 0.045416 -0.9959771 0.05126153 -0.07349814 -0.7403283 0.2034584 0.6407173 -0.7552552 -0.1318422 0.6420337 -0.9693711 -0.2330764 -0.07742762 -0.6438388 -0.02214299 -0.7648406 -0.6163087 -0.2958175 -0.7298326 0.9785841 0.2051635 0.016767 0.7125539 0.08103169 -0.6969225 0.7518556 -0.1528619 -0.641363 0.9943435 0.01811548 0.104656 0.5709248 0.377592 0.7290194 0.6516079 0.008962791 0.758503 0.07610568 -0.02124211 -0.9968735 0.08662845 -0.2580992 -0.9622268 -0.05881978 0.291329 0.9548128 -0.0824523 -0.02264543 0.9963377 -0.9632671 -0.2548517 -0.08465762 -0.7585195 -0.1569656 0.6324634 -0.6070772 -0.3163396 -0.7289627 0.9941388 -0.01763132 0.1066631 0.7924964 -0.1650448 -0.5871198 0.6717337 -0.009399652 0.7407331 0.09483228 -0.2790492 -0.9555827 -0.09688096 -0.04431212 0.9943091 -0.04254929 0.6911438 0.7214636 -0.05511557 0.02473928 0.9981735 -0.1224358 0.02941813 0.9920405 -0.1260028 0.6918842 0.7109286 -0.07925407 -0.6791098 0.7297456 -0.1449682 -0.6721041 0.7261268 -0.00903564 0.9999591 2.39925e-4 -0.111674 0.9937432 -0.001820266 -0.1193156 0.6839754 -0.7196815 -0.02395322 0.6806483 -0.7322186 -0.1037336 -0.9946049 6.16716e-4 -0.1543254 -0.9880189 0.001482341 -0.09481168 -0.68862 -0.7188972 -0.1518222 -0.6801255 -0.7172024 -0.05537145 -0.006042491 -0.9984475 -0.1234098 0.002577875 -0.9923524 -0.03570506 -0.6923592 -0.720669 -0.05108636 -0.9986904 0.002754666 -0.01637354 -0.6752331 0.7374226 0.07669859 0.678448 -0.7306337 0.01495357 -0.00842342 -0.9998527 0.01242459 0.03202406 0.9994099 0.05051211 0.6950613 0.7171738 0.09743633 0.99524 -0.001877501 0.0425493 0.6911438 0.7214636 0.1260093 0.6918839 0.7109278 0.1224417 0.02941881 0.9920396 0.05511557 0.02473928 0.9981734 0.07925407 -0.6791099 0.7297456 0.1449752 -0.672103 0.7261266 0.00903564 0.9999591 2.39927e-4 0.02395322 0.6806483 -0.7322186 0.1193218 0.6839752 -0.7196807 0.1116798 0.9937426 -0.001820385 0.1037336 -0.9946049 6.16713e-4 0.1543326 -0.9880179 0.001482419 0.09481168 -0.68862 -0.7188972 0.1518295 -0.6801243 -0.7172019 0.05537145 -0.006042493 -0.9984475 0.1234159 0.002578449 -0.9923517 0.0510843 -0.9986905 0.002754815 0.03570361 -0.6923589 -0.7206694 0.01637279 -0.6752327 0.7374229 -0.0149529 -0.008422642 -0.9998527 -0.07669496 0.678449 -0.7306333 -0.01242411 0.03202439 0.9994099 -0.05050987 0.6950623 0.717173 -0.09743167 0.9952404 -0.001877786 -1.08445e-5 0.6272801 0.7787938 -1.90382e-8 0.08900722 0.996031 0.4242823 0.1918613 0.8849711 0.2753984 0.5659313 0.7770956 0.4034005 -0.2696353 0.8743941 0.437854 -0.2264118 0.8700699 0.4732142 -0.1677993 0.8648189 0.4723261 -0.206786 0.8568242 -0.001045132 -0.4106189 0.9118065 0.3119722 -0.4412189 0.8414268 0.001865968 -0.4330114 0.9013865 0.3691019 -0.445456 0.8156793 -0.4257632 0.1922601 0.884173 -0.2753992 0.5660873 0.7769815 -0.4773344 -0.1714543 0.8618325 -0.4781335 -0.2088073 0.8531048 -0.4407329 -0.2309483 0.8674198 -0.4046371 -0.2725628 0.8729137 -0.3704086 -0.452799 0.8110306 -0.3139084 -0.4448307 0.8388011 -0.27072 0.2577215 0.9275184 0.2935764 0.3246579 0.8991163 1 -8.66945e-8 -7.82658e-9 0.9396929 0.340718 0.02980844 0.9396927 0.3407183 0.02980847 0.9999999 3.10655e-7 2.60384e-8 0.7660448 0.6403412 0.05602156 0.7660446 0.6403415 0.0560216 0.4999998 0.8627301 0.07547778 0.4999996 0.8627303 0.0754778 0.1736481 0.9810604 0.08583017 0.173648 0.9810604 0.08583017 -0.1736481 0.9810603 0.08583018 -0.173648 0.9810604 0.08583017 -0.5 0.8627299 0.07547779 -0.4999998 0.8627301 0.07547778 -0.766045 0.640341 0.05602157 -0.7660449 0.6403413 0.05602157 -0.946212 0.3223161 0.02819852 -0.9462119 0.3223165 0.02819854 -0.9908535 0.1344287 0.01176077 -0.9908534 0.1344287 0.01176077 -0.9474354 -0.3187296 -0.02788495 -0.9918509 -0.126919 -0.01110496 -0.991851 -0.1269187 -0.01110446 -0.9474354 -0.3187298 -0.02788474 -0.7660449 -0.6403412 -0.05602161 -0.766045 -0.6403409 -0.05602159 -0.4999999 -0.8627301 -0.07547771 -0.4999999 -0.86273 -0.0754777 -0.1736481 -0.9810604 -0.08583008 -0.1736481 -0.9810604 -0.08583008 0.173648 -0.9810605 -0.08583008 0.1736481 -0.9810605 -0.08583008 0.4999996 -0.8627303 -0.07547773 0.4999998 -0.8627301 -0.07547771 0.7660437 -0.6403425 -0.05602174 0.7660439 -0.6403424 -0.05602171 0.9396923 -0.3407195 -0.02980858 0.9396924 -0.3407192 -0.02980855 -1.30764e-6 0.08715545 -0.9961947 -1.5925e-7 0.08715587 -0.9961947 -2.64668e-7 0.08715575 -0.9961947 1.24164e-6 0.08715662 -0.9961946 -2.64986e-7 0.08715574 -0.9961946 1.70009e-6 0.08715647 -0.9961947 3.03608e-7 0.08715592 -0.9961946 0 0.08715598 -0.9961947 3.67305e-6 0.08715344 -0.9961949 3.34004e-7 0.0871558 -0.9961947 4.93969e-7 0.08715568 -0.9961947 2.47855e-7 0.08715581 -0.9961947 4.97089e-7 0.08715504 -0.9961947 1.73138e-7 0.08715554 -0.9961947 -1.62612e-8 0.08715619 -0.9961947 1.16974e-7 0.0871556 -0.9961947 -7.98077e-7 0.08715403 -0.9961948 -2.78114e-7 0.08715568 -0.9961947 0 0.08715615 -0.9961947 -1.87261e-7 0.08715571 -0.9961947 2.60536e-6 0.08715701 -0.9961946 -1.32638e-7 0.08715602 -0.9961947 -1.12394e-6 0.08715484 -0.9961948 -1.71508e-8 0.08715587 -0.9961947 3.07677e-6 0.08715516 -0.9961948 -2.92561e-7 0.08715604 -0.9961947 5.71447e-6 0.0871564 -0.9961945 -4.90504e-7 0.0871564 -0.9961947 -1.87418e-7 0.08715608 -0.9961947 -2.39314e-6 0.08715687 -0.9961947 7.15735e-8 0.08715599 -0.9961947 3.39444e-7 0.087156 -0.9961947 1.3584e-6 0.08715092 -0.9961951 -4.74501e-7 0.08715751 -0.9961945 -1.62612e-8 0.08715619 -0.9961946 -1.01632e-9 0.08715617 -0.9961947 2.04361e-7 0.08715647 -0.9961947 4.12022e-7 0.08715665 -0.9961947 -0.1736486 0.9810604 0.08583008 0.1736486 0.9810604 0.08583007 0.1736487 0.9810603 0.08583007 -0.1736487 0.9810603 0.08583006 0.5000002 0.86273 0.0754777 0.5000004 0.8627298 0.07547769 0.7660447 0.6403413 0.05602156 0.7660446 0.6403415 0.05602158 0.9396927 0.3407183 0.02980844 0.9396929 0.340718 0.0298084 0.9999999 4.81636e-8 3.31125e-9 0.9999999 -3.75676e-7 -3.37145e-8 0.9396928 -0.3407182 -0.02980843 0.9396927 -0.3407185 -0.02980845 0.7660447 -0.6403413 -0.05602164 0.7660444 -0.6403415 -0.05602165 0.5000002 -0.8627298 -0.07547777 0.5000001 -0.86273 -0.07547779 0.1736486 -0.9810603 -0.08583008 0.1736486 -0.9810604 -0.08583007 -0.1736486 -0.9810603 -0.08583007 -0.1736486 -0.9810603 -0.08583008 -0.5000001 -0.8627299 -0.07547776 -0.4999999 -0.86273 -0.07547779 -0.7660446 -0.6403414 -0.05602164 -0.7660444 -0.6403417 -0.05602166 -0.9396928 -0.3407182 -0.02980844 -0.9396927 -0.3407185 -0.02980845 -0.9999999 5.20167e-7 4.57554e-8 -0.9999999 -9.63271e-9 2.84165e-7 -0.9396929 0.3407176 0.02981131 -0.9396923 0.3407195 0.02981094 -0.7660437 0.6403426 0.05602255 -0.7660435 0.6403428 0.05602175 -0.5 0.8627301 0.07547773 -0.5000001 0.8627299 0.0754777 -6.23611e-8 -0.08715583 0.9961947 1.43153e-6 -0.08715697 0.9961945 1.38447e-8 -0.0871558 0.9961947 8.38812e-7 -0.08715577 0.9961947 -1.89358e-6 -0.08715577 0.9961947 7.21306e-7 -0.08715581 0.9961947 -8.41252e-8 -0.0871562 0.9961947 -4.47003e-7 -0.08715622 0.9961946 5.6302e-7 -0.08715461 0.9961948 1.83281e-8 -0.08715548 0.9961947 0 -0.08715615 0.9961947 -1.26681e-8 -0.08715566 0.9961947 1.10483e-6 -0.08715659 0.9961947 8.70844e-7 -0.08715601 0.9961946 1.16743e-6 -0.08715596 0.9961947 3.86314e-7 -0.08715595 0.9961947 -7.65992e-7 -0.08715618 0.9961946 5.67237e-8 -0.08715581 0.9961946 -8.13881e-7 -0.08715612 0.9961946 -3.15905e-7 -0.08715606 0.9961947 -3.0217e-6 -0.08715675 0.9961946 8.70278e-7 -0.08715577 0.9961947 -6.87146e-6 -0.08715264 0.996195 2.97991e-8 -0.0871555 0.9961947 -7.98077e-7 -0.08715405 0.9961948 -4.50176e-9 -0.0871556 0.9961947 -7.60125e-7 -0.08715832 0.9961945 -7.80964e-7 -0.08715646 0.9961946 -6.95792e-7 -0.08715609 0.9961947 -4.2036e-6 -0.08715696 0.9961946 -1.10324e-8 -0.08715568 0.9961947 2.60536e-6 -0.08715701 0.9961945 -3.29353e-7 -0.08715576 0.9961947 -3.30849e-8 -0.08715431 0.9961948 3.29353e-7 -0.08715576 0.9961947 3.30849e-8 -0.08715431 0.9961948 0 -0.08715615 0.9961947 0 -0.08715615 0.9961947 5.23849e-7 -0.0871564 0.9961946 5.23849e-7 -0.08715641 0.9961947 5.23849e-7 -0.0871564 0.9961946 8.09342e-7 -0.08715623 0.9961947 8.09341e-7 -0.08715622 0.9961947 8.09342e-7 -0.08715622 0.9961947 -0.1001016 0.9911911 0.08671638 -0.1001016 0.9911912 0.08671638 -0.1001016 0.9911911 0.08671638 -0.1001016 0.9911911 0.08671638 -0.1001016 0.9911912 0.08671638 -0.1001016 0.9911911 0.08671638 -8.09342e-7 0.08715622 -0.9961947 -8.09341e-7 0.08715622 -0.9961947 -8.09342e-7 0.08715623 -0.9961947 -5.23849e-7 0.0871564 -0.9961946 -5.23849e-7 0.08715641 -0.9961947 -5.23849e-7 0.0871564 -0.9961946 -5.2212e-7 0.08715639 -0.9961946 -5.22119e-7 0.08715639 -0.9961946 -5.2212e-7 0.08715639 -0.9961946 -8.53385e-7 0.08715658 -0.9961946 -8.53385e-7 0.08715659 -0.9961947 -8.53385e-7 0.08715659 -0.9961946 0.1000859 -0.9911928 -0.08671653 0.1000859 -0.9911927 -0.08671652 0.1000859 -0.9911928 -0.08671653 0.1001016 -0.9911904 -0.08672565 0.1001016 -0.9911903 -0.08672564 0.1001016 -0.9911904 -0.08672566 8.53385e-7 -0.08715659 0.9961946 8.53385e-7 -0.08715659 0.9961947 8.53385e-7 -0.08715658 0.9961946 -9.54773e-7 -0.08715553 0.9961947 -9.54773e-7 -0.08715553 0.9961947 -9.54773e-7 -0.08715554 0.9961948 -0.9999999 -3.75676e-7 -3.25104e-8 -1 3.37145e-8 1.80613e-9 -0.9396926 0.3407188 0.02980851 -0.9396928 0.3407184 0.02980847 -0.7660444 0.6403418 0.05602164 -0.7660446 0.6403416 0.05602159 -0.5 0.86273 0.07547778 -0.4999998 0.8627301 0.0754778 -0.1736481 0.9810604 0.08583017 -0.1736481 0.9810603 0.08583017 0.1736481 0.9810603 0.08583018 0.1736481 0.9810603 0.08583017 0.4999999 0.8627301 0.07547779 0.5 0.8627299 0.07547778 0.7660449 0.6403412 0.05602157 0.7660447 0.6403413 0.05602156 0.9462118 0.3223165 0.02819853 0.9462121 0.3223161 0.02819852 0.9908535 0.1344282 0.01176073 0.9908535 0.1344282 0.01176073 0.9474354 -0.3187295 -0.02788495 0.9474354 -0.3187298 -0.02788473 0.991851 -0.1269187 -0.01110446 0.9918509 -0.126919 -0.01110496 0.766045 -0.640341 -0.0560216 0.7660449 -0.6403412 -0.05602161 0.4999999 -0.8627301 -0.07547771 0.4999997 -0.8627303 -0.07547772 0.1736481 -0.9810603 -0.08583008 0.173648 -0.9810605 -0.08583009 -0.1736481 -0.9810605 -0.08583008 -0.173648 -0.9810605 -0.08583008 -0.4999998 -0.8627301 -0.0754777 -0.4999997 -0.8627301 -0.07547773 -0.7660438 -0.6403424 -0.05602172 -0.7660437 -0.6403426 -0.05602175 -0.9396923 -0.3407197 -0.02980859 -0.9396922 -0.34072 -0.02980862 1.01633e-9 0.08715617 -0.9961947 1.62612e-8 0.0871562 -0.9961946 -7.15727e-8 0.08715598 -0.9961947 -2.04361e-7 0.08715646 -0.9961946 2.39313e-6 0.08715687 -0.9961946 1.87418e-7 0.08715607 -0.9961947 4.90504e-7 0.0871564 -0.9961947 -5.71447e-6 0.0871564 -0.9961945 1.71503e-8 0.08715586 -0.9961947 1.12394e-6 0.08715485 -0.9961948 1.87261e-7 0.08715571 -0.9961947 0 0.08715615 -0.9961947 -1.16974e-7 0.0871556 -0.9961947 1.62612e-8 0.0871562 -0.9961946 -2.47856e-7 0.08715582 -0.9961947 -4.93969e-7 0.08715567 -0.9961947 -3.03606e-7 0.08715595 -0.9961948 -1.70008e-6 0.08715647 -0.9961947 2.64987e-7 0.08715576 -0.9961947 2.64669e-7 0.08715575 -0.9961947 1.5925e-7 0.08715586 -0.9961947 1.30763e-6 0.08715546 -0.9961947 -1.24163e-6 0.08715662 -0.9961946 0 0.08715597 -0.9961947 -3.67303e-6 0.08715344 -0.9961949 -3.34005e-7 0.08715581 -0.9961947 -4.97089e-7 0.08715506 -0.9961948 -1.73138e-7 0.08715554 -0.9961947 7.98075e-7 0.08715405 -0.9961948 2.78114e-7 0.08715567 -0.9961947 -2.60536e-6 0.08715701 -0.9961945 1.32637e-7 0.08715602 -0.9961947 -3.07678e-6 0.08715516 -0.9961948 2.92561e-7 0.08715601 -0.9961947 -3.39444e-7 0.08715599 -0.9961947 -1.3584e-6 0.08715094 -0.9961951 4.74501e-7 0.08715749 -0.9961945 -4.12022e-7 0.08715663 -0.9961947 0.1736486 0.9810603 0.08583008 0.1736487 0.9810603 0.08583007 -0.1736487 0.9810603 0.08583007 -0.1736486 0.9810604 0.08583007 -0.5000003 0.8627299 0.0754777 -0.5000001 0.86273 0.0754777 -0.7660446 0.6403415 0.05602158 -0.7660445 0.6403416 0.0560216 -0.9396929 0.3407182 0.02980842 -0.9396927 0.3407185 0.02980845 -0.9999999 -3.85309e-7 -3.31125e-8 -0.9999999 4.33472e-8 3.61227e-9 -0.9396926 -0.3407188 -0.02980848 -0.9396927 -0.3407185 -0.02980846 -0.7660445 -0.6403415 -0.05602164 -0.7660447 -0.6403413 -0.05602163 -0.5000001 -0.86273 -0.07547776 -0.5000003 -0.8627299 -0.07547777 -0.1736485 -0.9810604 -0.08583008 -0.1736486 -0.9810603 -0.08583008 0.1736486 -0.9810603 -0.08583009 0.1736487 -0.9810603 -0.08583008 0.5000005 -0.8627298 -0.07547776 0.5000003 -0.8627298 -0.07547777 0.7660444 -0.6403416 -0.05602165 0.7660446 -0.6403415 -0.05602165 0.9396925 -0.3407191 -0.02980852 0.9396923 -0.3407194 -0.02980854 0.9999999 -3.66043e-7 2.52257e-7 1 1.92654e-7 1.62552e-8 0.9396921 0.3407198 0.02981097 0.9396928 0.340718 0.02981134 0.7660435 0.6403428 0.05602176 0.7660436 0.6403427 0.05602257 0.5000001 0.8627299 0.07547769 0.5 0.8627301 0.07547773 -5.67236e-8 -0.08715581 0.9961946 8.1388e-7 -0.08715612 0.9961946 -3.29353e-7 -0.08715576 0.9961947 -3.30849e-8 -0.0871543 0.9961948 3.30849e-8 -0.08715431 0.9961948 7.65992e-7 -0.08715619 0.9961946 3.15906e-7 -0.08715606 0.9961947 -3.86313e-7 -0.08715595 0.9961946 -1.16743e-6 -0.08715596 0.9961946 -8.70844e-7 -0.08715601 0.9961946 3.02175e-6 -0.08715675 0.9961946 -8.70276e-7 -0.08715577 0.9961947 -1.10483e-6 -0.08715659 0.9961947 1.26711e-8 -0.08715565 0.9961947 6.87147e-6 -0.08715264 0.996195 -2.9799e-8 -0.0871555 0.9961948 0 -0.08715615 0.9961947 -1.83273e-8 -0.08715548 0.9961947 7.98077e-7 -0.08715404 0.9961948 4.50173e-9 -0.0871556 0.9961947 -5.6302e-7 -0.0871546 0.9961948 4.47003e-7 -0.08715622 0.9961946 7.60124e-7 -0.08715831 0.9961945 7.80964e-7 -0.08715647 0.9961946 6.95791e-7 -0.08715609 0.9961947 8.41253e-8 -0.08715621 0.9961947 -7.21307e-7 -0.08715581 0.9961947 1.89358e-6 -0.08715577 0.9961947 -8.38815e-7 -0.08715577 0.9961947 -1.38457e-8 -0.0871558 0.9961947 4.20361e-6 -0.08715695 0.9961945 1.10331e-8 -0.08715568 0.9961947 -1.43153e-6 -0.08715697 0.9961945 6.23617e-8 -0.08715582 0.9961946 -2.60536e-6 -0.08715701 0.9961945 3.29353e-7 -0.08715576 0.9961947 0 -0.08715614 0.9961947 0 -0.08715615 0.9961946 4.81671e-7 -0.08715604 0.9961947 4.81671e-7 -0.08715604 0.9961946 4.81671e-7 -0.08715605 0.9961947 -1.88115e-7 -0.08715551 0.9961947 -1.88115e-7 -0.08715551 0.9961947 -1.88115e-7 -0.08715551 0.9961947 0.08004849 0.992998 0.08687446 0.08004848 0.9929979 0.08687445 0.08004847 0.992998 0.08687446 0.08004849 0.992998 0.08687446 0.08004848 0.9929979 0.08687445 0.08004847 0.992998 0.08687446 1.88115e-7 0.08715551 -0.9961947 1.88115e-7 0.08715551 -0.9961947 1.88115e-7 0.08715551 -0.9961947 -4.81671e-7 0.08715605 -0.9961947 -4.81671e-7 0.08715604 -0.9961946 -4.81671e-7 0.08715604 -0.9961947 1.53987e-6 0.08715648 -0.9961947 1.53987e-6 0.08715649 -0.9961946 1.53987e-6 0.08715648 -0.9961945 1.88115e-7 0.08715551 -0.9961948 1.88115e-7 0.08715551 -0.9961947 1.88115e-7 0.08715551 -0.9961948 -0.08004849 -0.9929981 -0.08687446 -0.08004849 -0.9929981 -0.08687446 -0.08004848 -0.992998 -0.08687446 -0.08004832 -0.992998 -0.08687457 -0.08004832 -0.992998 -0.08687457 -0.08004832 -0.9929979 -0.08687457 -3.02764e-7 -0.08715728 0.9961946 -3.02764e-7 -0.08715729 0.9961946 -3.02764e-7 -0.08715727 0.9961945 4.24824e-7 -0.08715675 0.9961945 4.24824e-7 -0.08715676 0.9961946 4.24824e-7 -0.08715676 0.9961946 1.88115e-7 -0.08715551 0.9961947 1.88115e-7 -0.08715551 0.9961947 1.88115e-7 -0.08715551 0.9961947 -4.81671e-7 -0.08715604 0.9961947 -4.81671e-7 -0.08715604 0.9961947 -4.81671e-7 -0.08715604 0.9961947 -0.08004847 0.992998 0.08687446 -0.08004848 0.9929979 0.08687445 -0.08004849 0.992998 0.08687446 -0.08004847 0.992998 0.08687446 -0.08004848 0.9929979 0.08687445 -0.08004849 0.992998 0.08687446 -1.88115e-7 0.08715551 -0.9961947 -1.88115e-7 0.08715551 -0.9961947 -1.88115e-7 0.08715551 -0.9961947 4.81671e-7 0.08715604 -0.9961947 4.81671e-7 0.08715604 -0.9961947 4.81671e-7 0.08715604 -0.9961947 -1.88115e-7 0.08715551 -0.9961948 -1.88115e-7 0.08715551 -0.9961947 -1.88115e-7 0.08715551 -0.9961947 -1.53987e-6 0.08715649 -0.9961947 -1.53987e-6 0.08715649 -0.9961947 -1.53987e-6 0.08715648 -0.9961946 0.08004832 -0.9929979 -0.08687457 0.08004832 -0.992998 -0.08687457 0.08004832 -0.992998 -0.08687457 0.08004848 -0.992998 -0.08687446 0.08004849 -0.9929981 -0.08687446 0.08004849 -0.9929981 -0.08687446 3.02764e-7 -0.08715727 0.9961946 3.02764e-7 -0.08715728 0.9961946 3.02764e-7 -0.08715726 0.9961945 -4.24824e-7 -0.08715674 0.9961946 -4.24824e-7 -0.08715675 0.9961946 -4.24824e-7 -0.08715675 0.9961946 -5.23849e-7 -0.0871564 0.9961946 -5.23849e-7 -0.08715641 0.9961947 -5.23849e-7 -0.0871564 0.9961946 -8.09342e-7 -0.08715621 0.9961947 -8.09342e-7 -0.08715621 0.9961947 -8.09342e-7 -0.08715621 0.9961947 0.1001016 0.9911911 0.08671638 0.1001016 0.9911912 0.08671638 0.1001016 0.9911911 0.08671638 0.1001016 0.9911911 0.08671638 0.1001016 0.9911912 0.08671638 0.1001016 0.9911911 0.08671638 5.23849e-7 0.0871564 -0.9961946 5.23849e-7 0.08715641 -0.9961947 5.23849e-7 0.0871564 -0.9961946 8.09342e-7 0.08715621 -0.9961947 8.09342e-7 0.08715621 -0.9961947 8.09342e-7 0.08715621 -0.9961947 5.2212e-7 0.08715639 -0.9961946 5.22119e-7 0.08715639 -0.9961946 5.2212e-7 0.08715639 -0.9961946 8.53386e-7 0.08715658 -0.9961946 8.53386e-7 0.08715659 -0.9961946 8.53386e-7 0.08715658 -0.9961946 -0.1001016 -0.9911904 -0.08672566 -0.1001016 -0.9911903 -0.08672564 -0.1001016 -0.9911904 -0.08672565 -0.1000859 -0.9911928 -0.08671653 -0.1000859 -0.9911927 -0.08671652 -0.1000859 -0.9911928 -0.08671653 9.54773e-7 -0.08715554 0.9961948 9.54773e-7 -0.08715553 0.9961947 9.54773e-7 -0.08715553 0.9961947 -8.53386e-7 -0.08715658 0.9961946 -8.53386e-7 -0.08715659 0.9961946 -8.53386e-7 -0.08715658 0.9961946</float_array>
          <technique_common>
            <accessor source="#geom-Torso-normals-array" count="2685" stride="3">
              <param name="X" type="float"/>
              <param name="Y" type="float"/>
              <param name="Z" type="float"/>
            </accessor>
          </technique_common>
        </source>
        <source id="geom-Torso-map1">
          <float_array id="geom-Torso-map1-array" count="8157">0.3453759 0.6811875 0 0.3554717 0.6945103 0 0.3468544 0.7011929 0 0.3388669 0.6964391 0 0.3665971 0.712406 0 0.3485653 0.7177851 0 0.330085 0.7125052 0 0.368128 0.6154004 0 0.3858222 0.6167711 0 0.3865769 0.6193972 0 0.3734636 0.6212988 0 0.3705638 0.7067522 0 0.4080016 0.7046115 0 0.4069967 0.7184207 0 0.3977908 0.7192589 0 0.3990027 0.7048566 0 0.3360714 0.6829805 0 0.4086568 0.6281012 0 0.3995895 0.6278347 0 0.08967388 0.8126943 -0.07437149 0.0837487 0.8128346 -0.0633995 0.3357564 0.676052 0 0.08491361 0.8021657 0.06796751 0.08967388 0.8016011 0.05108956 0.07819259 0.8130434 -0.0511367 0.08007514 0.8030097 0.04665691 0.3403964 0.6727967 0 0.3298157 0.6844485 0 0.3297366 0.6768479 0 0.3311273 0.7951634 0 0.4924403 0.6371118 0 0.4922656 0.6523631 0 0.4924358 0.62205 0 0.3304554 0.7453308 0 0.5117213 0.6185138 0 0.5112631 0.6354556 0 0.5108064 0.6518991 0 0.4172806 0.677948 0 0.3508254 0.7468563 0 0.3585584 0.7928801 0 0.3677163 0.7433596 0 0.3821828 0.7858138 0 0.3287012 0.5420534 0 0.3561609 0.527093 0 0.3479152 0.5611041 0 0.3349617 0.5651401 0 0.3795789 0.5284343 0 0.3637856 0.5624602 0 0.3566719 0.5762432 0 0.3445495 0.575376 0 0.1356782 0.8130324 -0.04172647 0.130458 0.8128175 -0.05689905 0.3375556 0.5759603 0 0.1293458 0.8021408 0.07437149 0.4126847 0.6910501 0 0.4042892 0.6908352 0 0.4097249 0.6776221 0 0.4132008 0.6411939 0 0.4048628 0.6412818 0 0.4177373 0.6552806 0 0.4102096 0.6555637 0 0.4190246 0.6670382 0 0.4117283 0.6670887 0 0.5183278 0.6819129 0 0.5183809 0.6669869 0 0.5261185 0.6670372 0 0.1339349 0.8029923 0.05831987 0.124652 0.8126752 -0.07364529 0.124652 0.8015749 0.05105051 0.3295304 0.6435721 0 0.3363319 0.644957 0 0.3359877 0.652451 0 0.3296037 0.6518079 0 0.3471357 0.6476595 0 0.340734 0.6557695 0 0.3293079 0.610918 0 0.3392965 0.6302899 0 0.3347256 0.6350474 0 0.5261132 0.6813183 0 0.3294423 0.6316892 0 0.3821886 0.5846444 0 0.3691484 0.5773373 0 0.5185887 0.6520633 0 0.5263592 0.6527594 0 0.5361868 0.6539068 0 0.5358286 0.6670985 0 0.5359665 0.6802922 0 0.4918331 0.6667902 0 0.4919491 0.6812301 0 0.5103558 0.6669403 0 0.5105225 0.6819801 0 0.3786806 0.564806 0 0.3899907 0.5697827 0 0.3961901 0.5363925 0 0.3757706 0.597485 0 0.3671637 0.5891279 0 0.3585452 0.5922413 0 0.3281654 0.4612453 0 0.1418105 0.8131084 -0.05805702 0.1418461 0.8032837 -0.01410009 0.3699762 0.4628665 0 0.327717 0.3975745 0 0.3825252 0.4019996 0 0.429836 0.4125944 0 0.4900868 0.6085563 0 0.4916896 0.711568 0 0.5109667 0.7153765 0 0.5092104 0.7315487 0 0.4918903 0.6965051 0 0.5106712 0.6984284 0 0.5403841 0.626718 0 0.5452253 0.6155152 0 0.5532106 0.6195823 0 0.4058734 0.4694113 0 0.3476672 0.6656637 0 0.3427231 0.66437 0 0.3906347 0.6029605 0 0.3848664 0.7415633 0 0.548767 0.6300981 0 0.5398147 0.7075138 0 0.4350404 0.4791646 0 0.4721588 0.4217509 0 0.4337748 0.9126284 0 0.4088756 0.8536646 0 0.3720741 0.6908973 0 0.3751053 0.6919146 0 0.375513 0.6756719 0 0.3801581 0.6768454 0 0.3766735 0.6510693 0 0.3732209 0.6364515 0 0.3760521 0.6356186 0 0.08342373 0.8384464 -0.04699941 0.07758272 0.8384426 -0.0276002 0.08967388 0.8384477 -0.05351428 0.08967388 0.8715312 0.04050237 0.0837096 0.8715293 0.0415803 0.07785523 0.8715247 0.05208594 0.3808419 0.6515368 0 0.3748992 0.6636897 0 0.3830668 0.6647005 0 0.3737246 0.8633444 0 0.3875453 0.9267085 0 0.3331232 0.9332128 0 0.3321683 0.8677044 0 0.3615655 0.678641 0 0.3636652 0.6630155 0 0.5482444 0.7042379 0 0.5539663 0.702253 0 0.5586416 0.7125034 0 0.5544598 0.6321559 0 0.365452 0.6494364 0 0.3566839 0.6323375 0 0.5217806 0.6189158 0 0.3477985 0.6254944 0 0.5261356 0.6031184 0 0.1417857 0.8384372 -0.02309608 0.5349569 0.7252946 0 0.5303093 0.622189 0 0.5211172 0.7150996 0 0.5296825 0.7119229 0 0.5196171 0.6982483 0 0.5276318 0.6965896 0 0.537444 0.694102 0 0.5201954 0.6357591 0 0.5281278 0.6375093 0 0.5378708 0.6401112 0 0.5457789 0.6919553 0 0.5443519 0.6792719 0 0.5502685 0.6785274 0 0.5517506 0.6904955 0 0.5461608 0.642359 0 0.5445496 0.6550291 0 0.552107 0.6438935 0 0.5504519 0.6558473 0 0.5441372 0.6671498 0 0.5501379 0.667187 0 0.5558798 0.7014065 0 0.561175 0.7111733 0 0.1362242 0.838432 -0.01744675 0.1417738 0.8715179 0.05132286 0.1359516 0.8715112 0.06506324 0.1307641 0.8384286 -0.03960718 0.124652 0.8384274 -0.05292539 0.1304909 0.871507 0.05039809 0.124652 0.8715056 0.0405024 0.348007 0.6116449 0 0.3651981 0.6395996 0 0.3640369 0.6876064 0 0.3459114 0.5926619 0 0.335333 0.5884449 0 0.3299149 0.6953459 0 0.3345971 0.6920385 0 0.3275115 0.3695048 0 0.3882385 0.3746539 0 0.3273556 0.3507897 0 0.3944666 0.3584381 0 0.441546 0.3716287 0 0.4390729 0.3867454 0 0.4835877 0.3988676 0 0.4815659 0.3818238 0 0.5594085 0.6997006 0 0.5638482 0.7078545 0 0.5598685 0.6347775 0 0.5563609 0.6330287 0 0.5524489 0.6781759 0 0.5540916 0.6898257 0 0.5562536 0.6780933 0 0.5575618 0.6891612 0 0.5544363 0.644593 0 0.5578948 0.6453023 0 0.5564267 0.6563601 0 0.5526257 0.6562231 0 0.5524854 0.6672003 0 0.5562181 0.6672279 0 0.5185924 0.6181271 0 0.5175635 0.6353406 0 0.5164739 0.6519412 0 0.4470067 0.953764 0 0.516153 0.6669796 0 0.4434703 0.9389151 0 0.5162104 0.6820226 0 0.5178931 0.7158504 0 0.5190665 0.7327158 0 0.5169463 0.698638 0 0.3938391 0.9547775 0 0.4007699 0.9704578 0 0.3338633 0.9807603 0 0.3335572 0.9622848 0 0.3312118 0.5777643 0 0.3288678 0.579011 0 0.3142016 0.6815274 0 0.3209814 0.6966447 0 0.3130856 0.7015741 0 0.304346 0.6950643 0 0.09443414 0.8021657 0.06796755 0.09559882 0.8128346 -0.0633995 0.3117122 0.7182138 0 0.09927261 0.8030097 0.04665688 0.1011552 0.8130434 -0.0511367 0.2935435 0.7132248 0 0.2904547 0.6160774 0 0.2852107 0.6220684 0 0.2720683 0.6203547 0 0.2727835 0.6177252 0 0.2894481 0.7076253 0 0.3190379 0.673049 0 0.3237108 0.6761944 0 0.323533 0.6831245 0 0.3036409 0.7936224 0 0.3101215 0.7473615 0 0.2931321 0.7442887 0 0.1136259 0.8130324 -0.0417265 0.2470198 0.7067471 0 0.2560651 0.7070224 0 0.2570071 0.7215016 0 0.2798226 0.7871985 0 0.1153692 0.8029923 0.05831987 0.3227136 0.565249 0 0.1199583 0.8021408 0.07437149 0.1188461 0.8128175 -0.05689908 0.3097304 0.5614263 0 0.3010681 0.5275133 0 0.2938794 0.5630436 0 0.277699 0.5291935 0 0.3012066 0.5767128 0 0.313305 0.5756499 0 0.3202848 0.5761197 0 0.3232261 0.6525798 0 0.3227519 0.6450886 0 0.3185185 0.6560044 0 0.3119877 0.6479924 0 0.3242085 0.6351462 0 0.3195659 0.6304705 0 0.275822 0.5855136 0 0.107458 0.8032837 -0.01410009 0.2677586 0.5707567 0 0.1074935 0.8131084 -0.05805702 0.2790083 0.5656148 0 0.2887492 0.5780036 0 0.2612504 0.5373538 0 0.2909402 0.5897684 0 0.2824852 0.5982585 0 0.2996099 0.5927474 0 0.2863833 0.4634889 0 0.2729773 0.4028374 0 0.2258152 0.4140996 0 0.250585 0.4705508 0 0.3166288 0.6646553 0 0.3117025 0.6660259 0 0.2759309 0.7429233 0 0.2677372 0.6040084 0 0.2215625 0.4807217 0 0.1836242 0.4238526 0 0.2319442 0.9155857 0 0.2551069 0.8558645 0 0.101765 0.8384426 -0.0276002 0.09592402 0.8384464 -0.04699938 0.09563816 0.8715293 0.04158027 0.1014925 0.8715247 0.05208587 0.2846874 0.6928144 0 0.2876983 0.6917456 0 0.2793914 0.677786 0 0.2840145 0.6765385 0 0.2824889 0.6519052 0 0.2783285 0.6524397 0 0.282871 0.6364374 0 0.2857157 0.6372228 0 0.2762969 0.6656551 0 0.2844466 0.6645176 0 0.2905106 0.8645426 0 0.1130799 0.838432 -0.01744679 0.1075183 0.8384372 -0.02309608 0.1075302 0.8715179 0.05132286 0.1133524 0.8715112 0.06506324 0.1185399 0.8384286 -0.03960718 0.1188129 0.871507 0.05039809 0.2785415 0.9283493 0 0.2956657 0.6636527 0 0.297998 0.6792706 0 0.2936862 0.6500854 0 0.2477807 0.7205164 0 0.2560196 0.6297283 0 0.2469484 0.6299403 0 0.1631465 0.6536434 0 0.1630784 0.6383777 0 0.1631816 0.6233144 0 0.3105432 0.611985 0 0.3109809 0.6258239 0 0.3021925 0.6328239 0 0.2937898 0.6402365 0 0.1438867 0.6196822 0 0.1442771 0.6366313 0 0.2956715 0.6883054 0 0.312236 0.5929662 0 0.322692 0.5885882 0 0.3251697 0.6921479 0 0.1445873 0.6530838 0 0.2380462 0.6798155 0 0.2668752 0.3756219 0 0.2604004 0.3595277 0 0.2456021 0.6795844 0 0.2508446 0.692925 0 0.2425106 0.693084 0 0.250668 0.6431494 0 0.2423285 0.6430123 0 0.2452477 0.6574173 0 0.2377172 0.6570847 0 0.2436705 0.6689688 0 0.2363686 0.6688548 0 0.1368922 0.6830695 0 0.1291098 0.6824439 0 0.1291852 0.6681609 0 0.1369284 0.6681426 0 0.1290249 0.6538776 0 0.1367938 0.6532159 0 0.1191897 0.6549845 0 0.119472 0.6681836 0 0.1192635 0.6813831 0 0.163289 0.682519 0 0.163492 0.6680791 0 0.1449607 0.6681283 0 0.1447036 0.6831696 0 0.1656107 0.6098411 0 0.1633949 0.7128524 0 0.1441306 0.71657 0 0.1458235 0.7327565 0 0.163261 0.6977901 0 0.1444598 0.6996179 0 0.1151385 0.6277694 0 0.106734 0.6311138 0 0.1023389 0.620575 0 0.1103484 0.616541 0 0.1069251 0.7053112 0 0.1153458 0.7086151 0 0.1012094 0.7033052 0 0.09650846 0.7135483 0 0.101028 0.6331477 0 0.1337847 0.6200449 0 0.1252405 0.6232834 0 0.1201641 0.7264143 0 0.1295172 0.6042213 0 0.1254692 0.7130532 0 0.1340279 0.7162523 0 0.1275217 0.6977141 0 0.1355092 0.6993964 0 0.1177321 0.6951976 0 0.1273628 0.6386135 0 0.135338 0.6368948 0 0.1175886 0.6411761 0 0.1094104 0.6930233 0 0.1108839 0.6803336 0 0.2135294 0.3733329 0 0.2162132 0.3884017 0 0.1718726 0.401134 0 0.1736577 0.3840639 0 0.2199066 0.9571496 0 0.2230165 0.9421819 0 0.2730692 0.956674 0 0.2666245 0.9726037 0 0.3265364 0.5778231 0 0.1049704 0.6795675 0 0.103445 0.6915423 0 0.1108176 0.6560736 0 0.109279 0.6433903 0 0.1033215 0.6449003 0 0.1049087 0.6568681 0 0.1111614 0.6682031 0 0.1051594 0.6682174 0 0.09397967 0.712208 0 0.09929855 0.7024491 0 0.09131415 0.7088815 0 0.09577246 0.7007337 0 0.09560378 0.6357458 0 0.09912129 0.6340132 0 0.1011073 0.6908629 0 0.1027916 0.6792086 0 0.09763987 0.6901879 0 0.09898825 0.6791105 0 0.1009872 0.645591 0 0.09752341 0.6462834 0 0.09892924 0.6573548 0 0.1027319 0.6572371 0 0.1028116 0.6682229 0 0.09907837 0.6682327 0 0.1379924 0.6364802 0 0.1369884 0.6192658 0 0.1389024 0.6530948 0 0.1391603 0.6681404 0 0.1390115 0.6831844 0 0.1359961 0.733882 0 0.137235 0.7170169 0 0.1381704 0.6997988 0 0.4333577 0.7039564 0 0.4324474 0.7159052 0 0.4340685 0.6295197 0 0.4387082 0.6784735 0 0.4361669 0.6913829 0 0.4366612 0.6417177 0 0.4391064 0.6549555 0 0.4397377 0.6669241 0 0.2224674 0.7173364 0 0.221684 0.7053417 0 0.221519 0.631191 0 0.2190434 0.6927739 0 0.2165835 0.6799825 0 0.2188535 0.6433694 0 0.2163325 0.6565763 0 0.2156308 0.6685026 0 0.4083461 0.6150963 0 0.3991143 0.6142259 0 0.4891078 0.7250025 0 0.510198 0.6023139 0 0.5445272 0.7187722 0 0.5525634 0.7148042 0 0.5592572 0.6219604 0 0.5252597 0.7309504 0 0.5357391 0.6088836 0 0.5617716 0.6233233 0 0.5644041 0.6266743 0 0.5200104 0.6012797 0 0.4336578 0.617964 0 0.2565783 0.6161196 0 0.2473395 0.6169333 0 0.1659207 0.7263017 0 0.1454982 0.6034894 0 0.1025806 0.7158709 0 0.1106091 0.7198658 0 0.09627779 0.6229272 0 0.1198731 0.6099474 0 0.1298349 0.7320958 0 0.09375556 0.6242797 0 0.09110613 0.627619 0 0.1356689 0.6024076 0 0.2220004 0.6196365 0 0.3844392 0.7156134 0 0.3831834 0.7131249 0 0.3933739 0.7528023 0 0.4010569 0.7830975 0 0.3839878 0.7288442 0 0.3935105 0.5868529 0 0.4363613 0.841714 0 0.4741453 0.8988419 0 0.4859118 0.9218144 0 0.4857676 0.9390277 0 0.2769825 0.7143354 0 0.2757843 0.7168607 0 0.2677253 0.7544528 0 0.260855 0.7849992 0 0.2645407 0.5879405 0 0.2765368 0.730104 0 0.2272864 0.8447151 0 0.1911975 0.9029708 0 0.1801037 0.9262874 0 0.18074 0.9434925 0 0.07185423 0.8131084 -0.05805702 0.07189 0.8032837 -0.01410009 0.07185423 0.8131084 -0.05805702 0.07182944 0.8384372 -0.02309608 0.07181752 0.8715179 0.05132286 0.07182944 0.8384372 -0.02309608 0.9605147 0.5829806 0 0.8939564 0.3917435 0 0.9444549 0.6231828 0 0.9106547 0.3724691 0 0.9328006 0.5612284 0 0.9536596 0.5616283 0 0.9729093 0.6231797 0 0.9508579 0.4354965 0 0.8696422 0.4100057 0 0.8863236 0.3974151 0 0.9072597 0.4642935 0 0.9287142 0.4502672 0 0.9456102 0.4654899 0 0.9457285 0.4926253 0 0.9592382 0.4490059 0 0.8892338 0.4849306 0 0.9761881 0.4421284 0 0.9741156 0.4688413 0 0.9600042 0.4773809 0 0.9898646 0.4657828 0 0.9810583 0.5159504 0 0.9793775 0.4928532 0 0.8957224 0.3440706 0 0.1966276 0.2640008 0 0.1966276 0.2659196 0 0.1748781 0.2703742 0 0.1748781 0.2684555 0 0.9130659 0.3412454 0 0.754035 0.5665296 0 0.8454732 0.3682487 0 0.788876 0.5509396 0 0.872775 0.325193 0 0.8314192 0.3261873 0 0.8897086 0.2661687 0 0.6568492 0.3772088 0 0.7888762 0.6231908 0 0.620894 0.4385703 0 0.6011475 0.4111742 0 0.6670387 0.4485893 0 0.5762751 0.467786 0 0.562391 0.4173551 0 0.587561 0.4531483 0 0.6020532 0.4604446 0 0.7854103 0.398979 0 0.7266932 0.4083228 0 0.7078424 0.3566201 0 0.7156503 0.4523803 0 0.7869132 0.4253391 0 0.591464 0.4851322 0 0.7977892 0.3629004 0 0.834268 0.2654143 0 0.7915907 0.3175701 0 0.7540351 0.6231911 0 0.721684 0.6231911 0 0.8508683 0.5543626 0 0.8520889 0.6231905 0 0.9067828 0.5591862 0 0.9054675 0.623187 0 0.7802413 0.264681 0 0.9605232 0.6633815 0 0.5916196 0.2620724 0 0.9328129 0.6851401 0 0.9536726 0.6847354 0 0.5510043 0.3332586 0 0.5386611 0.2612828 0 0.6834967 0.2633674 0 0.6302376 0.2626277 0 0.484313 0.2604944 0 0.5133592 0.3677645 0 0.5218151 0.3860513 0 0.598898 0.3606543 0 0.8991009 0.1404533 0 0.9549364 0.09501758 0 0.9166868 0.1592698 0 0.8738179 0.1217554 0 0.9109371 0.06725259 0 0.8909351 0.1345932 0 0.932526 0.08094043 0 0.9485911 0.03795165 0 0.3846458 0.163781 0.04682797 0.3859433 0.2040463 0.09713805 0.7540351 0.6798524 0 0.9491049 0.06523556 0 0.9631883 0.08128175 0 0.9802529 0.08764383 0 0.7888767 0.695442 0 0.8927509 0.04670984 0 0.963066 0.05280894 0 0.9773818 0.0608318 0 0.9932225 0.06354126 0 0.8506676 0.6920185 0 0.9831671 0.01365182 0 0.9820426 0.03674853 0 0.9146636 0.1918565 0 0.8973542 0.1884052 0 0.8483322 0.1629185 0 0.8744092 0.2067002 0 0.8330966 0.2045871 0 0.6600479 0.1488354 0 0.6054132 0.1133347 0 0.6258818 0.08647735 0 0.9065868 0.6871879 0 0.5821358 0.05600631 0 0.6722556 0.07773817 0 0.5669129 0.1059978 0 0.5930052 0.0709624 0 0.6076692 0.06407961 0 0.7890888 0.1306359 0 0.7104068 0.1708305 0 0.7306756 0.1196755 0 0.7209672 0.07528138 0 0.7913132 0.1043873 0 0.5977836 0.03910154 0 0.8004919 0.1669956 0 0.7930452 0.2121342 0 0.5529901 0.1896719 0 0.5164146 0.1540215 0 0.5253809 0.1359208 0 0.6016331 0.1638034 0 0.8411626 0.4241028 0 0.9702604 0.414187 0 0.9213489 0.4958501 0 0.9335555 0.5142674 0 0.6148968 0.4745951 0 0.6607737 0.490508 0 0.8454083 0.1070712 0 0.9242417 0.03535044 0 0.9750017 0.1157711 0 0.935765 0.01665732 0 0.6208823 0.05029544 0 0.6671634 0.03566064 0 0.1538389 0.274383 0 0.1538389 0.2724643 0 0.1299189 0.2773073 0 0.1299189 0.2753886 0 0.1045261 0.276798 0 0.1045261 0.2748793 0 0.08130056 0.2711378 0 0.08130056 0.269219 0 0.1966276 0.2640008 0 0.1748781 0.2684555 0 0.6108803 0.6893293 0 0.6182138 0.6838163 0 0.6240439 0.6905918 0 0.6184649 0.6952498 0 0.624859 0.6809247 0 0.6287508 0.6874228 0 0.6331961 0.6909487 0 0.6293733 0.6944505 0 0.6248863 0.6991624 0 0.6320273 0.7001581 0 0.6251804 0.7052603 0 0.6162766 0.7035465 0 0.6405352 0.6992168 0 0.6267452 0.7076942 0 0.6084067 0.7046025 0 0.6140084 0.6751686 0 0.6203731 0.6726499 0 0.6089712 0.6800944 0 0.6056855 0.6711078 0 0.6112739 0.6664822 0 0.6177232 0.6624575 0 0.6469679 0.6756037 0 0.634113 0.6790224 0 0.6287155 0.6727956 0 0.6319978 0.6674606 0 0.5940363 0.6924965 0 0.5857856 0.6816916 0 0.5927862 0.6783499 0 0.6005528 0.6820334 0 0.6492168 0.6527755 0 0.5924058 0.6695426 0 0.6510278 0.6638187 0 0.6536936 0.667666 0 0.6531764 0.6768701 0 0.6559987 0.6633142 0 0.6573249 0.6755702 0 0.6352335 0.6953605 0 0.6417584 0.6940581 0 0.6379179 0.6914253 0 0.6426244 0.6907253 0 0.5937061 0.6570252 0 0.6058685 0.6579391 0 0.5805641 0.6584436 0 0.5845152 0.6536588 0 0.5954555 0.650035 0 0.6073267 0.652129 0 0.6440262 0.6532602 0 0.6394744 0.6474863 0 0.6389538 0.6530221 0 0.6332911 0.6443606 0 0.6091675 0.6597381 0 0.6106006 0.6544537 0 0.6040667 0.6904404 0 0.6043667 0.696373 0 0.6022264 0.7001 0 0.6070247 0.6982514 0 0.6495659 0.6879478 0 0.6460371 0.6862415 0 0.6521921 0.6893029 0 0.5840169 0.6919029 0 0.5836241 0.6996297 0 0.5881468 0.7027183 0 0.6397316 0.6862317 0 0.6348176 0.6845363 0 0.6417546 0.6877956 0 0.6052759 0.6848148 0 0.6278776 0.6548837 0 0.6193788 0.647139 0 0.6125981 0.6996778 0 0.5965866 0.7040734 0 0.6355617 0.6619893 0 0.6442493 0.6623161 0 0.581775 0.6844718 0 0.6474806 0.6601908 0 0.5826497 0.7097611 0 0.5989904 0.7091718 0 0.5774298 0.6720055 0 0.5772616 0.6822844 0 0.5786803 0.691224 0 0.6364999 0.6441047 0 0.6279156 0.6423874 0 0.6124547 0.6441451 0 0.5794355 0.7011125 0 0.05436262 0.6845615 0 0.04702923 0.6790485 0 0.04119906 0.6858239 0 0.04677805 0.690482 0 0.04038402 0.676157 0 0.0364922 0.682655 0 0.03204688 0.6861808 0 0.03586969 0.6896827 0 0.04035673 0.6943946 0 0.03321561 0.6953902 0 0.04006264 0.7004925 0 0.04896638 0.6987786 0 0.02470776 0.6944489 0 0.03849766 0.7029264 0 0.05683634 0.6998347 0 0.05123457 0.6704007 0 0.04486987 0.667882 0 0.05627176 0.6753266 0 0.05955753 0.6663399 0 0.05396912 0.6617143 0 0.04751977 0.6576897 0 0.01827511 0.6708359 0 0.03113005 0.6742545 0 0.03652748 0.6680278 0 0.03324518 0.6626928 0 0.07120666 0.6877286 0 0.07945737 0.6769239 0 0.07245681 0.6735821 0 0.0646902 0.6772655 0 0.08781323 0.6672376 0 0.0728372 0.6647747 0 0.0142152 0.6590508 0 0.01154956 0.6628983 0 0.01206657 0.6721022 0 0.01602611 0.6477793 0 0.009244293 0.6585464 0 0.00791809 0.6708024 0 0.03000948 0.6905928 0 0.02348456 0.6892903 0 0.02732512 0.6866574 0 0.02261862 0.6859576 0 0.07153675 0.6522574 0 0.05937466 0.6531713 0 0.08467886 0.6536758 0 0.08072779 0.648891 0 0.06978747 0.6452671 0 0.05791625 0.647361 0 0.02121684 0.6482639 0 0.02576861 0.64249 0 0.028743 0.6391085 0 0.02628919 0.6482542 0 0.03195187 0.6395926 0 0.03732738 0.6376195 0 0.05607554 0.6549702 0 0.05464241 0.6496859 0 0.06117627 0.6856726 0 0.06087634 0.6916052 0 0.06301662 0.6953322 0 0.05821833 0.6934836 0 0.01567695 0.68318 0 0.0192059 0.6814737 0 0.01305088 0.6845351 0 0.08656272 0.6864562 0 0.08122608 0.6871351 0 0.08161888 0.694862 0 0.08580753 0.6963447 0 0.07709619 0.6979505 0 0.08259329 0.7049932 0 0.02551135 0.681464 0 0.0304254 0.6797684 0 0.02348837 0.6830279 0 0.05996713 0.6800469 0 0.03736553 0.6501158 0 0.04586431 0.6423712 0 0.05278835 0.6393772 0 0.05264506 0.69491 0 0.06865641 0.6993055 0 0.06625256 0.7044039 0 0.0296813 0.6572217 0 0.02099356 0.6575483 0 0.08346805 0.679704 0 0.08798143 0.6775166 0 0.01776239 0.655423 0 0.3328711 0.2331371 0.0720194 0.3328711 0.1640627 -0.02639991 0.1748781 0.2703742 0 0.1966276 0.2659196 0 0.2810964 0.163781 -0.09713799 0.279799 0.2040463 -0.04206723 0.1538389 0.2724643 0 0.1538389 0.274383 0 0.1299189 0.2753886 0 0.1299189 0.2773073 0 0.1045261 0.2748793 0 0.1045261 0.276798 0 0.08130056 0.269219 0 0.08130056 0.2711378 0 0.1965011 0.2640008 0 0.1747517 0.2684555 0 0.1747517 0.2703742 0 0.1965011 0.2659196 0 0.1537125 0.2724643 0 0.1537125 0.274383 0 0.1297925 0.2753886 0 0.1297925 0.2773073 0 0.1043994 0.2748793 0 0.1043994 0.276798 0 0.08117384 0.269219 0 0.08117384 0.2711378 0 0.1965011 0.2640008 0 0.1965011 0.2659196 0 0.3326299 0.1637765 0.009274065 0.3326299 0.1450581 -0.01039064 0.3861653 0.1450516 0.067141 0.3861653 0.1634851 0.08499217 0.2790947 0.1634851 -0.0638696 0.2790947 0.1450516 -0.08499217 0.1747517 0.2703742 0 0.1747517 0.2684555 0 0.1537125 0.274383 0 0.1537125 0.2724643 0 0.1297925 0.2773073 0 0.1297925 0.2753886 0 0.1043994 0.276798 0 0.1043994 0.2748793 0 0.08117384 0.2711378 0 0.08117384 0.269219 0 0.107082 0.505309 0.7071068 0.107082 0.5139765 0.8255814 0.1101246 0.5137686 0.7995573 0.112598 0.5118312 0.7570768 0.1141592 0.5090011 0.7081385 0.1146867 0.5057168 0.6646259 0.1141592 0.5024325 0.6363649 0.112598 0.4996024 0.6273053 0.1101246 0.497665 0.6345947 0.107082 0.4966418 0.6516496 0.1028652 0.4973284 0.6726287 0.09943739 0.4992487 0.6954467 0.0972737 0.5020538 0.7215305 0.09654263 0.505309 0.7523253 0.0972737 0.5085642 0.785561 0.09943739 0.5113693 0.8144321 0.1028652 0.5132898 0.8300668 0.107082 0.5225095 0.9720829 0.1141631 0.5214837 0.9151356 0.1190169 0.5173743 0.8216377 0.1215534 0.5118474 0.7157016 0.1223235 0.5057168 0.6252839 0.1215534 0.4995862 0.5762779 0.1190169 0.4940594 0.5766858 0.1141631 0.48995 0.6117253 0.107082 0.4881087 0.6595839 0.09726835 0.4896817 0.6999406 0.09054157 0.4937547 0.7263531 0.08702639 0.4992326 0.754033 0.08595902 0.505309 0.8000213 0.08702634 0.5113855 0.8652737 0.09054157 0.5168633 0.9327975 0.09726835 0.5209365 0.9763105 0.107082 0.5308585 1.111529 0.1215743 0.5282114 1.008678 0.1273262 0.521529 0.8688579 0.129443 0.5138109 0.7176231 0.130005 0.5057168 0.589737 0.129443 0.4976228 0.5264612 0.1273262 0.4899046 0.5388085 0.1238283 0.4820622 0.5970704 0.107082 0.4797597 0.6914497 0.08699731 0.4830135 0.7702627 0.07902587 0.4896366 0.7881086 0.07609227 0.4972866 0.8015931 0.0753134 0.505309 0.8499194 0.07609222 0.5133315 0.9382821 0.0790259 0.5209816 1.041976 0.08699735 0.5276046 1.11993 0.1432604 0.5471383 1.117543 0.1377728 0.5315223 1.02389 0.1377306 0.5231349 0.8710164 0.1377189 0.5145127 0.7034745 0.137716 0.5057168 0.5588884 0.1377189 0.4969209 0.486243 0.1377306 0.4882987 0.4968755 0.1377728 0.4799113 0.5386343 0.1059857 0.4729928 1.118034 0.07045482 0.4797317 0.8897362 0.0704847 0.4880449 0.864696 0.07049295 0.4965909 0.8585192 0.07049502 0.505309 0.9016273 0.07049295 0.5140272 0.9977474 0.07048468 0.5225732 1.122267 0.07045482 0.5308864 1.244932 0.146249 0.5451131 0.9918081 0.146249 0.5283951 0.9404698 0.146249 0.5217351 0.8182527 0.146249 0.5140312 0.6687758 0.146249 0.5059489 0.5337396 0.146249 0.4978665 0.4580211 0.146249 0.4901627 0.4535467 0.146249 0.4835027 0.4743046 0.08255764 0.467181 1.108312 0.0615927 0.4793819 0.9948058 0.0615927 0.485983 0.9360609 0.0615927 0.4936187 0.9195176 0.0615927 0.5016295 0.9546546 0.0615927 0.5096405 1.040668 0.0615927 0.517276 1.157603 0.0615927 0.5238771 1.284196 0.1262732 0.4717906 0.5386343 0.07135586 0.5376253 1.117543 0.09931754 0.4650136 0.5386343 0.08290324 0.4596044 0.4743046 0.0615927 0.5271091 0.9918081 0.07135586 0.5376253 1.117543 0.107082 0.505309 0.7071068 0.107082 0.5139765 0.8255814 0.1101246 0.5137686 0.7995573 0.112598 0.5118312 0.7570768 0.1141592 0.5090011 0.7081385 0.1146867 0.5057168 0.6646259 0.1141592 0.5024325 0.6363649 0.112598 0.4996024 0.6273053 0.1101246 0.497665 0.6345947 0.107082 0.4966418 0.6516496 0.1028652 0.4973284 0.6726287 0.09943739 0.4992487 0.6954467 0.0972737 0.5020538 0.7215305 0.09654263 0.505309 0.7523253 0.0972737 0.5085642 0.785561 0.09943739 0.5113693 0.8144321 0.1028652 0.5132898 0.8300668 0.107082 0.5225095 0.9720829 0.1141631 0.5214837 0.9151356 0.1190169 0.5173743 0.8216377 0.1215534 0.5118474 0.7157016 0.1223235 0.5057168 0.6252839 0.1215534 0.4995862 0.5762779 0.1190169 0.4940594 0.5766858 0.1141631 0.48995 0.6117253 0.107082 0.4881087 0.6595839 0.09726835 0.4896817 0.6999406 0.09054157 0.4937547 0.7263531 0.08702639 0.4992326 0.754033 0.08595902 0.505309 0.8000213 0.08702634 0.5113855 0.8652737 0.09054157 0.5168633 0.9327975 0.09726835 0.5209365 0.9763105 0.107082 0.5308585 1.111529 0.1215743 0.5282114 1.008678 0.1273262 0.521529 0.8688579 0.129443 0.5138109 0.7176231 0.130005 0.5057168 0.589737 0.129443 0.4976228 0.5264612 0.1273262 0.4899046 0.5388085 0.1238283 0.4820622 0.5970704 0.107082 0.4797597 0.6914497 0.08699731 0.4830135 0.7702627 0.07902587 0.4896366 0.7881086 0.07609227 0.4972866 0.8015931 0.0753134 0.505309 0.8499194 0.07609222 0.5133315 0.9382821 0.0790259 0.5209816 1.041976 0.08699735 0.5276046 1.11993 0.1432604 0.5471383 1.117543 0.1377728 0.5315223 1.02389 0.1377306 0.5231349 0.8710164 0.1377189 0.5145127 0.7034745 0.137716 0.5057168 0.5588884 0.1377189 0.4969209 0.486243 0.1377306 0.4882987 0.4968755 0.1377728 0.4799113 0.5386343 0.1059857 0.4729928 1.118034 0.07045482 0.4797317 0.8897362 0.0704847 0.4880449 0.864696 0.07049295 0.4965909 0.8585192 0.07049502 0.505309 0.9016273 0.07049295 0.5140272 0.9977474 0.07048468 0.5225732 1.122267 0.07045482 0.5308864 1.244932 0.146249 0.5451131 0.9918081 0.146249 0.5283951 0.9404698 0.146249 0.5217351 0.8182527 0.146249 0.5140312 0.6687758 0.146249 0.5059489 0.5337396 0.146249 0.4978665 0.4580211 0.146249 0.4901627 0.4535467 0.146249 0.4835027 0.4743046 0.08255764 0.467181 1.108312 0.0615927 0.4793819 0.9948058 0.0615927 0.485983 0.9360609 0.0615927 0.4936187 0.9195176 0.0615927 0.5016295 0.9546546 0.0615927 0.5096405 1.040668 0.0615927 0.517276 1.157603 0.0615927 0.5238771 1.284196 0.1262732 0.4717906 0.5386343 0.07135586 0.5376253 1.117543 0.09931754 0.4650136 0.5386343 0.08290324 0.4596044 0.4743046 0.0615927 0.5271091 0.9918081 0.07135586 0.5376253 1.117543 0.1444401 0.1811182 0 0.1444401 0.1722758 0 0.1870323 0.1760538 0 0.1753865 0.166506 0 0.1444401 0.1548002 0 0.1715216 0.1800136 0 0.1770179 0.1805211 0 0.1812605 0.1815922 0 0.1870323 0.1831423 0 0.1691958 0.2089877 0 0.1866842 0.2255508 0 0.1640113 0.2095342 0 0.1590413 0.2088409 0 0.1581903 0.1952958 0 0.1761124 0.2064339 0 0.1812729 0.2041804 0 0.1651207 0.1804222 0 0.1598202 0.1814114 0 0.1866842 0.200812 0 0.1442838 0.2255308 0 0.1442838 0.2255123 0 0.1590413 0.2088409 0 0.1640113 0.2095342 0 0.1761124 0.2064339 0 0.1812729 0.2041804 0 0.1691958 0.2089877 0 0.1866842 0.200812 0 0.1715216 0.1800136 0 0.1651207 0.1804222 0 0.1812605 0.1815922 0 0.1770179 0.1805211 0 0.1870323 0.1831423 0 0.1598202 0.1814114 0 0.1581903 0.1952958 0 0.1590413 0.2088409 0 0.1598202 0.1814114 0 0.1444401 0.1811182 0 0.1444401 0.1722758 0 0.1870323 0.1760538 0 0.1753865 0.166506 0 0.1444401 0.1548002 0 0.1715216 0.1800136 0 0.1770179 0.1805211 0 0.1812605 0.1815922 0 0.1870323 0.1831423 0 0.1691958 0.2089877 0 0.1866842 0.2255508 0 0.1640113 0.2095342 0 0.1590413 0.2088409 0 0.1442767 0.2255144 0 0.1442838 0.2255123 0 0.1581903 0.1952958 0 0.1761124 0.2064339 0 0.1812729 0.2041804 0 0.1651207 0.1804222 0 0.1598202 0.1814114 0 0.1866842 0.200812 0 0.1590413 0.2088409 0 0.1640113 0.2095342 0 0.1761124 0.2064339 0 0.1812729 0.2041804 0 0.1691958 0.2089877 0 0.1866842 0.200812 0 0.1715216 0.1800136 0 0.1651207 0.1804222 0 0.1812605 0.1815922 0 0.1770179 0.1805211 0 0.1870323 0.1831423 0 0.1598202 0.1814114 0 0.1581903 0.1952958 0 0.1590413 0.2088409 0 0.1598202 0.1814114 0 0.3425754 0.7683673 0 0.3641407 0.7649539 0 0.3418151 0.5500635 0 0.3614466 0.5465138 0 0.3792695 0.5490184 0 0.3882872 0.5569937 0 0.345881 0.4986518 0 0.3528867 0.4267726 0 0.3990745 0.4334437 0 0.3780771 0.4982811 0 0.4042215 0.5041722 0 0.4369424 0.4442168 0 0.4395929 0.8785975 0 0.4069566 0.8150591 0 0.3807971 0.8225161 0 0.4031641 0.8929658 0 0.3575537 0.902077 0 0.3490103 0.8289377 0 0.3572769 0.3816578 0 0.3604337 0.3615556 0 0.4175131 0.3721415 0 0.4120603 0.3904101 0 0.4575113 0.4034083 0 0.4620747 0.3846749 0 0.4661785 0.9385823 0 0.4607294 0.9197599 0 0.4169245 0.937158 0 0.4229996 0.9554211 0 0.3666183 0.9691369 0 0.3629149 0.9489182 0 0.3309402 0.5664622 0 0.3854164 0.7601273 0 0.3189474 0.7686743 0 0.2972872 0.7658233 0 0.3156935 0.5502746 0 0.2960365 0.5470281 0 0.2782661 0.5497913 0 0.2693391 0.5579084 0 0.310961 0.4989139 0 0.3029652 0.4271507 0 0.2568733 0.4344999 0 0.2787785 0.4990171 0 0.2527386 0.5052757 0 0.2191597 0.4458095 0 0.2251371 0.8817055 0 0.2558982 0.8171751 0 0.2822613 0.823894 0 0.261956 0.8950281 0 0.3077958 0.9028137 0 0.3142137 0.8294253 0 0.2979333 0.3821296 0 0.2944695 0.3621002 0 0.2375655 0.3735316 0 0.2432783 0.3916901 0 0.1980106 0.4053086 0 0.1931855 0.386647 0 0.2003092 0.9424906 0 0.2052145 0.9235029 0 0.2494894 0.9396732 0 0.2439492 0.9581621 0 0.3007282 0.970204 0 0.3038058 0.949841 0 0.3267093 0.5665041 0 0.2758788 0.7615597 0 0.3538736 0.7674908 0 0.3451516 0.7946468 0 0.3743355 0.7620636 0 0.3707398 0.7892674 0 0.3430199 0.5306813 0 0.3517101 0.5469394 0 0.3341092 0.5563998 0 0.3684023 0.5268214 0 0.3707309 0.5476018 0 0.3895257 0.5304995 0 0.3856069 0.5518026 0 0.3933746 0.7845244 0 0.3690039 0.977357 0 0.4258949 0.9622256 0 0.4667334 0.9461771 0 0.4199432 0.3650333 0 0.4618745 0.3770258 0 0.3625166 0.3530419 0 0.3284283 0.5000451 0 0.3494771 0.4615055 0 0.3626527 0.4972314 0 0.3556425 0.3987308 0 0.3769221 0.4295099 0 0.4191468 0.438403 0 0.3888436 0.4655896 0 0.4073024 0.4067487 0 0.3919885 0.5008963 0 0.4208595 0.4740676 0 0.4156153 0.5077785 0 0.4187091 0.8124057 0 0.4499873 0.4191526 0 0.4535996 0.4504578 0 0.4552533 0.8702779 0 0.4226555 0.8863494 0 0.4233126 0.8477455 0 0.4529982 0.9038556 0 0.3945405 0.8182501 0 0.3922821 0.8589866 0 0.3656469 0.8265232 0 0.4118945 0.9203806 0 0.3813773 0.8982679 0 0.3533962 0.8663709 0 0.3609157 0.9312086 0 0.358603 0.370838 0 0.3858199 0.3851734 0 0.3912135 0.3660637 0 0.4406832 0.3787061 0 0.4149348 0.3802627 0 0.4359676 0.3967083 0 0.4610339 0.3931828 0 0.4778732 0.4103093 0 0.4800285 0.9103281 0 0.4825768 0.3903457 0 0.4858397 0.9304211 0 0.4455532 0.9468726 0 0.4645388 0.9300793 0 0.4401286 0.9288253 0 0.4200332 0.9474531 0 0.3911692 0.9440812 0 0.3971455 0.9631889 0 0.3337139 0.9719228 0 0.3644996 0.9599721 0 0.3333857 0.9510459 0 0.3930904 0.5530876 0 0.3972154 0.7679499 0 0.3307616 0.7684672 0 0.3076251 0.7680919 0 0.3170934 0.7950262 0 0.2870122 0.7632015 0 0.2913609 0.7903401 0 0.3142461 0.5309028 0 0.3057677 0.5473046 0 0.323459 0.5564903 0 0.2888379 0.5274218 0 0.286777 0.548254 0 0.2677953 0.5313934 0 0.271966 0.552667 0 0.2645045 0.5540552 0 0.2642902 0.769726 0 0.30686 0.4618243 0 0.294178 0.497743 0 0.3279179 0.4257976 0 0.2998113 0.3991626 0 0.2789699 0.4302465 0 0.2368712 0.4397433 0 0.2675574 0.4664857 0 0.2482668 0.4079409 0 0.2649146 0.50183 0 0.235669 0.4754203 0 0.2414065 0.5090377 0 0.2440707 0.8148571 0 0.2057578 0.4209401 0 0.2025933 0.4522871 0 0.209242 0.873843 0 0.2422894 0.8889675 0 0.2405057 0.8503619 0 0.2124781 0.9073659 0 0.2684028 0.8200138 0 0.2685956 0.7862171 0 0.2718419 0.8607138 0 0.2975172 0.8274773 0 0.2540298 0.9227201 0 0.2838779 0.8997045 0 0.3326932 0.9037924 0 0.310913 0.8669839 0 0.3052855 0.9320533 0 0.3316213 0.8298687 0 0.3275939 0.3804483 0 0.2964473 0.3713445 0 0.2694448 0.3860831 0 0.3274327 0.3598301 0 0.2922458 0.3536263 0 0.2637714 0.367092 0 0.2144906 0.3803922 0 0.2402604 0.3816022 0 0.2350322 0.3664697 0 0.2194586 0.3983116 0 0.1943444 0.395137 0 0.1777484 0.4124933 0 0.1856506 0.9146291 0 0.1932802 0.3789979 0 0.1727652 0.3925989 0 0.1804219 0.93489 0 0.2211629 0.9502089 0 0.2017051 0.9339374 0 0.19997 0.9501032 0 0.2260651 0.9319823 0 0.2466806 0.9500872 0 0.2754241 0.9458635 0 0.2412565 0.9650674 0 0.2700203 0.965208 0 0.3025542 0.9609626 0 0.2986151 0.9785053 0 0.3288093 0.5639777 0 0.953662 0.6036777 0 0.9383024 0.5905219 0 0.9474657 0.5686677 0 0.9432301 0.5614283 0 0.9023055 0.3821063 0 0.9570872 0.5723044 0 0.9318919 0.4047273 0 0.9224331 0.4125986 0 0.966712 0.6030802 0 0.9586407 0.6231813 0 0.8763204 0.4023147 0 0.8952973 0.4314699 0 0.8866357 0.4378173 0 0.9413868 0.4463544 0 0.9102952 0.4228225 0 0.9203249 0.4598905 0 0.9381009 0.4601946 0 0.9440973 0.4783562 0 0.928017 0.4810235 0 0.9564378 0.4436975 0 0.9515216 0.4566653 0 0.9618093 0.4252528 0 0.9732243 0.4281577 0 0.9052914 0.4903903 0 0.9694813 0.4445283 0 0.9311522 0.4948878 0 0.9011219 0.4798788 0 0.9673833 0.4591287 0 0.965835 0.4712995 0 0.9538504 0.4708284 0 0.9830264 0.4539556 0 0.9274522 0.5050588 0 0.9824234 0.4646391 0 0.9532614 0.486339 0 0.94199 0.5041205 0 0.9627981 0.5055532 0 0.9573069 0.5151089 0 0.9854615 0.4908666 0 0.9817439 0.5049931 0 0.9716194 0.4986835 0 0.9697983 0.4871174 0 0.9863211 0.4822755 0 0.9777656 0.4810123 0 0.8765185 0.4466924 0 0.8892696 0.3881138 0 0.8913962 0.3663616 0 0.9043941 0.342658 0 0.9035112 0.3664945 0 0.8574596 0.3877311 0 0.8707322 0.3537584 0 0.8827234 0.3751726 0 0.8527885 0.324187 0 0.862708 0.3000877 0 0.8812418 0.2956809 0 0.3594072 0.2185917 0.08457872 0.905787 0.4253912 0 0.3852946 0.1839136 0.07198301 0.8842487 0.3346318 0 0.3328711 0.1962112 0.01967473 0.3587584 0.1639218 0.01021403 0.8599484 0.3478792 0 0.8651982 0.4545167 0 0.9404575 0.3933281 0 0.8565225 0.4197789 0 0.6396376 0.4060704 0 0.6114033 0.4252197 0 0.6331289 0.3949426 0 0.6435531 0.4436878 0 0.6415344 0.4643184 0 0.6171957 0.4571504 0 0.5754569 0.4370476 0 0.5811706 0.4605116 0 0.5693331 0.4425705 0 0.6378353 0.4825515 0 0.582262 0.4148867 0 0.5949244 0.4331985 0 0.6637803 0.4694438 0 0.6113279 0.4486142 0 0.5940259 0.4567696 0 0.603985 0.446673 0 0.6621739 0.4116938 0 0.7564079 0.4035954 0 0.7169074 0.383321 0 0.7439932 0.378437 0 0.7250038 0.4296617 0 0.6895632 0.4535708 0 0.6971741 0.4285339 0 0.755491 0.4179396 0 0.7901544 0.41341 0 0.5882064 0.4703563 0 0.5838696 0.4764591 0 0.6031804 0.4798636 0 0.6071744 0.4689474 0 0.5967848 0.4741998 0 0.8382048 0.3489511 0 0.8236734 0.3666581 0 0.8177351 0.3454567 0 0.8328664 0.2994653 0 0.8659046 0.2658449 0 0.8172828 0.384069 0 0.7909167 0.3822679 0 0.7862152 0.2902164 0 0.806367 0.297799 0 0.8163887 0.322824 0 0.803485 0.264996 0 0.7970388 0.3420684 0 0.5732461 0.29703 0 0.5437466 0.2995409 0 0.5676921 0.2617129 0 0.7346873 0.2904137 0 0.7275338 0.2639648 0 0.69113 0.3117903 0 0.6650158 0.3118488 0 0.6492162 0.2628927 0 0.6408923 0.3226678 0 0.6235895 0.3204411 0 0.6060414 0.2622801 0 0.7506992 0.3617958 0 0.7489225 0.3397725 0 0.5162333 0.3023617 0 0.5068232 0.2608222 0 0.5290096 0.3473771 0 0.4988361 0.3141294 0 0.7378595 0.5948603 0 0.5337902 0.3620983 0 0.5154003 0.3812946 0 0.5746661 0.34613 0 0.5580453 0.3752793 0 0.5378752 0.3925598 0 0.7714555 0.5587346 0 0.5370649 0.4015024 0 0.7900642 0.5821814 0 0.7679678 0.623191 0 0.7545908 0.5915054 0 0.7367478 0.6231911 0 0.8198721 0.5526511 0 0.688212 0.4714441 0 0.8513675 0.5831755 0 0.8187616 0.6231909 0 0.8788255 0.5567744 0 0.7512817 0.4388597 0 0.9035139 0.58836 0 0.8828148 0.6231889 0 0.8434187 0.3952674 0 0.8122705 0.4127153 0 0.8140379 0.4247209 0 0.9197917 0.5602072 0 0.9190543 0.5907751 0 0.9239963 0.623185 0 0.6020937 0.3884938 0 0.6331092 0.370473 0 0.692187 0.3932824 0 0.5597268 0.4003735 0 0.6823965 0.3695568 0 0.5977483 0.3092506 0 0.9474767 0.6776975 0 0.9383147 0.6558452 0 0.9536661 0.6426859 0 0.9570979 0.6740584 0 0.9432427 0.6849377 0 0.9078938 0.1498615 0 0.927084 0.1187666 0 0.9369036 0.1263629 0 0.9667163 0.6432806 0 0.8906707 0.09386252 0 0.8995261 0.1003243 0 0.8808109 0.1295922 0 0.9148955 0.1088815 0 0.9452366 0.08448173 0 0.9312673 0.05003757 0 0.9473093 0.05234471 0 0.9417294 0.07075847 0 0.924042 0.07144438 0 0.9552437 0.07387821 0 0.9604113 0.08667053 0 0.9735064 0.08544523 0 0.9776273 0.1017075 0 0.9084963 0.04103014 0 0.9662132 0.1049437 0 0.9045989 0.05171868 0 0.9340104 0.03606139 0 0.9571471 0.0596043 0 0.9690411 0.05866319 0 0.9710043 0.07083359 0 0.9858086 0.06484516 0 0.9867377 0.07559255 0 0.9300033 0.02600388 0 0.9561868 0.04403753 0 0.9445168 0.02656592 0 0.959466 0.01515457 0 0.9881948 0.03859654 0 0.9652526 0.0245518 0 0.9725988 0.04276965 0 0.9741492 0.03118285 0 0.9841111 0.0245699 0 0.9892514 0.04713232 0 0.9807115 0.04857702 0 0.8804485 0.08502805 0 0.9068822 0.1661549 0 0.9060088 0.1901309 0 0.8945614 0.1659741 0 0.8940489 0.1440929 0 0.8855752 0.1569776 0 0.8728887 0.1780707 0 0.8609945 0.1437526 0 0.8820589 0.2364345 0 0.306335 0.2185917 0.01497608 0.863653 0.2315279 0 0.854417 0.2071659 0 0.9101363 0.1062437 0 0.3069838 0.1639218 -0.06176895 0.2804477 0.1839136 -0.06960261 0.8858817 0.1975527 0 0.8622082 0.1836738 0 0.8608137 0.1117313 0 0.8690796 0.07689054 0 0.9458442 0.1375205 0 0.6368806 0.130461 0 0.6160417 0.09957118 0 0.6436813 0.1194957 0 0.6226988 0.06779975 0 0.6472108 0.06130723 0 0.6486598 0.08198717 0 0.5745244 0.08100207 0 0.6440228 0.04297804 0 0.5868266 0.06341729 0 0.5804923 0.0867055 0 0.5998123 0.09113664 0 0.5866819 0.1090621 0 0.6695832 0.05679931 0 0.6092243 0.07790051 0 0.5995566 0.06752526 0 0.6166043 0.0761673 0 0.6663454 0.1144985 0 0.7471307 0.1500257 0 0.7202024 0.1443949 0 0.7602343 0.1252238 0 0.7017754 0.09863625 0 0.6949205 0.07337247 0 0.7296282 0.09827702 0 0.7942178 0.1163758 0 0.7597172 0.1108866 0 0.5899597 0.04755393 0 0.6093329 0.04469849 0 0.5941233 0.0537802 0 0.6027912 0.0501806 0 0.6130155 0.05572463 0 0.8405374 0.1820127 0 0.8199497 0.1849627 0 0.8264884 0.1639267 0 0.8338062 0.2313379 0 0.7941465 0.14747 0 0.8205588 0.1463738 0 0.8179781 0.2075486 0 0.8072709 0.2322839 0 0.7869173 0.2393238 0 0.799167 0.1877966 0 0.5447996 0.2231761 0 0.5742164 0.2265695 0 0.7354141 0.2377291 0 0.666361 0.2143956 0 0.6924623 0.2151801 0 0.6252105 0.2046379 0 0.642572 0.2029083 0 0.7510068 0.1887855 0 0.753389 0.1668222 0 0.5173783 0.2195588 0 0.5003638 0.2072579 0 0.7378595 0.6515217 0 0.5314385 0.1748827 0 0.5188407 0.1405102 0 0.5366307 0.1602639 0 0.5612466 0.1478666 0 0.5769964 0.1775605 0 0.5411093 0.1209991 0 0.5416638 0.1300097 0 0.7714559 0.6876472 0 0.754591 0.6548766 0 0.7900645 0.6642002 0 0.8512768 0.6632052 0 0.8197721 0.6937302 0 0.6940653 0.05547101 0 0.9034141 0.6580144 0 0.8786272 0.6896032 0 0.7561402 0.08983433 0 0.8162577 0.1176597 0 0.8470257 0.1359296 0 0.8183607 0.1057293 0 0.9196998 0.686164 0 0.9190576 0.6555964 0 0.6361132 0.1549397 0 0.605664 0.1360581 0 0.6957881 0.1337529 0 0.5636978 0.1228137 0 0.6853516 0.1571953 0 0.5990499 0.2151317 0 0.3326299 0.1544162 -3.12908e-4 0.3593976 0.1450548 0.02837518 0.3861653 0.1542683 0.07606658 0.3593976 0.1636308 0.04713312 0.3058623 0.1636308 -0.02729777 0.2790947 0.1542683 -0.07443088 0.3058623 0.1450548 -0.0476914 0.9463503 0.5861079 0 0.9491556 0.56481 0 0.9150792 0.3964153 0 0.9606214 0.6099042 0 0.8839864 0.4233424 0 0.9261246 0.4287519 0 0.9344429 0.4663768 0 0.9440545 0.4541171 0 0.9697279 0.4339339 0 0.9176056 0.4903769 0 0.9618714 0.4613269 0 0.9753672 0.4594963 0 0.949398 0.4810674 0 0.9342499 0.502012 0 0.9550616 0.5101829 0 0.9742789 0.4997822 0 0.9857204 0.4943202 0 0.9643666 0.4963124 0 0.9843492 0.4753191 0 0.9706534 0.4806387 0 0.8876266 0.4554195 0 0.8953644 0.3616582 0 0.8710666 0.3722929 0 0.8832182 0.380671 0 0.867085 0.3049716 0 0.8986095 0.4150714 0 0.3616229 0.1928063 0.05666631 0.8734571 0.3433575 0 0.9072027 0.4395293 0 0.8653476 0.4420605 0 0.9455717 0.4060467 0 0.6281873 0.4063462 0 0.6330224 0.4564191 0 0.5727501 0.4460527 0 0.5860907 0.426427 0 0.645212 0.4742227 0 0.6037261 0.4493261 0 0.6484128 0.4192434 0 0.7383735 0.3878603 0 0.7034881 0.4376395 0 0.768897 0.4108459 0 0.58562 0.4725456 0 0.6025649 0.4770079 0 0.5913858 0.4675649 0 0.8473912 0.3433371 0 0.8267481 0.3536063 0 0.8569563 0.2906364 0 0.8131494 0.3784378 0 0.8076123 0.3040602 0 0.8102124 0.2904865 0 0.8134278 0.3368261 0 0.5637845 0.288947 0 0.7460456 0.278201 0 0.6636399 0.295471 0 0.6196783 0.3033014 0 0.7655097 0.3493116 0 0.5184068 0.2876567 0 0.7582674 0.3746465 0 0.5154337 0.3205099 0 0.5243025 0.3659739 0 0.5546776 0.3628879 0 0.5256386 0.3929347 0 0.7679678 0.5838336 0 0.7381566 0.6009589 0 0.8188556 0.5809183 0 0.884064 0.5869777 0 0.8253331 0.3965954 0 0.8510439 0.3988783 0 0.7257571 0.3160441 0 0.8065265 0.4196486 0 0.92628 0.6010656 0 0.919004 0.5790755 0 0.6280892 0.3876535 0 0.6120027 0.4568829 0 0.6023305 0.4378623 0 0.6839882 0.4103724 0 0.7449858 0.428652 0 0.5607077 0.4073179 0 0.6821712 0.4665889 0 0.6644641 0.3368194 0 0.6206262 0.3327815 0 0.5823087 0.313558 0 0.5703517 0.3881975 0 0.6977758 0.3830962 0 0.9463577 0.6602575 0 0.9491677 0.6815547 0 0.9202472 0.135166 0 0.9606242 0.636458 0 0.8884022 0.1084288 0 0.9303924 0.1025333 0 0.9380711 0.06456504 0 0.947742 0.07666551 0 0.9739093 0.0960259 0 0.9205818 0.04102302 0 0.9654273 0.06882925 0 0.9789809 0.0702756 0 0.9524646 0.04947729 0 0.936885 0.02887469 0 0.9573858 0.02014411 0 0.9767678 0.03000228 0 0.9883617 0.03512963 0 0.9670191 0.03374488 0 0.9874379 0.05409556 0 0.973606 0.04917304 0 0.8914449 0.07630028 0 0.8988448 0.1707939 0 0.8738195 0.159533 0 0.8866887 0.1514707 0 0.8681617 0.2267633 0 0.9035347 0.1167586 0 0.3041193 0.1928063 -0.02468324 0.8753974 0.1885487 0 0.9112007 0.09210419 0 0.8694403 0.08949862 0 0.9505664 0.1246436 0 0.6322678 0.1189065 0 0.6384926 0.06896777 0 0.5780293 0.07762042 0 0.590821 0.09765017 0 0.6511579 0.05150935 0 0.6090365 0.0752385 0 0.6528188 0.1065646 0 0.7417763 0.1404494 0 0.7083662 0.08969323 0 0.7729123 0.1183458 0 0.5915988 0.05151834 0 0.608638 0.04753627 0 0.5972199 0.05666053 0 0.8495848 0.1878761 0 0.8291962 0.1770527 0 0.8576435 0.2408193 0 0.8162855 0.1518834 0 0.8086882 0.2260639 0 0.8109131 0.2396974 0 0.8154033 0.193477 0 0.5645386 0.2343608 0 0.7464312 0.2502409 0 0.6645301 0.2307295 0 0.6208262 0.2216601 0 0.7678519 0.1796998 0 0.519137 0.234328 0 0.7612977 0.1541986 0 0.5171102 0.2013755 0 0.527272 0.1560984 0 0.5575117 0.1601518 0 0.529435 0.1292199 0 0.7679678 0.6625484 0 0.7381566 0.6454233 0 0.818889 0.6654635 0 0.8839315 0.6593999 0 0.8288907 0.1340992 0 0.8549865 0.1325169 0 0.7271947 0.2118728 0 0.810721 0.1105901 0 0.9262998 0.645304 0 0.9189429 0.6672965 0 0.6316115 0.1376364 0 0.6175034 0.06792236 0 0.607331 0.08667451 0 0.6880859 0.1164333 0 0.7495482 0.09986593 0 0.5649089 0.1159214 0 0.6878945 0.06015669 0 0.6665178 0.1894211 0 0.6225804 0.1922461 0 0.5837302 0.2103571 0 0.5739378 0.1353453 0 0.7010875 0.1440902 0 0.3638812 0.1544622 0.04475913 0.3013786 0.1544622 -0.04459663 0.8912051 0.8733943 0 0.8921093 0.865952 0 0.9090189 0.8656358 0 0.9085845 0.8726168 0 0.5764123 0.8295344 0 0.8913796 0.854605 0 0.9082357 0.854799 0 0.9251201 0.8548673 0 0.9254903 0.8653649 0 0.5715498 0.8114899 0 0.9257678 0.8719041 0 0.88701 0.9903333 0 0.8873235 0.9553555 0 0.9066595 0.9545212 0 0.5958666 0.8084691 0 0.9068723 0.9895167 0 0.8880094 0.9224993 0 0.9068254 0.9216567 0 0.9259791 0.9212691 0 0.5958666 0.8328173 0 0.926087 0.9544318 0 0.9264554 0.9895747 0 0.9453601 0.9548482 0 0.9462768 0.9898666 0 0.9447776 0.9219197 0 0.9626788 0.9228402 0 0.964291 0.9554595 0 0.9668232 0.9902529 0 0.9828442 0.9544345 0 0.9880158 0.9883436 0 0.9796659 0.9233576 0 0.8525547 0.923128 0 0.8494364 0.9554799 0 0.8454336 0.9900554 0 0.8682266 0.9558202 0 0.8665415 0.9906204 0 0.8699094 0.9232523 0 0.9189302 0.767903 0 0.9223965 0.7473924 0 0.9366717 0.7485648 0 0.9316136 0.7686332 0 0.9261943 0.727717 0 0.9421812 0.7290686 0 0.958621 0.735152 0 0.9508022 0.7526879 0 0.5793926 0.7917254 0 0.943547 0.7704496 0 0.9610049 0.8727459 0 0.9598736 0.8638995 0 0.5958666 0.7839993 0 0.6123407 0.7889861 0 0.6201834 0.8053266 0 0.6153209 0.8231979 0 0.9784623 0.8618102 0 0.9795409 0.8731234 0 0.9592251 0.8511323 0 0.9764322 0.8467028 0 0.8569664 0.8522465 0 0.8555807 0.8648361 0 0.8548665 0.8738495 0 0.9422333 0.8649412 0 0.9431221 0.8724234 0 0.9420797 0.8534924 0 0.8743256 0.8658191 0 0.8733364 0.8741815 0 0.8743615 0.8536609 0 0.8537849 0.8946801 0 0.8713531 0.8947271 0 0.8892232 0.8937296 0 0.9260935 0.8921853 0 0.9444853 0.8929768 0 0.9624151 0.8939356 0 0.9799119 0.8953682 0 0.9075286 0.8928849 0 0.8653319 0.772598 0 0.8499745 0.7534432 0 0.8631335 0.745352 0 0.876277 0.7677017 0 0.6166677 0.7830601 0 0.5958666 0.7760205 0 0.834379 0.733906 0 0.8500038 0.7234209 0 0.8737353 0.7219155 0 0.8816224 0.7436641 0 0.889661 0.7662075 0 0.9023651 0.746174 0 0.9043366 0.7672616 0 0.9005905 0.7259936 0 0.9721416 0.7624867 0 0.9568619 0.7739787 0 0.9883302 0.7500014 0 0.927482 0.7204241 0 0.5750655 0.7850835 0 0.5683599 0.8374382 0 0.5958666 0.8404309 0 0.9440361 0.7217301 0 0.6233734 0.8273212 0 0.6280719 0.8041789 0 0.9614923 0.7284967 0 0.5636614 0.8122725 0 0.8286055 0.7264103 0 0.8453648 0.7150371 0 0.8710874 0.7137349 0 0.9000307 0.7185916 0 0.9944623 0.7451078 0 0.8935121 0.7900412 0 0.8922631 0.7764177 0 0.9052752 0.7767308 0 0.9060373 0.7902948 0 0.9182593 0.7771823 0 0.9188029 0.7906862 0 0.9433593 0.7889699 0 0.942444 0.7775946 0 0.9532954 0.7774502 0 0.9547791 0.786005 0 0.8688427 0.7803814 0 0.870576 0.7912029 0 0.9307932 0.7773043 0 0.9313068 0.7900823 0 0.8798147 0.7775136 0 0.8816546 0.790156 0 0.8923062 0.8228281 0 0.9072213 0.8231864 0 0.922388 0.8233993 0 0.9522947 0.8195097 0 0.9663645 0.8145592 0 0.8630378 0.821233 0 0.9374737 0.8219899 0 0.8776783 0.8220495 0 0.8310685 0.9528958 0 0.8241688 0.9868667 0 0.8358461 0.9211221 0 0.8364745 0.8625201 0 0.8361398 0.8717709 0 0.8392382 0.8497194 0 0.8364371 0.8928131 0 0.8434197 0.7737819 0 0.8585168 0.7834485 0 0.8264657 0.7630297 0 0.8199705 0.7588615 0 0.8599921 0.785558 0 0.8594738 0.7918677 0 0.8483773 0.8189586 0 0.8531698 0.9089041 0 0.8706313 0.9089897 0 0.8886163 0.9081144 0 0.9260363 0.9067272 0 0.9446315 0.9074482 0 0.9625469 0.9083879 0 0.9797889 0.9093629 0 0.8361416 0.9069676 0 0.907177 0.9072708 0 0.8876665 0.9389274 0 0.9067425 0.938089 0 0.9260331 0.9378504 0 0.9450688 0.9383839 0 0.9634849 0.9391499 0 0.9812551 0.9388961 0 0.8334573 0.9370089 0 0.8509955 0.9393039 0 0.869068 0.9395363 0 0.8709922 0.9018584 0 0.8889198 0.900922 0 0.9445584 0.9002125 0 0.962481 0.9011617 0 0.9798504 0.9023656 0 0.8362893 0.8998903 0 0.9073528 0.9000778 0 0.8534774 0.9017921 0 0.9260648 0.8994563 0 0.9206634 0.7576477 0 0.9341426 0.758599 0 0.9471746 0.7615688 0 0.8576532 0.7630206 0 0.8697053 0.7565269 0 0.8856417 0.7549358 0 0.9033508 0.7567178 0 0.9645017 0.7682327 0 0.8509682 0.7786152 0 0.8912051 0.8733943 0 0.8921093 0.865952 0 0.9090189 0.8656358 0 0.9085845 0.8726168 0 0.8913796 0.854605 0 0.9082357 0.854799 0 0.9251201 0.8548673 0 0.9254903 0.8653649 0 0.9257678 0.8719041 0 0.88701 0.9903333 0 0.8873235 0.9553555 0 0.9066595 0.9545212 0 0.9068723 0.9895167 0 0.8876665 0.9389274 0 0.9067425 0.938089 0 0.9259791 0.9212691 0 0.9260331 0.9378504 0 0.9068254 0.9216567 0 0.926087 0.9544318 0 0.9264554 0.9895747 0 0.9453601 0.9548482 0 0.9462768 0.9898666 0 0.9450688 0.9383839 0 0.9626788 0.9228402 0 0.9634849 0.9391499 0 0.9447776 0.9219197 0 0.964291 0.9554595 0 0.9668232 0.9902529 0 0.9828442 0.9544345 0 0.9880158 0.9883436 0 0.9812551 0.9388961 0 0.8525547 0.923128 0 0.8509955 0.9393039 0 0.8334573 0.9370089 0 0.8358461 0.9211221 0 0.8494364 0.9554799 0 0.8454336 0.9900554 0 0.8241688 0.9868667 0 0.8310685 0.9528958 0 0.8682266 0.9558202 0 0.8665415 0.9906204 0 0.869068 0.9395363 0 0.8880094 0.9224993 0 0.8699094 0.9232523 0 0.9189302 0.767903 0 0.9206634 0.7576477 0 0.9341426 0.758599 0 0.9316136 0.7686332 0 0.9223965 0.7473924 0 0.9261943 0.727717 0 0.9421812 0.7290686 0 0.9366717 0.7485648 0 0.958621 0.735152 0 0.9508022 0.7526879 0 0.9471746 0.7615688 0 0.9610049 0.8727459 0 0.9598736 0.8638995 0 0.9784623 0.8618102 0 0.9795409 0.8731234 0 0.9592251 0.8511323 0 0.9764322 0.8467028 0 0.8569664 0.8522465 0 0.8555807 0.8648361 0 0.8364745 0.8625201 0 0.8392382 0.8497194 0 0.8548665 0.8738495 0 0.8361398 0.8717709 0 0.9422333 0.8649412 0 0.9431221 0.8724234 0 0.9420797 0.8534924 0 0.8743256 0.8658191 0 0.8733364 0.8741815 0 0.8743615 0.8536609 0 0.8531698 0.9089041 0 0.8706313 0.9089897 0 0.8537849 0.8946801 0 0.8713531 0.8947271 0 0.8892232 0.8937296 0 0.8889198 0.900922 0 0.8709922 0.9018584 0 0.9260363 0.9067272 0 0.9446315 0.9074482 0 0.9260935 0.8921853 0 0.9444853 0.8929768 0 0.9624151 0.8939356 0 0.962481 0.9011617 0 0.9445584 0.9002125 0 0.9625469 0.9083879 0 0.9797889 0.9093629 0 0.9796659 0.9233576 0 0.9799119 0.8953682 0 0.8364371 0.8928131 0 0.8534774 0.9017921 0 0.8362893 0.8998903 0 0.8886163 0.9081144 0 0.907177 0.9072708 0 0.9075286 0.8928849 0 0.9260648 0.8994563 0 0.9073528 0.9000778 0 0.5764123 0.8295344 0 0.5715498 0.8114899 0 0.5958666 0.8084691 0 0.5958666 0.8328173 0 0.5793926 0.7917254 0 0.5958666 0.7839993 0 0.6123407 0.7889861 0 0.6201834 0.8053266 0 0.6153209 0.8231979 0 0.8653319 0.772598 0 0.8576532 0.7630206 0 0.8697053 0.7565269 0 0.876277 0.7677017 0 0.8499745 0.7534432 0 0.834379 0.733906 0 0.8500038 0.7234209 0 0.8631335 0.745352 0 0.8737353 0.7219155 0 0.8816224 0.7436641 0 0.8856417 0.7549358 0 0.889661 0.7662075 0 0.9033508 0.7567178 0 0.9043366 0.7672616 0 0.9005905 0.7259936 0 0.9023651 0.746174 0 0.943547 0.7704496 0 0.9645017 0.7682327 0 0.9568619 0.7739787 0 0.9883302 0.7500014 0 0.9721416 0.7624867 0 0.8434197 0.7737819 0 0.8264657 0.7630297 0 0.8509682 0.7786152 0 0.927482 0.7204241 0 0.9440361 0.7217301 0 0.6166677 0.7830601 0 0.5958666 0.7760205 0 0.5750655 0.7850835 0 0.9614923 0.7284967 0 0.8286055 0.7264103 0 0.8453648 0.7150371 0 0.5683599 0.8374382 0 0.5958666 0.8404309 0 0.6233734 0.8273212 0 0.8710874 0.7137349 0 0.9000307 0.7185916 0 0.6280719 0.8041789 0 0.9944623 0.7451078 0 0.5636614 0.8122725 0 0.8199705 0.7588615 0 0.8935121 0.7900412 0 0.8922631 0.7764177 0 0.9052752 0.7767308 0 0.9060373 0.7902948 0 0.9182593 0.7771823 0 0.9188029 0.7906862 0 0.9433593 0.7889699 0 0.942444 0.7775946 0 0.9532954 0.7774502 0 0.9547791 0.786005 0 0.8688427 0.7803814 0 0.8599921 0.785558 0 0.8585168 0.7834485 0 0.870576 0.7912029 0 0.8594738 0.7918677 0 0.9307932 0.7773043 0 0.9313068 0.7900823 0 0.8798147 0.7775136 0 0.8816546 0.790156 0 0.8923062 0.8228281 0 0.9072213 0.8231864 0 0.922388 0.8233993 0 0.9522947 0.8195097 0 0.9663645 0.8145592 0 0.8630378 0.821233 0 0.8483773 0.8189586 0 0.9374737 0.8219899 0 0.8776783 0.8220495 0 0.9798504 0.9023656 0 0.8361416 0.9069676 0 0.4665045 0.653847 0 0.4660856 0.6404672 0 0.4654794 0.6279747 0 0.4661657 0.6794652 0 0.4664063 0.6667166 0 0.4642768 0.6168902 0 0.4647726 0.7053326 0 0.4655725 0.6927276 0 0.4632563 0.7165128 0 0.4924403 0.6371118 0 0.4918331 0.6667902 0 0.4900868 0.6085563 0 0.4891078 0.7250025 0 0.4918903 0.6965051 0 0.4324474 0.7159052 0 0.4336578 0.617964 0 0.4361669 0.6913829 0 0.4366612 0.6417177 0 0.4397377 0.6669241 0 0.4340685 0.6295197 0 0.4924358 0.62205 0 0.4391064 0.6549555 0 0.4916896 0.711568 0 0.4922656 0.6523631 0 0.4919491 0.6812301 0 0.4333577 0.7039564 0 0.4387082 0.6784735 0 0.4792629 0.6387895 0 0.479385 0.653105 0 0.4789576 0.6250124 0 0.4791197 0.6667534 0 0.4790574 0.6803476 0 0.4771818 0.6127232 0 0.476182 0.7207577 0 0.4782311 0.7084503 0 0.4787314 0.6946163 0 0.4490651 0.7046445 0 0.4478518 0.716209 0 0.4489673 0.6174271 0 0.4497739 0.6287472 0 0.452437 0.6789693 0 0.4508697 0.6920552 0 0.4513734 0.6410924 0 0.4528054 0.6544012 0 0.453072 0.6668203 0 0.4665045 0.653847 0 0.4660856 0.6404672 0 0.4792629 0.6387895 0 0.479385 0.653105 0 0.4654794 0.6279747 0 0.4789576 0.6250124 0 0.4661657 0.6794652 0 0.4664063 0.6667166 0 0.4791197 0.6667534 0 0.4790574 0.6803476 0 0.4642768 0.6168902 0 0.4771818 0.6127232 0 0.4632563 0.7165128 0 0.4647726 0.7053326 0 0.4782311 0.7084503 0 0.476182 0.7207577 0 0.4655725 0.6927276 0 0.4787314 0.6946163 0 0.4333577 0.7039564 0 0.4490651 0.7046445 0 0.4478518 0.716209 0 0.4324474 0.7159052 0 0.4497739 0.6287472 0 0.4489673 0.6174271 0 0.4387082 0.6784735 0 0.452437 0.6789693 0 0.4508697 0.6920552 0 0.4361669 0.6913829 0 0.4340685 0.6295197 0 0.4513734 0.6410924 0 0.4366612 0.6417177 0 0.4528054 0.6544012 0 0.4391064 0.6549555 0 0.453072 0.6668203 0 0.4397377 0.6669241 0 0.4924403 0.6371118 0 0.4922656 0.6523631 0 0.4924358 0.62205 0 0.4918331 0.6667902 0 0.4919491 0.6812301 0 0.4900868 0.6085563 0 0.4916896 0.711568 0 0.4891078 0.7250025 0 0.4918903 0.6965051 0 0.4336578 0.617964 0 0.1444401 0.176697 0 0.1444401 0.176697 0 0.1658395 0.1743763 0 0.1657362 0.178586 0 0.1595675 0.1688807 0 0.1812094 0.1712799 0 0.1444401 0.163538 0 0.1444401 0.163538 0 0.1599133 0.1606531 0 0.1657362 0.178586 0 0.1658395 0.1743763 0 0.1812094 0.1712799 0 0.1595675 0.1688807 0 0.1599133 0.1606531 0 0.1579907 0.1767322 0 0.1707097 0.1719768 0 0.1534599 0.164209 0 0.1579907 0.1767322 0 0.1707097 0.1719768 0 0.1534599 0.164209 0 0.1867883 0.2256334 0 0.1866842 0.2255508 0 0.1866842 0.2255508 0 0.75 0 0.9999999 0.8055556 1 0.9999999 0.75 1 0.9999999 0.8055556 0 0.9999999 0.8611111 1 0.9999999 0.8055556 1 0.9999999 0.9166667 0 0.9999999 0.8611111 1 0.9999999 0.8611111 0 0.9999999 0.9166667 0 0.9999999 0.9722222 1 0.9999999 0.9166667 1 0.9999999 0.9722222 0 0.9999999 1.027778 1 1 0.9722222 1 0.9999999 0.02777781 0 1 0.08333335 1 0.9999999 0.02777781 1 1 0.1388889 0 0.9999999 0.08333335 1 0.9999999 0.08333335 0 0.9999999 0.1388889 0 0.9999999 0.1944444 1 0.9999999 0.1388889 1 0.9999999 0.1944444 0 0.9999999 0.1944444 1 0.9999999 0.3055555 0 0.9999999 0.3055555 0 0.9999999 0.3611111 1 0.9999999 0.3055555 1 0.9999999 0.3611111 0 0.9999999 0.4166666 1 0.9999999 0.3611111 1 0.9999999 0.4166666 0 0.9999999 0.4722221 1 0.9999999 0.4166666 1 0.9999999 0.4722221 0 0.9999999 0.5277777 1 0.9999999 0.4722221 1 0.9999999 0.5277777 0 0.9999999 0.5833333 1 0.9999999 0.5277777 1 0.9999999 0.5833333 0 0.9999999 0.6388888 1 0.9999999 0.5833333 1 0.9999999 0.6388888 0 0.9999999 0.6944444 1 1 0.6388888 1 0.9999999 0.6944444 0 1 0.75 1 0.9999999 0.6944444 1 1 0.06698729 0.7499999 -0.25 0.09268349 0.5718209 -0.25 0.007596139 0.586824 -0.25 0.06698731 0.7499999 0.25 0.09268352 0.5718208 0.25 0.1418119 0.7068 0.25 0.5277777 0.2649803 1 0.4722222 0.7649803 1 0.5277777 0.7649803 0.9999999 0.4722222 0.7649803 1 0.4166666 0.2649803 0.9999999 0.4166666 0.7649803 0.9999999 0.361111 0.7649803 1 0.4166667 0.2649803 0.9999999 0.3611111 0.2649803 1 0.3611111 0.7649803 1 0.3055555 0.2649803 1 0.3055555 0.7649803 1 0.3055555 0.2649803 0.9999999 0.25 0.7649803 1 0.3055555 0.7649803 1 0.25 0.2649803 1 0.1944444 0.7649803 0.9999999 0.25 0.7649803 1 0.1944444 0.2649803 0.9999999 0.1388889 0.7649803 1 0.1944444 0.7649803 1 0.1388889 0.7649803 1 0.08333335 0.2649803 1 0.08333335 0.7649803 1 0.08333334 0.7649803 1 0.02777781 0.2649803 1 0.02777781 0.7649803 1 0.02777781 0.7649803 1 -0.02777779 0.2649803 1 -0.02777779 0.7649803 1 0.9166666 0.2649803 0.9999999 0.9722222 0.7649803 1 0.9722222 0.2649803 1 0.9166666 0.7649803 0.9999999 0.8611111 0.2649803 1 0.8611112 0.7649803 1 0.8055556 0.2649803 0.9999999 0.861111 0.7649803 1 0.8611112 0.2649803 1 0.8055555 0.2649803 0.9999999 0.75 0.7649804 1 0.8055556 0.7649803 0.9999999 0.75 0.7649804 1 0.6944443 0.2649803 1 0.6944443 0.7649803 1 0.6944443 0.7649803 1 0.6388888 0.2649803 1 0.6388888 0.7649803 1 0.6388888 0.7649803 1 0.5833333 0.2649803 1 0.5833333 0.7649803 1 0.5277777 0.7649803 0.9999999 0.5833333 0.2649803 1 0.5277777 0.2649803 0.9999999 0.8055556 0 0.9999999 0.8611111 0 0.9999999 0.9166667 1 0.9999999 0.9722222 0 0.9999999 1.027778 0 1 0.08333335 0 0.9999999 0.1388889 1 0.9999999 0.1944444 0 0.9999999 0.3055555 1 0.9999999 0.3611111 0 0.9999999 0.4166666 0 0.9999999 0.4722221 0 0.9999999 0.5277777 0 0.9999999 0.5833333 0 0.9999999 0.6388888 0 0.9999999 0.6944444 0 1 0.75 0 0.9999999 0.007596141 0.4131758 -0.25 0.09268354 0.428179 -0.25 0.06698734 0.25 -0.25 0.1418119 0.2931999 -0.25 0.1786062 0.1169777 -0.25 0.234143 0.1831639 -0.25 0.3289899 0.03015369 -0.25 0.3585404 0.1113431 -0.25 0.4999999 -2.38419e-7 -0.25 0.4999999 0.08639979 -0.2499999 0.6710099 0.03015351 -0.25 0.6414593 0.1113429 -0.25 0.8213936 0.1169777 -0.2500001 0.7658568 0.1831636 -0.25 0.9330125 0.2499995 -0.2499999 0.8581879 0.2932 -0.25 0.9924038 0.4131758 -0.25 0.9073164 0.4281788 -0.25 0.9924038 0.5868232 -0.2499999 0.9073164 0.5718205 -0.25 0.9330127 0.7499995 -0.25 0.8581882 0.7067993 -0.25 0.821394 0.8830218 -0.25 0.7658571 0.8168356 -0.25 0.6710103 0.969846 -0.25 0.6414598 0.8886564 -0.25 0.4999999 0.9999998 -0.25 0.4999999 0.9136 -0.25 0.3289899 0.9698462 -0.25 0.3585404 0.8886567 -0.25 0.1786062 0.8830221 -0.25 0.234143 0.8168359 -0.25 0.1418119 0.7067999 -0.25 0.007596076 0.4131759 0.25 0.007596165 0.5868241 0.25 0.09268355 0.4281791 0.25 0.06698728 0.2499999 0.25 0.1418118 0.2932 0.25 0.178606 0.1169777 0.25 0.2341431 0.1831644 0.2500001 0.3289897 0.03015351 0.25 0.3585404 0.1113436 0.2500001 0.4999998 2.38419e-7 0.2500001 0.5 0.08640003 0.2500001 0.67101 0.03015327 0.25 0.6414593 0.1113431 0.25 0.8213935 0.1169777 0.25 0.7658567 0.1831636 0.25 0.9330124 0.2499998 0.25 0.858188 0.2932 0.25 0.9924037 0.4131761 0.2500001 0.9073164 0.4281788 0.2499999 0.9924039 0.5868242 0.2500001 0.9073162 0.5718207 0.25 0.9330128 0.7499998 0.25 0.858188 0.7067995 0.25 0.821394 0.883022 0.25 0.7658571 0.8168357 0.25 0.6710104 0.9698462 0.25 0.6414598 0.8886567 0.25 0.5 1 0.25 0.5 0.9136 0.25 0.3289899 0.9698462 0.25 0.3585404 0.8886569 0.25 0.1786062 0.8830221 0.25 0.234143 0.8168359 0.25 0.4722222 0.2649803 1 0.4722222 0.2649803 1 0.4166666 0.7649803 1 0.3611111 0.2649803 1 0.25 0.2649803 1 0.1944444 0.2649803 0.9999999 0.1388889 0.2649803 1 0.1388889 0.2649803 1 0.08333334 0.2649803 1 0.02777781 0.2649803 1 0.9166666 0.7649803 0.9999999 0.9166666 0.2649803 1 0.8055556 0.7649804 0.9999999 0.75 0.2649803 1 0.75 0.2649803 1 0.6944443 0.2649803 0.9999999 0.6388888 0.2649803 1 0.5833333 0.7649803 1 0.2222222 1 0.9999999 0.4144948 0.01507688 0.25 0.2777778 0 0.9999999 0.5855049 0.01507664 -0.25 0.2222222 0 0.9999999 0.4144949 0.01507673 -0.25 0.2777778 1 0.9999999 0.5855049 0.01507676 0.25 0.25 1 0.9999999 0.25 1 0.9999999 0.2222222 1 0.9999999 0.2222222 0 0.9999999 0.25 0 0.9999999 0.25 0 0.9999999 0.2777778 0 0.9999999 0.2777778 1 0.9999999 0.75 0 0.9999999 0.8055556 0 0.9999999 0.8055556 1 0.9999999 0.75 1 0.9999999 0.8055556 0 0.9999999 0.8611111 0 0.9999999 0.8611111 1 0.9999999 0.8055556 1 0.9999999 0.9166667 0 0.9999999 0.9166667 1 0.9999999 0.8611111 1 0.9999999 0.8611111 0 0.9999999 0.9166667 0 0.9999999 0.9722222 0 0.9999999 0.9722222 1 0.9999999 0.9166667 1 0.9999999 0.9722222 0 0.9999999 1.027778 0 1 1.027778 1 1 0.9722222 1 0.9999999 0.02777781 0 1 0.08333335 0 0.9999999 0.08333335 1 0.9999999 0.02777781 1 1 0.1388889 0 0.9999999 0.1388889 1 0.9999999 0.08333335 1 0.9999999 0.08333335 0 0.9999999 0.1388889 0 0.9999999 0.1944444 0 0.9999999 0.1944444 1 0.9999999 0.1388889 1 0.9999999 0.1944444 0 0.9999999 0.2222222 0 0.9999999 0.2222222 1 0.9999999 0.1944444 1 0.9999999 0.3055555 0 0.9999999 0.3055555 1 0.9999999 0.2777778 1 0.9999999 0.2777778 0 0.9999999 0.3055555 0 0.9999999 0.3611111 0 0.9999999 0.3611111 1 0.9999999 0.3055555 1 0.9999999 0.3611111 0 0.9999999 0.4166666 0 0.9999999 0.4166666 1 0.9999999 0.3611111 1 0.9999999 0.4166666 0 0.9999999 0.4722221 0 0.9999999 0.4722221 1 0.9999999 0.4166666 1 0.9999999 0.4722221 0 0.9999999 0.5277777 0 0.9999999 0.5277777 1 0.9999999 0.4722221 1 0.9999999 0.5277777 0 0.9999999 0.5833333 0 0.9999999 0.5833333 1 0.9999999 0.5277777 1 0.9999999 0.5833333 0 0.9999999 0.6388888 0 0.9999999 0.6388888 1 0.9999999 0.5833333 1 0.9999999 0.6388888 0 0.9999999 0.6944444 0 1 0.6944444 1 1 0.6388888 1 0.9999999 0.6944444 0 1 0.75 0 0.9999999 0.75 1 0.9999999 0.6944444 1 1 0.06698729 0.7499999 -0.25 0.1418119 0.7067999 -0.25 0.09268349 0.5718209 -0.25 0.09268354 0.428179 -0.25 0.1418119 0.2931999 -0.25 0.234143 0.1831639 -0.25 0.3585404 0.1113431 -0.25 0.4999999 0.08639979 -0.2499999 0.6414593 0.1113429 -0.25 0.7658568 0.1831636 -0.25 0.8581879 0.2932 -0.25 0.9073164 0.4281788 -0.25 0.9073164 0.5718205 -0.25 0.8581882 0.7067993 -0.25 0.7658571 0.8168356 -0.25 0.6414598 0.8886564 -0.25 0.4999999 0.9136 -0.25 0.3585404 0.8886567 -0.25 0.234143 0.8168359 -0.25 0.1786062 0.8830221 -0.25 0.3289899 0.9698462 -0.25 0.4999999 0.9999998 -0.25 0.6710103 0.969846 -0.25 0.821394 0.8830218 -0.25 0.9330127 0.7499995 -0.25 0.9924038 0.5868232 -0.2499999 0.9924038 0.4131758 -0.25 0.9330125 0.2499995 -0.2499999 0.8213936 0.1169777 -0.2500001 0.6710099 0.03015351 -0.25 0.5855049 0.01507664 -0.25 0.4999999 -2.38419e-7 -0.25 0.4144949 0.01507673 -0.25 0.3289899 0.03015369 -0.25 0.1786062 0.1169777 -0.25 0.06698734 0.25 -0.25 0.007596141 0.4131758 -0.25 0.007596139 0.586824 -0.25 0.5277777 0.2649803 1 0.4722222 0.2649803 1 0.4722222 0.7649803 1 0.5277777 0.7649803 0.9999999 0.4722222 0.7649803 1 0.4722222 0.2649803 1 0.4166666 0.2649803 0.9999999 0.4166666 0.7649803 0.9999999 0.361111 0.7649803 1 0.4166666 0.7649803 1 0.4166667 0.2649803 0.9999999 0.3611111 0.2649803 1 0.3611111 0.7649803 1 0.3611111 0.2649803 1 0.3055555 0.2649803 1 0.3055555 0.7649803 1 0.3055555 0.2649803 0.9999999 0.25 0.2649803 1 0.25 0.7649803 1 0.3055555 0.7649803 1 0.25 0.2649803 1 0.1944444 0.2649803 0.9999999 0.1944444 0.7649803 0.9999999 0.25 0.7649803 1 0.1944444 0.2649803 0.9999999 0.1388889 0.2649803 1 0.1388889 0.7649803 1 0.1944444 0.7649803 1 0.1388889 0.7649803 1 0.1388889 0.2649803 1 0.08333335 0.2649803 1 0.08333335 0.7649803 1 0.08333334 0.7649803 1 0.08333334 0.2649803 1 0.02777781 0.2649803 1 0.02777781 0.7649803 1 0.02777781 0.7649803 1 0.02777781 0.2649803 1 -0.02777779 0.2649803 1 -0.02777779 0.7649803 1 0.9166666 0.2649803 0.9999999 0.9166666 0.7649803 0.9999999 0.9722222 0.7649803 1 0.9722222 0.2649803 1 0.9166666 0.7649803 0.9999999 0.9166666 0.2649803 1 0.8611111 0.2649803 1 0.8611112 0.7649803 1 0.8055556 0.2649803 0.9999999 0.8055556 0.7649804 0.9999999 0.861111 0.7649803 1 0.8611112 0.2649803 1 0.8055555 0.2649803 0.9999999 0.75 0.2649803 1 0.75 0.7649804 1 0.8055556 0.7649803 0.9999999 0.75 0.7649804 1 0.75 0.2649803 1 0.6944443 0.2649803 1 0.6944443 0.7649803 1 0.6944443 0.7649803 1 0.6944443 0.2649803 0.9999999 0.6388888 0.2649803 1 0.6388888 0.7649803 1 0.6388888 0.7649803 1 0.6388888 0.2649803 1 0.5833333 0.2649803 1 0.5833333 0.7649803 1 0.5277777 0.7649803 0.9999999 0.5833333 0.7649803 1 0.5833333 0.2649803 1 0.5277777 0.2649803 0.9999999 0.007596076 0.4131759 0.25 0.06698728 0.2499999 0.25 0.178606 0.1169777 0.25 0.3289897 0.03015351 0.25 0.4144948 0.01507688 0.25 0.4999998 2.38419e-7 0.2500001 0.5855049 0.01507676 0.25 0.67101 0.03015327 0.25 0.8213935 0.1169777 0.25 0.9330124 0.2499998 0.25 0.9924037 0.4131761 0.2500001 0.9924039 0.5868242 0.2500001 0.9330128 0.7499998 0.25 0.821394 0.883022 0.25 0.6710104 0.9698462 0.25 0.5 1 0.25 0.3289899 0.9698462 0.25 0.1786062 0.8830221 0.25 0.06698731 0.7499999 0.25 0.234143 0.8168359 0.25 0.3585404 0.8886569 0.25 0.5 0.9136 0.25 0.6414598 0.8886567 0.25 0.7658571 0.8168357 0.25 0.858188 0.7067995 0.25 0.9073162 0.5718207 0.25 0.9073164 0.4281788 0.2499999 0.858188 0.2932 0.25 0.7658567 0.1831636 0.25 0.6414593 0.1113431 0.25 0.5 0.08640003 0.2500001 0.3585404 0.1113436 0.2500001 0.2341431 0.1831644 0.2500001 0.1418118 0.2932 0.25 0.09268355 0.4281791 0.25 0.09268352 0.5718208 0.25 0.1418119 0.7068 0.25 0.007596165 0.5868241 0.25 0.2222222 1 0.9999999 0.25 1 0.9999999 0.2222222 0 0.9999999 0.25 0 0.9999999 0.2777778 0 0.9999999 0.25 0 0.9999999 0.2777778 1 0.9999999 0.25 1 0.9999999 0.3749999 0.5000001 0.625 0.3749999 0.5000001 0.625 0.3183585 0.5075384 0.625 0.2222222 1 0.9999999 0.2222222 0 0.9999999 0.3183585 0.007538364 0.375 0.3749999 -1.19209e-7 0.375 0.3749999 -1.19209e-7 0.375 0.4316413 0.007538318 0.375 0.2777778 0 0.9999999 0.2777778 1 0.9999999 0.4316413 0.5075384 0.625 0.3183585 0.5075384 0.625 0.2222222 1 0.9999999 0.3749999 0.5000001 0.625 0.3749999 0.5000001 0.625 0.2222222 0 0.9999999 0.3183585 0.007538363 0.3749999 0.3749999 -1.19209e-7 0.3749999 0.3749999 -1.19209e-7 0.3749999 0.4316413 0.007538319 0.3749999 0.2777778 0 0.9999999 0.2777778 1 0.9999999 0.4316413 0.5075384 0.625</float_array>
          <technique_common>
            <accessor source="#geom-Torso-map1-array" count="2719" stride="3">
              <param name="S" type="float"/>
              <param name="T" type="float"/>
              <param name="P" type="float"/>
            </accessor>
          </technique_common>
        </source>
        <vertices id="geom-Torso-vertices">
          <input semantic="POSITION" source="#geom-Torso-positions"/>
        </vertices>
        <triangles material="EidelwindMaterial" count="3706">
          <input semantic="VERTEX" source="#geom-Torso-vertices" offset="0"/>
          <input semantic="NORMAL" source="#geom-Torso-normals" offset="1"/>
          <input semantic="TEXCOORD" source="#geom-Torso-map1" offset="2" set="0"/>
          <p>51 0 2 97 1 3 25 2 0 25 2 0 95 3 1 51 0 2 96 4 5 51 0 2 95 3 1 95 3 1 4 5 4 96 4 5 51 0 2 96 4 5 26 6 6 26 6 6 97 1 3 51 0 2 52 7 9 185 8 10 5 9 7 5 9 7 98 10 8 52 7 9 99 11 11 52 7 475 98 10 474 98 10 474 4 5 4 99 11 11 52 7 14 99 11 15 42 12 12 42 12 12 187 13 13 52 7 14 185 8 18 52 7 449 187 13 448 187 13 448 43 14 17 185 8 18 53 15 21 103 16 26 25 2 0 25 2 0 100 17 16 53 15 21 101 18 28 53 15 21 100 17 16 100 17 16 210 19 27 101 18 28 53 15 22 101 18 23 30 20 19 30 20 19 102 21 20 53 15 22 103 16 25 53 15 22 102 21 20 102 21 20 29 22 24 103 16 25 96 4 5 54 23 38 214 24 33 214 24 33 26 6 6 96 4 5 54 23 38 96 4 5 4 5 4 4 5 4 104 25 40 54 23 38 55 26 44 107 27 47 9 28 48 9 28 48 170 29 49 55 26 44 108 30 45 55 26 44 170 29 49 170 29 49 33 31 52 108 30 45 56 32 71 112 33 72 227 34 69 227 34 69 109 35 70 56 32 71 110 36 74 56 32 71 109 35 70 109 35 70 27 37 73 110 36 74 56 32 53 110 36 66 28 38 50 28 38 50 111 39 51 56 32 53 112 33 68 56 32 53 111 39 51 111 39 51 234 40 67 112 33 68 57 41 77 237 42 79 47 43 75 47 43 75 113 44 76 57 41 77 109 35 70 57 41 77 113 44 76 113 44 76 27 37 73 109 35 70 57 41 77 109 35 70 227 34 69 227 34 69 237 42 79 57 41 77 58 45 91 123 46 92 8 47 80 8 47 80 114 48 81 58 45 91 107 27 47 58 45 91 114 48 81 114 48 81 9 28 48 107 27 47 59 49 95 114 48 81 8 47 80 8 47 80 115 50 94 59 49 95 116 51 96 59 49 95 115 50 94 115 50 94 5 9 7 116 51 96 59 49 95 116 51 96 9 28 48 9 28 48 114 48 81 59 49 95 61 52 115 110 36 74 27 37 73 27 37 73 120 53 114 61 52 115 103 16 26 61 52 115 120 53 114 120 53 114 25 2 0 103 16 26 61 52 495 103 16 25 29 22 24 29 22 24 121 54 494 61 52 495 110 36 66 61 52 99 121 54 98 121 54 98 28 38 50 110 36 66 4 5 4 122 55 478 192 56 117 192 56 117 104 25 40 4 5 4 5 9 7 115 50 94 122 55 116 122 55 116 98 10 8 5 9 7 4 5 4 98 10 474 122 55 478 1848 57 30 1857 58 32 38 59 34 38 59 34 181 60 35 1848 57 30 1860 61 31 1848 57 30 181 60 35 181 60 35 39 62 36 1860 61 31 63 63 125 99 11 11 4 5 4 4 5 4 127 64 124 63 63 125 128 65 127 63 63 125 127 64 124 127 64 124 3 66 126 128 65 127 63 63 55 128 65 56 44 67 37 44 67 37 188 68 54 63 63 55 99 11 15 63 63 55 188 68 54 188 68 54 42 12 12 99 11 15 64 69 130 186 70 137 1 71 128 1 71 128 129 72 129 64 69 130 185 8 10 64 69 130 129 72 129 129 72 129 5 9 7 185 8 10 64 69 58 185 8 18 43 14 17 43 14 17 189 73 57 64 69 58 186 70 60 64 69 58 189 73 57 189 73 57 45 74 59 186 70 60 65 75 139 128 65 127 3 66 126 3 66 126 130 76 138 65 75 139 186 70 137 65 75 139 130 76 138 130 76 138 1 71 128 186 70 137 65 75 62 186 70 60 45 74 59 45 74 59 190 77 61 65 75 62 128 65 56 65 75 62 190 77 61 190 77 61 44 67 37 128 65 56 66 78 65 134 79 78 14 80 63 14 80 63 131 81 64 66 78 65 132 82 83 66 78 65 131 81 64 131 81 64 13 83 82 132 82 83 66 78 65 132 82 83 17 84 84 17 84 84 133 85 85 66 78 65 134 79 78 66 78 65 133 85 85 133 85 85 18 86 86 134 79 78 1849 87 87 1860 61 31 39 62 36 39 62 36 182 88 89 1849 87 87 1861 89 88 1849 87 87 182 88 89 182 88 89 40 90 90 1861 89 88 1850 91 450 1859 92 105 41 93 106 41 93 106 183 94 107 1850 91 450 1857 58 32 1850 91 104 183 94 451 183 94 451 38 59 34 1857 58 32 1851 95 108 1861 89 88 40 90 90 40 90 90 184 96 109 1851 95 108 1859 92 105 1851 95 108 184 96 109 184 96 109 41 93 106 1859 92 105 67 97 112 172 98 118 20 99 110 20 99 110 138 100 111 67 97 112 139 101 146 67 97 453 138 100 452 138 100 452 19 102 119 139 101 146 67 97 453 139 101 146 34 103 147 34 103 147 175 104 148 67 97 453 172 98 118 67 97 112 175 104 454 175 104 454 35 105 149 172 98 118 68 106 456 143 107 157 16 108 152 16 108 152 136 109 154 68 106 456 142 110 159 68 106 156 136 109 455 136 109 455 15 111 158 142 110 159 68 106 156 142 110 159 19 102 119 19 102 119 138 100 452 68 106 156 143 107 157 68 106 456 138 100 111 138 100 111 20 99 110 143 107 157 69 112 161 142 110 159 15 111 158 15 111 158 137 113 160 69 112 161 134 79 78 69 112 161 137 113 160 137 113 160 14 80 63 134 79 78 69 112 161 134 79 78 18 86 86 18 86 86 144 114 162 69 112 161 142 110 159 69 112 161 144 114 162 144 114 162 19 102 119 142 110 159 70 115 164 132 82 83 13 83 82 13 83 82 125 116 163 70 115 164 143 107 157 70 115 164 125 116 163 125 116 163 16 108 152 143 107 157 70 115 164 143 107 157 20 99 110 20 99 110 145 117 165 70 115 164 132 82 83 70 115 164 145 117 165 145 117 165 17 84 84 132 82 83 71 118 166 139 101 146 19 102 119 19 102 119 144 114 162 71 118 166 149 119 167 71 118 166 144 114 162 144 114 162 18 86 86 149 119 167 71 118 166 149 119 167 36 120 168 36 120 168 176 121 169 71 118 166 139 101 146 71 118 166 176 121 169 176 121 169 34 103 147 139 101 146 72 122 170 174 123 171 17 84 84 17 84 84 145 117 165 72 122 170 172 98 118 72 122 170 145 117 165 145 117 165 20 99 110 172 98 118 72 122 170 172 98 118 35 105 149 35 105 149 177 124 172 72 122 170 174 123 171 72 122 170 177 124 172 177 124 172 37 125 173 174 123 171 73 126 174 149 119 167 18 86 86 18 86 86 133 85 85 73 126 174 174 123 171 73 126 174 133 85 85 133 85 85 17 84 84 174 123 171 73 126 174 174 123 171 37 125 173 37 125 173 178 127 175 73 126 174 149 119 167 73 126 174 178 127 175 178 127 175 36 120 168 149 119 167 75 128 131 152 129 132 29 22 24 29 22 24 102 21 20 75 128 131 329 130 133 75 128 131 102 21 20 102 21 20 30 20 19 329 130 133 75 128 131 329 130 133 49 131 134 49 131 134 151 132 135 75 128 131 152 129 132 75 128 131 151 132 135 151 132 135 6 133 136 152 129 132 154 134 145 130 76 138 3 66 126 3 66 126 153 135 144 154 134 145 27 37 73 157 136 150 154 134 145 154 134 145 120 53 114 27 37 73 76 137 153 156 138 185 5 9 7 5 9 7 155 139 151 76 137 153 113 44 76 76 137 153 155 139 151 155 139 151 27 37 73 113 44 76 76 137 153 113 44 76 47 43 75 47 43 75 156 138 185 76 137 153 157 136 150 1 71 128 130 76 138 130 76 138 154 134 145 157 136 150 77 140 186 155 139 151 5 9 7 5 9 7 129 72 129 77 140 186 157 136 150 77 140 186 129 72 129 129 72 129 1 71 128 157 136 150 77 140 186 157 136 150 27 37 73 27 37 73 155 139 151 77 140 186 78 141 187 95 3 1 25 2 0 25 2 0 153 135 144 78 141 187 127 64 124 78 141 187 153 135 144 153 135 144 3 66 126 127 64 124 78 141 187 127 64 124 4 5 4 4 5 4 95 3 1 78 141 187 79 142 188 116 51 96 5 9 7 5 9 7 156 138 185 79 142 188 158 143 189 79 142 188 156 138 185 156 138 185 47 43 75 158 143 189 79 142 188 158 143 189 33 31 52 33 31 52 170 29 49 79 142 188 116 51 96 79 142 188 170 29 49 170 29 49 9 28 48 116 51 96 80 144 191 97 1 3 26 6 6 26 6 6 159 145 190 80 144 191 100 17 16 80 144 191 159 145 190 159 145 190 210 19 27 100 17 16 80 144 191 100 17 16 25 2 0 25 2 0 97 1 3 80 144 191 81 146 155 161 147 178 28 38 50 28 38 50 121 54 98 81 146 155 152 129 132 81 146 497 121 54 496 121 54 496 29 22 24 152 129 132 81 146 499 152 129 132 6 133 136 6 133 136 160 148 498 81 146 499 161 147 178 81 146 155 160 148 179 160 148 179 7 149 180 161 147 178 82 150 181 191 151 182 234 40 67 234 40 67 111 39 51 82 150 181 161 147 178 82 150 181 111 39 51 111 39 51 28 38 50 161 147 178 82 150 181 161 147 178 7 149 180 7 149 180 162 152 183 82 150 181 191 151 182 82 150 181 162 152 183 162 152 183 50 153 184 191 151 182 158 143 189 86 154 228 108 30 45 108 30 45 33 31 52 158 143 189 86 154 228 158 143 189 47 43 75 47 43 75 363 155 229 86 154 228 87 156 177 175 104 148 34 103 147 34 103 147 171 157 176 87 156 177 140 158 201 87 156 177 171 157 176 171 157 176 23 159 200 140 158 201 87 156 457 140 158 458 24 160 202 24 160 202 141 161 203 87 156 457 175 104 454 87 156 457 141 161 203 141 161 203 35 105 149 175 104 454 88 162 205 176 121 169 36 120 168 36 120 168 173 163 204 88 162 205 146 164 207 88 162 205 173 163 204 173 163 204 22 165 206 146 164 207 88 162 205 146 164 207 23 159 200 23 159 200 171 157 176 88 162 205 176 121 169 88 162 205 171 157 176 171 157 176 34 103 147 176 121 169 89 166 208 177 124 172 35 105 149 35 105 149 141 161 203 89 166 208 148 167 209 89 166 208 141 161 203 141 161 203 24 160 202 148 167 209 89 166 208 148 167 209 21 168 210 21 168 210 150 169 211 89 166 208 177 124 172 89 166 208 150 169 211 150 169 211 37 125 173 177 124 172 90 170 212 178 127 175 37 125 173 37 125 173 150 169 211 90 170 212 147 171 213 90 170 212 150 169 211 150 169 211 21 168 210 147 171 213 90 170 212 147 171 213 22 165 206 22 165 206 173 163 204 90 170 212 178 127 175 90 170 212 173 163 204 173 163 204 36 120 168 178 127 175 91 172 215 181 60 35 38 59 34 38 59 34 179 173 214 91 172 215 125 116 163 91 172 215 179 173 214 179 173 214 16 108 152 125 116 163 91 172 215 125 116 163 13 83 82 13 83 82 126 174 216 91 172 215 181 60 35 91 172 215 126 174 216 126 174 216 39 62 36 181 60 35 92 175 218 182 88 89 39 62 36 39 62 36 126 174 216 92 175 218 131 81 64 92 175 218 126 174 216 126 174 216 13 83 82 131 81 64 92 175 218 131 81 64 14 80 63 14 80 63 135 176 220 92 175 218 182 88 89 92 175 218 135 176 220 135 176 220 40 90 90 182 88 89 93 177 222 183 94 107 41 93 106 41 93 106 180 178 221 93 177 222 136 109 455 93 177 222 180 178 221 180 178 221 15 111 158 136 109 455 93 177 459 136 109 154 16 108 152 16 108 152 179 173 214 93 177 459 183 94 451 93 177 459 179 173 214 179 173 214 38 59 34 183 94 451 94 179 223 184 96 109 40 90 90 40 90 90 135 176 220 94 179 223 137 113 160 94 179 223 135 176 220 135 176 220 14 80 63 137 113 160 94 179 223 137 113 160 15 111 158 15 111 158 180 178 221 94 179 223 184 96 109 94 179 223 180 178 221 180 178 221 41 93 106 184 96 109 1852 180 433 187 13 13 42 12 12 42 12 12 1862 181 432 1852 180 433 187 13 448 1852 180 460 1856 182 434 1856 182 434 43 14 17 187 13 448 1853 183 436 188 68 54 44 67 37 44 67 37 1863 184 435 1853 183 436 188 68 54 1853 183 436 1862 181 432 1862 181 432 42 12 12 188 68 54 1854 185 437 189 73 57 43 14 17 43 14 17 1856 182 434 1854 185 437 189 73 57 1854 185 437 1858 186 438 1858 186 438 45 74 59 189 73 57 1855 187 439 190 77 61 45 74 59 45 74 59 1858 186 438 1855 187 439 190 77 61 1855 187 439 1863 184 435 1863 184 435 44 67 37 190 77 61 122 55 116 115 50 94 8 47 80 8 47 80 192 56 479 122 55 116 8 47 80 123 46 92 192 56 479 120 53 114 154 134 145 153 135 144 153 135 144 25 2 0 120 53 114 195 188 232 194 189 233 193 190 230 193 190 230 196 191 231 195 188 232 198 192 236 197 193 239 194 189 233 194 189 233 195 188 232 198 192 236 195 188 232 196 191 231 26 6 6 26 6 6 198 192 236 195 188 232 201 194 242 200 195 243 199 196 240 199 196 240 202 197 241 201 194 242 203 198 244 197 193 239 200 195 485 200 195 485 201 194 484 203 198 244 201 194 254 205 199 320 204 200 252 204 200 252 203 198 253 201 194 254 202 197 321 206 201 322 205 199 462 205 199 462 201 194 461 202 197 321 208 202 246 207 203 247 193 190 230 193 190 230 209 204 245 208 202 246 101 18 28 210 19 27 207 203 247 207 203 247 208 202 246 101 18 28 208 202 234 211 205 235 30 20 19 30 20 19 101 18 23 208 202 234 209 204 237 212 206 238 211 205 235 211 205 235 208 202 234 209 204 237 198 192 236 26 6 6 214 24 33 214 24 33 215 207 249 198 192 236 215 207 249 217 208 250 197 193 239 197 193 239 198 192 236 215 207 249 220 209 260 225 210 265 224 211 264 224 211 264 223 212 262 220 209 260 221 213 257 226 214 266 225 210 265 225 210 265 220 209 260 221 213 257 229 215 267 228 216 268 227 34 69 227 34 69 112 33 72 229 215 267 231 217 269 230 218 270 228 216 268 228 216 268 229 215 267 231 217 269 229 215 258 233 219 259 232 220 251 232 220 251 231 217 256 229 215 258 112 33 68 234 40 67 233 219 259 233 219 259 229 215 258 112 33 68 236 221 271 235 222 272 47 43 75 47 43 75 237 42 79 236 221 271 228 216 268 230 218 270 235 222 272 235 222 272 236 221 271 228 216 268 236 221 271 237 42 79 227 34 69 227 34 69 228 216 268 236 221 271 240 223 277 239 224 278 238 225 273 238 225 273 241 226 275 240 223 277 223 212 262 224 211 264 239 224 278 239 224 278 240 223 277 223 212 262 244 227 280 243 228 281 238 225 273 238 225 273 239 224 278 244 227 280 245 229 282 199 196 240 243 228 281 243 228 281 244 227 280 245 229 282 244 227 280 239 224 278 224 211 264 224 211 264 245 229 282 244 227 280 253 230 287 252 231 288 230 218 270 230 218 270 231 217 269 253 230 287 209 204 245 193 190 230 252 231 288 252 231 288 253 230 287 209 204 245 253 230 274 254 232 276 212 206 238 212 206 238 209 204 237 253 230 274 231 217 256 232 220 251 254 232 276 254 232 276 253 230 274 231 217 256 197 193 239 217 208 250 256 233 289 256 233 289 255 234 489 197 193 239 199 196 240 200 195 243 255 234 290 255 234 290 243 228 281 199 196 240 197 193 239 255 234 489 200 195 485 1912 235 324 262 236 331 261 237 330 261 237 330 1914 238 325 1912 235 324 1913 239 323 263 240 336 262 236 331 262 236 331 1912 235 324 1913 239 323 265 241 299 264 242 300 197 193 239 197 193 239 203 198 244 265 241 299 267 243 301 266 244 302 264 242 300 264 242 300 265 241 299 267 243 301 265 241 341 269 245 342 268 246 337 268 246 337 267 243 340 265 241 341 203 198 253 204 200 252 269 245 342 269 245 342 265 241 341 203 198 253 272 247 305 271 248 306 270 249 303 270 249 303 273 250 304 272 247 305 202 197 241 199 196 240 271 248 306 271 248 306 272 247 305 202 197 241 272 247 343 274 251 344 206 201 322 206 201 322 202 197 321 272 247 343 273 250 345 275 252 346 274 251 344 274 251 344 272 247 343 273 250 345 277 253 307 276 254 308 266 244 302 266 244 302 267 243 301 277 253 307 273 250 304 270 249 303 276 254 308 276 254 308 277 253 307 273 250 304 277 253 347 278 255 348 275 252 346 275 252 346 273 250 345 277 253 347 267 243 340 268 246 337 278 255 348 278 255 348 277 253 347 267 243 340 281 256 351 280 257 352 279 258 349 279 258 349 282 259 350 281 256 351 284 260 353 283 261 354 280 257 352 280 257 352 281 256 351 284 260 353 281 256 351 286 262 356 285 263 355 285 263 355 284 260 353 281 256 351 282 259 350 287 264 357 286 262 356 286 262 356 281 256 351 282 259 350 1915 265 359 288 266 360 263 240 336 263 240 336 1913 239 323 1915 265 359 1916 267 358 289 268 361 288 266 360 288 266 360 1915 265 359 1916 267 358 1917 269 463 291 270 365 290 271 364 290 271 364 1918 272 363 1917 269 463 1914 238 325 261 237 330 291 270 464 291 270 464 1917 269 362 1914 238 325 1919 273 366 292 274 367 289 268 361 289 268 361 1916 267 358 1919 273 366 1918 272 363 290 271 364 292 274 367 292 274 367 1919 273 366 1918 272 363 295 275 370 294 276 371 293 277 368 293 277 368 296 278 369 295 275 370 298 279 372 297 280 373 294 276 466 294 276 466 295 275 465 298 279 372 295 275 465 300 281 375 299 282 374 299 282 374 298 279 372 295 275 465 296 278 369 301 283 376 300 281 467 300 281 467 295 275 370 296 278 369 304 284 468 303 285 380 302 286 377 302 286 377 305 287 378 304 284 468 307 288 381 306 289 382 303 285 469 303 285 469 304 284 379 307 288 381 304 284 379 294 276 466 297 280 373 297 280 373 307 288 381 304 284 379 305 287 378 293 277 368 294 276 371 294 276 371 304 284 468 305 287 378 309 290 383 308 291 384 306 289 382 306 289 382 307 288 381 309 290 383 282 259 350 279 258 349 308 291 384 308 291 384 309 290 383 282 259 350 309 290 383 310 292 385 287 264 357 287 264 357 282 259 350 309 290 383 307 288 381 297 280 373 310 292 385 310 292 385 309 290 383 307 288 381 312 293 386 311 294 387 283 261 354 283 261 354 284 260 353 312 293 386 305 287 378 302 286 377 311 294 387 311 294 387 312 293 386 305 287 378 312 293 386 313 295 388 293 277 368 293 277 368 305 287 378 312 293 386 284 260 353 285 263 355 313 295 388 313 295 388 312 293 386 284 260 353 314 296 389 310 292 385 297 280 373 297 280 373 298 279 372 314 296 389 315 297 390 287 264 357 310 292 385 310 292 385 314 296 389 315 297 390 314 296 389 317 298 401 316 299 400 316 299 400 315 297 390 314 296 389 298 279 372 299 282 374 317 298 401 317 298 401 314 296 389 298 279 372 318 300 403 313 295 388 285 263 355 285 263 355 319 301 402 318 300 403 296 278 369 293 277 368 313 295 388 313 295 388 318 300 403 296 278 369 318 300 403 320 302 404 301 283 376 301 283 376 296 278 369 318 300 403 319 301 402 321 303 405 320 302 404 320 302 404 318 300 403 319 301 402 322 304 406 286 262 356 287 264 357 287 264 357 315 297 390 322 304 406 319 301 402 285 263 355 286 262 356 286 262 356 322 304 406 319 301 402 322 304 406 323 305 407 321 303 405 321 303 405 319 301 402 322 304 406 315 297 390 316 299 400 323 305 407 323 305 407 322 304 406 315 297 390 327 306 296 211 205 235 212 206 238 212 206 238 328 307 295 327 306 296 329 130 133 30 20 19 211 205 235 211 205 235 327 306 296 329 130 133 327 306 296 330 308 297 49 131 134 49 131 134 329 130 133 327 306 296 328 307 295 331 309 298 330 308 297 330 308 297 327 306 296 328 307 295 333 310 317 332 311 318 266 244 302 266 244 302 276 254 308 333 310 317 230 218 270 252 231 288 333 310 317 333 310 317 334 312 319 230 218 270 336 313 327 335 314 328 199 196 240 199 196 240 337 315 326 336 313 327 235 222 272 230 218 270 335 314 328 335 314 328 336 313 327 235 222 272 336 313 327 337 315 326 47 43 75 47 43 75 235 222 272 336 313 327 334 312 319 333 310 317 276 254 308 276 254 308 270 249 303 334 312 319 338 316 329 271 248 306 199 196 240 199 196 240 335 314 328 338 316 329 334 312 319 270 249 303 271 248 306 271 248 306 338 316 329 334 312 319 338 316 329 335 314 328 230 218 270 230 218 270 334 312 319 338 316 329 339 317 332 332 311 318 193 190 230 193 190 230 194 189 233 339 317 332 264 242 300 266 244 302 332 311 318 332 311 318 339 317 332 264 242 300 339 317 332 194 189 233 197 193 239 197 193 239 264 242 300 339 317 332 340 318 333 337 315 326 199 196 240 199 196 240 245 229 282 340 318 333 341 319 334 47 43 75 337 315 326 337 315 326 340 318 333 341 319 334 340 318 333 225 210 265 226 214 266 226 214 266 341 319 334 340 318 333 245 229 282 224 211 264 225 210 265 225 210 265 340 318 333 245 229 282 342 320 335 159 145 190 26 6 6 26 6 6 196 191 231 342 320 335 207 203 247 210 19 27 159 145 190 159 145 190 342 320 335 207 203 247 342 320 335 196 191 231 193 190 230 193 190 230 207 203 247 342 320 335 343 321 311 254 232 276 232 220 251 232 220 251 344 322 310 343 321 311 328 307 295 212 206 238 254 232 276 254 232 276 343 321 311 328 307 295 343 321 311 345 323 312 331 309 298 331 309 298 328 307 295 343 321 311 344 322 310 346 324 313 345 323 312 345 323 312 343 321 311 344 322 310 347 325 314 233 219 259 234 40 67 234 40 67 191 151 182 347 325 314 344 322 310 232 220 251 233 219 259 233 219 259 347 325 314 344 322 310 347 325 314 348 326 315 346 324 313 346 324 313 344 322 310 347 325 314 191 151 182 50 153 184 348 326 315 348 326 315 347 325 314 191 151 182 341 319 334 226 214 266 221 213 257 221 213 257 362 327 399 341 319 334 362 327 399 363 155 229 47 43 75 47 43 75 341 319 334 362 327 399 365 328 408 364 329 409 299 282 374 299 282 374 300 281 375 365 328 408 367 330 410 366 331 411 364 329 409 364 329 409 365 328 408 367 330 410 365 328 470 369 332 413 368 333 412 368 333 412 367 330 471 365 328 470 300 281 467 301 283 376 369 332 413 369 332 413 365 328 470 300 281 467 371 334 414 370 335 415 316 299 400 316 299 400 317 298 401 371 334 414 373 336 416 372 337 417 370 335 415 370 335 415 371 334 414 373 336 416 371 334 414 364 329 409 366 331 411 366 331 411 373 336 416 371 334 414 317 298 401 299 282 374 364 329 409 364 329 409 371 334 414 317 298 401 374 338 418 369 332 413 301 283 376 301 283 376 320 302 404 374 338 418 375 339 419 368 333 412 369 332 413 369 332 413 374 338 418 375 339 419 374 338 418 377 340 421 376 341 420 376 341 420 375 339 419 374 338 418 320 302 404 321 303 405 377 340 421 377 340 421 374 338 418 320 302 404 378 342 422 377 340 421 321 303 405 321 303 405 323 305 407 378 342 422 379 343 423 376 341 420 377 340 421 377 340 421 378 342 422 379 343 423 378 342 422 370 335 415 372 337 417 372 337 417 379 343 423 378 342 422 323 305 407 316 299 400 370 335 415 370 335 415 378 342 422 323 305 407 381 344 424 380 345 425 261 237 330 261 237 330 262 236 331 381 344 424 311 294 387 302 286 377 380 345 425 380 345 425 381 344 424 311 294 387 381 344 424 382 346 426 283 261 354 283 261 354 311 294 387 381 344 424 262 236 331 263 240 336 382 346 426 382 346 426 381 344 424 262 236 331 383 347 427 382 346 426 263 240 336 263 240 336 288 266 360 383 347 427 280 257 352 283 261 354 382 346 426 382 346 426 383 347 427 280 257 352 383 347 427 384 348 428 279 258 349 279 258 349 280 257 352 383 347 427 288 266 360 289 268 361 384 348 428 384 348 428 383 347 427 288 266 360 386 349 429 385 350 430 290 271 364 290 271 364 291 270 365 386 349 429 303 285 469 306 289 382 385 350 430 385 350 430 386 349 429 303 285 469 386 349 472 380 345 425 302 286 377 302 286 377 303 285 380 386 349 472 291 270 464 261 237 330 380 345 425 380 345 425 386 349 472 291 270 464 387 351 431 384 348 428 289 268 361 289 268 361 292 274 367 387 351 431 308 291 384 279 258 349 384 348 428 384 348 428 387 351 431 308 291 384 387 351 431 385 350 430 306 289 382 306 289 382 308 291 384 387 351 431 292 274 367 290 271 364 385 350 430 385 350 430 387 351 431 292 274 367 1899 352 440 1896 353 441 204 200 252 204 200 252 205 199 320 1899 352 440 205 199 462 206 201 322 1905 354 442 1905 354 442 1899 352 473 205 199 462 1904 355 443 1901 356 444 268 246 337 268 246 337 269 245 342 1904 355 443 269 245 342 204 200 252 1896 353 441 1896 353 441 1904 355 443 269 245 342 1907 357 445 1905 354 442 206 201 322 206 201 322 274 251 344 1907 357 445 274 251 344 275 252 346 1909 358 446 1909 358 446 1907 357 445 274 251 344 1911 359 447 1909 358 446 275 252 346 275 252 346 278 255 348 1911 359 447 278 255 348 268 246 337 1901 356 444 1901 356 444 1911 359 447 278 255 348 255 234 290 256 233 488 238 225 273 238 225 273 243 228 281 255 234 290 238 225 273 256 233 488 241 226 275 252 231 288 193 190 230 332 311 318 332 311 318 333 310 317 252 231 288 498 360 643 523 361 644 484 362 641 484 362 641 520 363 642 498 360 643 521 364 646 498 360 643 520 363 642 520 363 642 482 365 645 521 364 646 498 360 643 521 364 646 491 366 647 491 366 647 522 367 648 498 360 643 523 361 644 498 360 643 522 367 648 522 367 648 493 368 649 523 361 644 499 369 651 526 370 652 493 368 649 493 368 649 524 371 650 499 369 651 525 372 654 499 369 651 524 371 650 524 371 650 492 373 653 525 372 654 499 369 651 525 372 654 485 374 655 485 374 655 526 370 652 499 369 651 500 375 656 529 376 657 482 365 645 482 365 645 520 363 642 500 375 656 527 377 658 500 375 656 520 363 642 520 363 642 484 362 641 527 377 658 500 375 656 527 377 658 488 378 659 488 378 659 528 379 660 500 375 656 529 376 657 500 375 656 528 379 660 528 379 660 496 380 661 529 376 657 501 381 664 531 382 665 494 383 662 494 383 662 530 384 663 501 381 664 529 376 657 501 381 664 530 384 663 530 384 663 482 365 645 529 376 657 501 381 664 529 376 657 496 380 661 496 380 661 531 382 665 501 381 664 502 385 668 534 386 669 495 387 666 495 387 666 532 388 667 502 385 668 533 389 671 502 385 668 532 388 667 532 388 667 487 390 717 533 389 671 502 385 668 533 389 671 488 378 659 488 378 659 534 386 669 502 385 668 503 391 673 537 392 674 494 383 662 494 383 662 535 393 672 503 391 673 536 394 675 503 391 673 535 393 672 535 393 672 487 390 670 536 394 675 503 391 673 536 394 675 483 395 676 483 395 676 537 392 674 503 391 673 504 396 677 539 397 678 492 373 653 492 373 653 524 371 650 504 396 677 522 367 648 504 396 677 524 371 650 524 371 650 493 368 649 522 367 648 504 396 677 522 367 648 491 366 647 491 366 647 538 398 679 504 396 677 539 397 678 504 396 677 538 398 679 538 398 679 497 399 680 539 397 678 505 400 681 542 401 682 488 378 659 488 378 659 533 389 671 505 400 681 540 402 683 505 400 681 533 389 671 533 389 671 487 390 717 540 402 683 505 400 681 540 402 683 490 403 684 490 403 684 541 404 685 505 400 681 542 401 682 505 400 681 541 404 685 541 404 685 489 405 686 542 401 682 506 406 688 540 402 720 487 390 670 487 390 670 543 407 687 506 406 688 544 408 690 506 406 688 543 407 687 543 407 687 486 409 689 544 408 690 506 406 688 544 408 690 490 403 721 490 403 721 540 402 720 506 406 688 507 410 691 545 411 692 496 380 661 496 380 661 528 379 660 507 410 691 542 401 682 507 410 691 528 379 660 528 379 660 488 378 659 542 401 682 507 410 691 542 401 682 489 405 686 489 405 686 545 411 692 507 410 691 508 412 694 548 413 695 495 387 666 495 387 666 546 414 693 508 412 694 547 415 696 508 412 694 546 414 693 546 414 693 484 362 641 547 415 696 508 412 694 547 415 696 485 374 655 485 374 655 548 413 695 508 412 694 509 416 697 550 417 698 494 383 662 494 383 662 537 392 674 509 416 697 549 418 699 509 416 697 537 392 674 537 392 674 483 395 676 549 418 699 509 416 697 549 418 699 492 373 653 492 373 653 539 397 678 509 416 697 550 417 698 509 416 697 539 397 678 539 397 678 497 399 680 550 417 698 510 419 701 549 418 723 483 395 719 483 395 719 551 420 700 510 419 701 552 421 702 510 419 701 551 420 700 551 420 700 495 387 666 552 421 702 510 419 701 552 421 702 492 373 715 492 373 715 549 418 723 510 419 701 511 422 704 530 384 663 494 383 662 494 383 662 553 423 703 511 422 704 521 364 646 511 422 704 553 423 703 553 423 703 491 366 647 521 364 646 511 422 704 521 364 646 482 365 645 482 365 645 530 384 663 511 422 704 512 424 705 553 423 703 494 383 662 494 383 662 550 417 698 512 424 705 538 398 679 512 424 705 550 417 698 550 417 698 497 399 680 538 398 679 512 424 705 538 398 679 491 366 647 491 366 647 553 423 703 512 424 705 513 425 706 527 377 658 484 362 641 484 362 641 546 414 693 513 425 706 534 386 669 513 425 706 546 414 693 546 414 693 495 387 666 534 386 669 513 425 706 534 386 669 488 378 659 488 378 659 527 377 658 513 425 706 514 426 708 544 408 690 486 409 689 486 409 689 554 427 707 514 426 708 545 411 692 514 426 708 554 427 707 554 427 707 496 380 661 545 411 692 514 426 708 545 411 692 489 405 686 489 405 686 541 404 722 514 426 708 544 408 690 514 426 708 541 404 722 541 404 722 490 403 721 544 408 690 515 428 709 547 415 696 484 362 641 484 362 641 523 361 644 515 428 709 526 370 652 515 428 709 523 361 644 523 361 644 493 368 649 526 370 652 515 428 709 526 370 652 485 374 655 485 374 655 547 415 696 515 428 709 516 429 710 525 372 716 492 373 715 492 373 715 552 421 702 516 429 710 548 413 695 516 429 710 552 421 702 552 421 702 495 387 666 548 413 695 516 429 710 548 413 695 485 374 655 485 374 655 525 372 716 516 429 710 517 430 711 555 431 712 494 383 662 494 383 662 531 382 665 517 430 711 554 427 707 517 430 711 531 382 665 531 382 665 496 380 661 554 427 707 517 430 711 554 427 707 486 409 689 486 409 689 555 431 712 517 430 711 518 432 713 532 388 667 495 387 666 495 387 666 551 420 700 518 432 713 536 394 718 518 432 713 551 420 700 551 420 700 483 395 719 536 394 718 518 432 713 536 394 718 487 390 717 487 390 717 532 388 667 518 432 713 519 433 714 535 393 672 494 383 662 494 383 662 555 431 712 519 433 714 543 407 687 519 433 714 555 431 712 555 431 712 486 409 689 543 407 687 519 433 714 543 407 687 487 390 670 487 390 670 535 393 672 519 433 714 558 434 726 557 435 725 556 436 724 556 436 724 559 437 727 558 434 726 561 438 729 560 439 728 557 435 725 557 435 725 558 434 726 561 438 729 558 434 726 563 440 731 562 441 730 562 441 730 561 438 729 558 434 726 559 437 727 564 442 732 563 440 731 563 440 731 558 434 726 559 437 727 566 443 734 565 444 733 564 442 732 564 442 732 567 445 735 566 443 734 569 446 737 568 447 736 565 444 733 565 444 733 566 443 734 569 446 737 566 443 734 567 445 735 570 448 738 570 448 738 569 446 737 566 443 734 571 449 739 557 435 725 560 439 728 560 439 728 572 450 740 571 449 739 573 451 741 556 436 724 557 435 725 557 435 725 571 449 739 573 451 741 571 449 739 575 452 743 574 453 742 574 453 742 573 451 741 571 449 739 572 450 740 576 454 744 575 452 743 575 452 743 571 449 739 572 450 740 579 455 747 578 456 746 577 457 745 577 457 745 580 458 748 579 455 747 572 450 740 560 439 728 578 456 746 578 456 746 579 455 747 572 450 740 579 455 747 580 458 748 576 454 744 576 454 744 572 450 740 579 455 747 583 459 751 582 460 750 581 461 749 581 461 749 584 462 752 583 459 751 586 463 754 585 464 753 582 460 750 582 460 750 583 459 751 586 463 754 583 459 751 584 462 752 574 453 742 574 453 742 586 463 754 583 459 751 588 465 756 587 466 755 577 457 745 577 457 745 589 467 757 588 465 756 590 468 759 585 464 758 587 466 755 587 466 755 588 465 756 590 468 759 588 465 756 589 467 757 591 469 760 591 469 760 590 468 759 588 465 756 592 470 761 565 444 733 568 447 736 568 447 736 593 471 762 592 470 761 563 440 731 564 442 732 565 444 733 565 444 733 592 470 761 563 440 731 592 470 761 594 472 763 562 441 730 562 441 730 563 440 731 592 470 761 593 471 762 595 473 764 594 472 763 594 472 763 592 470 761 593 471 762 596 474 765 586 463 754 574 453 742 574 453 742 597 475 766 596 474 765 598 476 767 585 464 753 586 463 754 586 463 754 596 474 765 598 476 767 596 474 765 600 477 769 599 478 768 599 478 768 598 476 767 596 474 765 597 475 766 601 479 770 600 477 769 600 477 769 596 474 765 597 475 766 603 480 772 602 481 771 585 464 758 585 464 758 598 476 773 603 480 772 605 482 775 604 483 774 602 481 771 602 481 771 603 480 772 605 482 775 603 480 772 598 476 773 599 478 776 599 478 776 605 482 775 603 480 772 606 484 777 575 452 743 576 454 744 576 454 744 607 485 778 606 484 777 597 475 766 574 453 742 575 452 743 575 452 743 606 484 777 597 475 766 606 484 777 607 485 778 601 479 770 601 479 770 597 475 766 606 484 777 609 486 780 608 487 779 581 461 749 581 461 749 610 488 781 609 486 780 611 489 782 556 436 724 608 487 779 608 487 779 609 486 780 611 489 782 609 486 780 610 488 781 570 448 738 570 448 738 611 489 782 609 486 780 612 490 783 589 467 757 577 457 745 577 457 745 613 491 784 612 490 783 614 492 785 591 469 760 589 467 757 589 467 757 612 490 783 614 492 785 612 490 783 593 471 762 568 447 736 568 447 736 614 492 785 612 490 783 613 491 784 595 473 764 593 471 762 593 471 762 612 490 783 613 491 784 616 493 788 615 494 787 591 469 786 591 469 786 614 492 789 616 493 788 617 495 790 581 461 749 615 494 787 615 494 787 616 493 788 617 495 790 616 493 788 614 492 789 568 447 791 568 447 791 617 495 790 616 493 788 619 496 793 618 497 792 577 457 745 577 457 745 578 456 746 619 496 793 561 438 729 562 441 730 618 497 792 618 497 792 619 496 793 561 438 729 619 496 793 578 456 746 560 439 728 560 439 728 561 438 729 619 496 793 620 498 794 613 491 784 577 457 745 577 457 745 618 497 792 620 498 794 594 472 763 595 473 764 613 491 784 613 491 784 620 498 794 594 472 763 620 498 794 618 497 792 562 441 730 562 441 730 594 472 763 620 498 794 621 499 795 608 487 779 556 436 724 556 436 724 573 451 741 621 499 795 584 462 752 581 461 749 608 487 779 608 487 779 621 499 795 584 462 752 621 499 795 573 451 741 574 453 742 574 453 742 584 462 752 621 499 795 623 500 797 622 501 796 604 483 774 604 483 774 605 482 775 623 500 797 607 485 778 576 454 744 622 501 796 622 501 796 623 500 797 607 485 778 623 500 797 600 477 798 601 479 770 601 479 770 607 485 778 623 500 797 605 482 775 599 478 776 600 477 798 600 477 798 623 500 797 605 482 775 624 502 799 559 437 727 556 436 724 556 436 724 611 489 782 624 502 799 567 445 735 564 442 732 559 437 727 559 437 727 624 502 799 567 445 735 624 502 799 611 489 782 570 448 738 570 448 738 567 445 735 624 502 799 625 503 800 617 495 790 568 447 791 568 447 791 569 446 801 625 503 800 610 488 781 581 461 749 617 495 790 617 495 790 625 503 800 610 488 781 625 503 800 569 446 801 570 448 738 570 448 738 610 488 781 625 503 800 626 504 802 580 458 748 577 457 745 577 457 745 627 505 803 626 504 802 622 501 796 576 454 744 580 458 748 580 458 748 626 504 802 622 501 796 626 504 802 627 505 803 604 483 774 604 483 774 622 501 796 626 504 802 628 506 804 615 494 787 581 461 749 581 461 749 582 460 750 628 506 804 590 468 805 591 469 786 615 494 787 615 494 787 628 506 804 590 468 805 628 506 804 582 460 750 585 464 753 585 464 753 590 468 805 628 506 804 629 507 806 627 505 803 577 457 745 577 457 745 587 466 755 629 507 806 602 481 771 604 483 774 627 505 803 627 505 803 629 507 806 602 481 771 629 507 806 587 466 755 585 464 758 585 464 758 602 481 771 629 507 806 634 508 523 640 509 524 641 510 525 641 510 525 635 511 526 634 508 523 635 511 526 641 510 525 642 512 631 642 512 631 636 513 632 635 511 526 636 513 632 642 512 631 643 514 633 643 514 633 637 515 634 636 513 632 637 515 634 643 514 633 644 516 635 644 516 635 638 517 636 637 515 634 638 517 636 644 516 635 645 518 637 645 518 637 639 519 638 638 517 636 646 520 639 647 521 640 653 522 809 653 522 809 652 523 810 646 520 639 647 521 640 648 524 813 654 525 814 654 525 814 653 522 809 647 521 640 648 524 813 649 526 815 655 527 816 655 527 816 654 525 814 648 524 813 649 526 815 650 528 817 656 529 818 656 529 818 655 527 816 649 526 815 650 528 817 651 530 819 657 531 820 657 531 820 656 529 818 650 528 817 634 532 523 635 533 526 647 534 640 647 534 640 646 535 639 634 532 523 635 533 526 636 536 632 648 537 813 648 537 813 647 534 640 635 533 526 636 536 632 637 538 634 649 539 815 649 539 815 648 537 813 636 536 632 637 538 634 638 540 636 650 541 817 650 541 817 649 539 815 637 538 634 638 540 636 639 542 638 651 543 819 651 543 819 650 541 817 638 540 636 639 544 638 645 545 637 657 546 820 657 546 820 651 547 819 639 544 638 645 548 637 644 549 635 656 550 818 656 550 818 657 551 820 645 548 637 644 549 635 643 552 633 655 553 816 655 553 816 656 550 818 644 549 635 643 552 633 642 554 631 654 555 814 654 555 814 655 553 816 643 552 633 642 554 631 641 556 525 653 557 809 653 557 809 654 555 814 642 554 631 641 556 525 640 558 524 652 559 810 652 559 810 653 557 809 641 556 525 640 560 524 634 561 523 646 562 639 646 562 639 652 563 810 640 560 524 658 564 821 661 565 822 660 566 823 660 566 823 659 567 824 658 564 821 661 565 822 663 568 825 662 569 826 662 569 826 660 566 823 661 565 822 663 568 825 665 570 827 664 571 828 664 571 828 662 569 826 663 568 825 665 570 827 667 572 829 666 573 830 666 573 830 664 571 828 665 570 827 667 572 829 669 574 831 668 575 832 668 575 832 666 573 830 667 572 829 670 576 833 673 577 834 672 578 841 672 578 841 671 579 842 670 576 833 671 579 842 672 578 841 675 580 843 675 580 843 674 581 844 671 579 842 674 581 844 675 580 843 677 582 845 677 582 845 676 583 846 674 581 844 676 583 846 677 582 845 679 584 847 679 584 847 678 585 848 676 583 846 678 585 848 679 584 847 681 586 849 681 586 849 680 587 850 678 585 848 658 588 821 670 589 833 671 590 842 671 590 842 661 591 822 658 588 821 661 591 822 671 590 842 674 592 844 674 592 844 663 593 825 661 591 822 663 593 825 674 592 844 676 594 846 676 594 846 665 595 827 663 593 825 665 595 827 676 594 846 678 596 848 678 596 848 667 597 829 665 595 827 667 597 829 678 596 848 680 598 850 680 598 850 669 599 831 667 597 829 669 600 831 680 601 850 681 602 849 681 602 849 668 603 832 669 600 831 668 604 832 681 605 849 679 606 847 679 606 847 666 607 830 668 604 832 666 607 830 679 606 847 677 608 845 677 608 845 664 609 828 666 607 830 664 609 828 677 608 845 675 610 843 675 610 843 662 611 826 664 609 828 662 611 826 675 610 843 672 612 841 672 612 841 660 613 823 662 611 826 660 613 823 672 612 841 673 614 834 673 614 834 659 615 824 660 613 823 659 616 824 673 617 834 670 618 833 670 618 833 658 619 821 659 616 824 682 620 851 683 621 852 684 622 853 682 620 851 684 622 853 685 623 854 682 620 851 685 623 854 686 624 855 682 620 851 686 624 855 687 625 856 682 620 851 687 625 856 688 626 857 682 620 851 688 626 857 689 627 858 682 620 851 689 627 858 690 628 859 682 620 851 690 628 859 691 629 860 682 620 851 691 629 860 692 630 861 682 620 851 692 630 861 693 631 862 682 620 851 693 631 862 694 632 863 682 620 851 694 632 863 695 633 864 682 620 851 695 633 864 696 634 865 682 620 851 696 634 865 697 635 866 682 620 851 697 635 866 698 636 867 682 620 851 698 636 867 683 621 852 700 637 869 684 622 853 683 621 852 683 621 852 699 638 868 700 637 869 701 639 870 685 623 854 684 622 853 684 622 853 700 637 869 701 639 870 702 640 871 686 624 855 685 623 854 685 623 854 701 639 870 702 640 871 703 641 872 687 625 856 686 624 855 686 624 855 702 640 871 703 641 872 704 642 873 688 626 857 687 625 856 687 625 856 703 641 872 704 642 873 705 643 874 689 627 858 688 626 857 688 626 857 704 642 873 705 643 874 706 644 875 690 628 859 689 627 858 689 627 858 705 643 874 706 644 875 707 645 876 691 629 860 690 628 859 690 628 859 706 644 875 707 645 876 708 646 877 692 630 861 691 629 860 691 629 860 707 645 876 708 646 877 709 647 878 693 631 862 692 630 861 692 630 861 708 646 877 709 647 878 710 648 879 694 632 863 693 631 862 693 631 862 709 647 878 710 648 879 711 649 880 695 633 864 694 632 863 694 632 863 710 648 879 711 649 880 712 650 881 696 634 865 695 633 864 695 633 864 711 649 880 712 650 881 713 651 882 697 635 866 696 634 865 696 634 865 712 650 881 713 651 882 714 652 883 698 636 867 697 635 866 697 635 866 713 651 882 714 652 883 699 638 868 683 621 852 698 636 867 698 636 867 714 652 883 699 638 868 716 653 885 700 637 869 699 638 868 699 638 868 715 654 884 716 653 885 717 655 886 701 639 870 700 637 869 700 637 869 716 653 885 717 655 886 718 656 887 702 640 871 701 639 870 701 639 870 717 655 886 718 656 887 719 657 888 703 641 872 702 640 871 702 640 871 718 656 887 719 657 888 720 658 889 704 642 873 703 641 872 703 641 872 719 657 888 720 658 889 721 659 890 705 643 874 704 642 873 704 642 873 720 658 889 721 659 890 722 660 891 706 644 875 705 643 874 705 643 874 721 659 890 722 660 891 723 661 892 707 645 876 706 644 875 706 644 875 722 660 891 723 661 892 724 662 893 708 646 877 707 645 876 707 645 876 723 661 892 724 662 893 725 663 894 709 647 878 708 646 877 708 646 877 724 662 893 725 663 894 726 664 895 710 648 879 709 647 878 709 647 878 725 663 894 726 664 895 727 665 896 711 649 880 710 648 879 710 648 879 726 664 895 727 665 896 728 666 897 712 650 881 711 649 880 711 649 880 727 665 896 728 666 897 729 667 898 713 651 882 712 650 881 712 650 881 728 666 897 729 667 898 730 668 899 714 652 883 713 651 882 713 651 882 729 667 898 730 668 899 715 654 884 699 638 868 714 652 883 714 652 883 730 668 899 715 654 884 732 669 901 716 653 885 715 654 884 715 654 884 731 670 900 732 669 901 733 671 902 717 655 886 716 653 885 716 653 885 732 669 901 733 671 902 734 672 903 718 656 887 717 655 886 717 655 886 733 671 902 734 672 903 735 673 904 719 657 888 718 656 887 718 656 887 734 672 903 735 673 904 736 674 905 720 658 889 719 657 888 719 657 888 735 673 904 736 674 905 737 675 906 721 659 890 720 658 889 720 658 889 736 674 905 737 675 906 738 676 907 722 660 891 721 659 890 721 659 890 737 675 906 738 676 907 739 677 908 723 661 892 722 660 891 722 660 891 738 676 932 739 677 908 740 678 909 724 662 893 723 661 892 723 661 892 739 677 908 740 678 909 741 679 910 725 663 894 724 662 893 724 662 893 740 678 909 741 679 910 742 680 911 726 664 895 725 663 894 725 663 894 741 679 910 742 680 911 743 681 912 727 665 896 726 664 895 726 664 895 742 680 911 743 681 912 744 682 913 728 666 897 727 665 896 727 665 896 743 681 912 744 682 913 745 683 914 729 667 898 728 666 897 728 666 897 744 682 913 745 683 914 746 684 915 730 668 899 729 667 898 729 667 898 745 683 914 746 684 915 731 670 933 715 654 884 730 668 899 730 668 899 746 684 915 731 670 933 748 685 917 732 669 901 731 670 900 731 670 900 747 686 916 748 685 917 749 687 918 733 671 902 732 669 901 732 669 901 748 685 917 749 687 918 750 688 919 734 672 903 733 671 902 733 671 902 749 687 918 750 688 919 751 689 920 735 673 904 734 672 903 734 672 903 750 688 919 751 689 920 752 690 921 736 674 905 735 673 904 735 673 904 751 689 920 752 690 921 753 691 922 737 675 906 736 674 905 736 674 905 752 690 921 753 691 922 754 692 923 738 676 907 737 675 906 737 675 906 753 691 922 754 692 923 755 693 924 739 677 908 738 676 934 738 676 934 754 692 935 755 693 924 756 694 925 740 678 909 739 677 908 739 677 908 755 693 924 756 694 925 757 695 926 741 679 910 740 678 909 740 678 909 756 694 925 757 695 926 758 696 927 742 680 911 741 679 910 741 679 910 757 695 926 758 696 927 759 697 928 743 681 912 742 680 911 742 680 911 758 696 927 759 697 928 760 698 929 744 682 913 743 681 912 743 681 912 759 697 928 760 698 929 761 699 930 745 683 914 744 682 913 744 682 913 760 698 929 761 699 930 762 700 931 746 684 915 745 683 914 745 683 914 761 699 930 762 700 931 747 686 936 731 670 937 746 684 915 746 684 915 762 700 931 747 686 936 763 701 938 764 702 939 765 703 940 763 701 938 765 703 940 766 704 941 763 701 938 766 704 941 767 705 942 763 701 938 767 705 942 768 706 943 763 701 938 768 706 943 769 707 944 763 701 938 769 707 944 770 708 945 763 701 938 770 708 945 771 709 946 763 701 938 771 709 946 772 710 947 763 701 938 772 710 947 773 711 948 763 701 938 773 711 948 774 712 949 763 701 938 774 712 949 775 713 950 763 701 938 775 713 950 776 714 951 763 701 938 776 714 951 777 715 952 763 701 938 777 715 952 778 716 953 763 701 938 778 716 953 779 717 954 763 701 938 779 717 954 764 702 939 781 718 956 765 703 940 764 702 939 764 702 939 780 719 955 781 718 956 782 720 957 766 704 941 765 703 940 765 703 940 781 718 956 782 720 957 783 721 958 767 705 942 766 704 941 766 704 941 782 720 957 783 721 958 784 722 959 768 706 943 767 705 942 767 705 942 783 721 958 784 722 959 785 723 960 769 707 944 768 706 943 768 706 943 784 722 959 785 723 960 786 724 961 770 708 945 769 707 944 769 707 944 785 723 960 786 724 961 787 725 962 771 709 946 770 708 945 770 708 945 786 724 961 787 725 962 788 726 963 772 710 947 771 709 946 771 709 946 787 725 962 788 726 963 789 727 964 773 711 948 772 710 947 772 710 947 788 726 963 789 727 964 790 728 965 774 712 949 773 711 948 773 711 948 789 727 964 790 728 965 791 729 966 775 713 950 774 712 949 774 712 949 790 728 965 791 729 966 792 730 967 776 714 951 775 713 950 775 713 950 791 729 966 792 730 967 793 731 968 777 715 952 776 714 951 776 714 951 792 730 967 793 731 968 794 732 969 778 716 953 777 715 952 777 715 952 793 731 968 794 732 969 795 733 970 779 717 954 778 716 953 778 716 953 794 732 969 795 733 970 780 719 955 764 702 939 779 717 954 779 717 954 795 733 970 780 719 955 797 734 972 781 718 956 780 719 955 780 719 955 796 735 971 797 734 972 798 736 973 782 720 957 781 718 956 781 718 956 797 734 972 798 736 973 799 737 974 783 721 958 782 720 957 782 720 957 798 736 973 799 737 974 800 738 975 784 722 959 783 721 958 783 721 958 799 737 974 800 738 975 801 739 976 785 723 960 784 722 959 784 722 959 800 738 975 801 739 976 802 740 977 786 724 961 785 723 960 785 723 960 801 739 976 802 740 977 803 741 978 787 725 962 786 724 961 786 724 961 802 740 977 803 741 978 804 742 979 788 726 963 787 725 962 787 725 962 803 741 978 804 742 979 805 743 980 789 727 964 788 726 963 788 726 963 804 742 979 805 743 980 806 744 981 790 728 965 789 727 964 789 727 964 805 743 980 806 744 981 807 745 982 791 729 966 790 728 965 790 728 965 806 744 981 807 745 982 808 746 983 792 730 967 791 729 966 791 729 966 807 745 982 808 746 983 809 747 984 793 731 968 792 730 967 792 730 967 808 746 983 809 747 984 810 748 985 794 732 969 793 731 968 793 731 968 809 747 984 810 748 985 811 749 986 795 733 970 794 732 969 794 732 969 810 748 985 811 749 986 796 735 971 780 719 955 795 733 970 795 733 970 811 749 986 796 735 971 813 750 988 797 734 972 796 735 971 796 735 971 812 751 987 813 750 988 814 752 989 798 736 973 797 734 972 797 734 972 813 750 988 814 752 989 815 753 990 799 737 974 798 736 973 798 736 973 814 752 989 815 753 990 816 754 991 800 738 975 799 737 974 799 737 974 815 753 990 816 754 991 817 755 992 801 739 976 800 738 975 800 738 975 816 754 991 817 755 992 818 756 993 802 740 977 801 739 976 801 739 976 817 755 992 818 756 993 819 757 994 803 741 978 802 740 977 802 740 977 818 756 993 819 757 994 820 758 995 804 742 979 803 741 978 803 741 978 819 757 1019 820 758 995 821 759 996 805 743 980 804 742 979 804 742 979 820 758 995 821 759 996 822 760 997 806 744 981 805 743 980 805 743 980 821 759 996 822 760 997 823 761 998 807 745 982 806 744 981 806 744 981 822 760 997 823 761 998 824 762 999 808 746 983 807 745 982 807 745 982 823 761 998 824 762 999 825 763 1000 809 747 984 808 746 983 808 746 983 824 762 999 825 763 1000 826 764 1001 810 748 985 809 747 984 809 747 984 825 763 1000 826 764 1001 827 765 1002 811 749 986 810 748 985 810 748 985 826 764 1001 827 765 1002 812 751 1020 796 735 971 811 749 986 811 749 986 827 765 1002 812 751 1020 829 766 1004 813 750 988 812 751 987 812 751 987 828 767 1003 829 766 1004 830 768 1005 814 752 989 813 750 988 813 750 988 829 766 1004 830 768 1005 831 769 1006 815 753 990 814 752 989 814 752 989 830 768 1005 831 769 1006 832 770 1007 816 754 991 815 753 990 815 753 990 831 769 1006 832 770 1007 833 771 1008 817 755 992 816 754 991 816 754 991 832 770 1007 833 771 1008 834 772 1009 818 756 993 817 755 992 817 755 992 833 771 1008 834 772 1009 835 773 1010 819 757 994 818 756 993 818 756 993 834 772 1009 835 773 1010 836 774 1011 820 758 995 819 757 1021 819 757 1021 835 773 1022 836 774 1011 837 775 1012 821 759 996 820 758 995 820 758 995 836 774 1011 837 775 1012 838 776 1013 822 760 997 821 759 996 821 759 996 837 775 1012 838 776 1013 839 777 1014 823 761 998 822 760 997 822 760 997 838 776 1013 839 777 1014 840 778 1015 824 762 999 823 761 998 823 761 998 839 777 1014 840 778 1015 841 779 1016 825 763 1000 824 762 999 824 762 999 840 778 1015 841 779 1016 842 780 1017 826 764 1001 825 763 1000 825 763 1000 841 779 1016 842 780 1017 843 781 1018 827 765 1002 826 764 1001 826 764 1001 842 780 1017 843 781 1018 828 767 1023 812 751 1024 827 765 1002 827 765 1002 843 781 1018 828 767 1023 845 782 1030 390 783 1027 855 784 1031 846 785 1032 390 783 1027 847 786 1033 884 787 1044 881 788 1045 851 789 1038 851 789 1038 850 790 1037 884 787 1044 851 789 1038 881 788 1045 870 791 1025 849 792 1034 852 793 1039 1937 794 1035 852 793 1039 853 795 1040 1937 794 2237 845 782 1030 1922 796 2219 390 783 1027 870 791 1025 844 797 1042 851 789 1038 854 798 1041 844 797 1042 870 791 1025 390 783 1027 846 785 1032 855 784 1031 853 795 1040 848 799 1043 1937 794 2238 856 800 1036 850 801 1037 868 802 1046 868 803 1046 861 804 1047 856 805 1036 853 806 1040 852 807 1039 859 808 1048 859 809 1048 860 810 1049 853 811 1040 852 812 1039 849 813 1034 858 814 1050 858 815 1050 859 816 1048 852 817 1039 848 818 1043 853 819 1040 860 820 1049 860 821 1049 857 822 1051 848 823 1043 849 824 1034 856 825 1036 861 826 1047 861 827 1047 858 828 1050 849 829 1034 854 830 1041 845 831 1030 863 832 1052 863 833 1052 866 834 1053 854 835 1041 855 836 1031 846 837 1032 864 838 1054 864 839 1054 867 840 1055 855 841 1031 846 842 1032 847 843 1033 865 844 1056 865 845 1056 864 846 1054 846 847 1032 844 848 1042 854 849 1041 866 850 1053 866 851 1053 862 852 1057 844 853 1042 845 854 1030 855 855 1031 867 856 1055 867 857 1055 863 858 1052 845 859 1030 850 860 1037 851 861 1038 869 862 1058 869 863 1058 868 864 1059 850 865 1037 851 866 1038 844 867 1042 862 868 1060 862 869 1060 869 870 1058 851 871 1038 875 872 1066 876 873 1067 872 874 1063 877 875 1068 878 876 1069 872 874 1063 884 787 1074 883 877 1073 885 878 1076 885 878 1076 881 788 1075 884 787 1074 885 878 1076 870 791 1061 881 788 1075 879 879 1070 880 880 1071 886 881 1077 886 881 1077 880 880 1071 887 882 1078 875 872 1066 1926 883 2225 888 884 1079 870 791 1061 885 878 1076 889 885 1080 888 884 1079 870 791 1061 889 885 1080 872 874 1063 876 873 1067 877 875 1068 887 882 1078 880 880 1071 890 886 1081 882 887 1072 892 888 1083 891 889 1082 891 890 1082 883 891 1073 882 892 1072 887 893 1078 894 894 1085 893 895 1084 893 896 1084 886 897 1077 887 898 1078 886 899 1077 893 900 1084 895 901 1086 895 902 1086 879 903 1070 886 904 1077 890 905 1081 896 906 1087 894 907 1085 894 908 1085 887 909 1078 890 910 1081 879 911 1070 895 912 1086 892 913 1083 892 914 1083 882 915 1072 879 916 1070 888 917 1079 898 918 1089 897 919 1088 897 920 1088 875 921 1066 888 922 1079 876 923 1067 900 924 1091 899 925 1090 899 926 1090 877 927 1068 876 928 1067 877 929 1068 899 930 1090 901 931 1092 901 932 1092 878 933 1069 877 934 1068 889 935 1080 902 936 1093 898 937 1089 898 938 1089 888 939 1079 889 940 1080 875 941 1066 897 942 1088 900 943 1091 900 944 1091 876 945 1067 875 946 1066 883 947 1073 891 948 1095 903 949 1094 903 950 1094 885 951 1076 883 952 1073 885 953 1076 903 954 1094 902 955 1096 902 956 1096 889 957 1080 885 958 1076 213 959 29 1028 960 1226 904 961 1097 904 961 1097 969 962 1162 213 959 29 214 24 33 54 23 38 904 961 1097 1028 960 1226 214 24 33 904 961 1097 54 23 38 968 963 1161 904 961 1097 105 964 39 969 962 1162 904 961 1097 904 961 1097 968 963 1161 105 964 39 104 25 40 970 965 1163 905 966 1098 2 967 41 971 968 1164 905 966 1098 905 966 1098 970 965 1163 2 967 41 105 964 39 968 963 1161 905 966 1098 905 966 1098 971 968 1164 105 964 39 54 23 38 104 25 40 905 966 1098 968 963 1161 54 23 38 905 966 1098 46 969 42 972 970 1165 906 971 1099 906 971 1099 974 972 1167 46 969 42 106 973 43 973 974 1166 906 971 1099 906 971 1099 972 970 1165 106 973 43 55 26 44 108 30 45 906 971 1099 973 974 1166 55 26 44 906 971 1099 108 30 45 974 972 1167 906 971 1099 106 973 43 975 975 1168 907 976 1100 907 976 1100 973 974 1166 106 973 43 0 977 46 976 978 1169 907 976 1100 907 976 1100 975 975 1168 0 977 46 107 27 47 55 26 44 907 976 1100 976 978 1169 107 27 47 907 976 1100 55 26 44 973 974 1166 907 976 1100 0 977 46 977 979 1170 908 980 1101 908 980 1101 976 978 1169 0 977 46 124 981 93 978 982 1171 908 980 1101 908 980 1101 977 979 1170 124 981 93 58 45 91 107 27 47 908 980 1101 978 982 1171 58 45 91 908 980 1101 107 27 47 976 978 1169 908 980 1101 124 981 93 1027 983 1224 909 984 1102 909 984 1102 978 982 1171 124 981 93 123 46 92 58 45 91 909 984 1102 1027 983 1224 123 46 92 909 984 1102 58 45 91 978 982 1171 909 984 1102 46 969 42 986 985 1179 910 986 1103 910 986 1103 972 970 1165 46 969 42 246 987 97 987 988 1180 910 986 1103 910 986 1103 986 985 1179 246 987 97 60 989 100 988 990 1181 910 986 1103 910 986 1103 987 988 1180 60 989 100 106 973 43 972 970 1165 910 986 1103 910 986 1103 988 990 1181 106 973 43 246 987 97 1043 991 1242 911 992 1104 911 992 1104 987 988 1180 246 987 97 248 993 101 989 994 1182 911 992 1104 911 992 1104 1043 991 1242 248 993 101 167 995 102 990 996 1183 911 992 1104 911 992 1104 989 994 1182 167 995 102 60 989 100 987 988 1180 911 992 1104 911 992 1104 990 996 1183 60 989 100 31 997 103 991 998 1184 912 999 1105 912 999 1105 993 1000 1186 31 997 103 165 1001 113 992 1002 1185 912 999 1105 912 999 1105 991 998 1184 165 1001 113 60 989 100 990 996 1183 912 999 1105 912 999 1105 992 1002 1185 60 989 100 167 995 102 993 1000 1186 912 999 1105 912 999 1105 990 996 1183 167 995 102 165 1001 113 994 1003 1187 913 1004 1106 913 1004 1106 992 1002 1185 165 1001 113 0 977 46 975 975 1168 913 1004 1106 913 1004 1106 994 1003 1187 0 977 46 106 973 43 988 990 1181 913 1004 1106 913 1004 1106 975 975 1168 106 973 43 60 989 100 992 1002 1185 913 1004 1106 913 1004 1106 988 990 1181 60 989 100 0 977 46 994 1003 1187 914 1005 1107 914 1005 1107 977 979 1170 0 977 46 165 1001 113 995 1006 1188 914 1005 1107 914 1005 1107 994 1003 1187 165 1001 113 62 1007 120 996 1008 1189 914 1005 1107 914 1005 1107 995 1006 1188 62 1007 120 124 981 93 977 979 1170 914 1005 1107 914 1005 1107 996 1008 1189 124 981 93 165 1001 113 991 998 1184 915 1009 1108 915 1009 1108 995 1006 1188 165 1001 113 31 997 103 997 1010 1191 915 1009 1108 915 1009 1108 991 998 1184 31 997 103 168 1011 121 998 1012 1192 915 1009 1108 915 1009 1108 997 1010 1191 168 1011 121 62 1007 120 995 1006 1188 915 1009 1108 915 1009 1108 998 1012 1192 62 1007 120 32 1013 122 999 1014 1194 916 1015 1109 916 1015 1109 1001 1016 1196 32 1013 122 166 1017 123 1000 1018 1195 916 1015 1109 916 1015 1109 999 1014 1194 166 1017 123 62 1007 480 998 1012 1193 916 1015 1109 916 1015 1109 1000 1018 1195 62 1007 480 168 1011 481 1001 1016 1196 916 1015 1109 916 1015 1109 998 1012 1193 168 1011 481 166 1017 123 1002 1019 1197 917 1020 1110 917 1020 1110 1000 1018 1195 166 1017 123 2 967 41 979 1021 1172 917 1020 1110 917 1020 1110 1002 1019 1197 2 967 41 124 981 477 996 1008 1190 917 1020 1110 917 1020 1110 979 1021 1172 124 981 477 62 1007 480 1000 1018 1195 917 1020 1110 917 1020 1110 996 1008 1190 62 1007 480 2 967 41 1002 1019 1197 918 1022 1111 918 1022 1111 971 968 1164 2 967 41 166 1017 123 1003 1023 1198 918 1022 1111 918 1022 1111 1002 1019 1197 166 1017 123 74 1024 140 1004 1025 1199 918 1022 1111 918 1022 1111 1003 1023 1198 74 1024 140 105 964 39 971 968 1164 918 1022 1111 918 1022 1111 1004 1025 1199 105 964 39 166 1017 123 999 1014 1194 919 1026 1112 919 1026 1112 1003 1023 1198 166 1017 123 32 1013 122 1005 1027 1200 919 1026 1112 919 1026 1112 999 1014 1194 32 1013 122 169 1028 141 1006 1029 1201 919 1026 1112 919 1026 1112 1005 1027 1200 169 1028 141 74 1024 140 1003 1023 1198 919 1026 1112 919 1026 1112 1006 1029 1201 74 1024 140 48 1030 142 1063 1031 1264 920 1032 1113 920 1032 1113 1008 1033 1203 48 1030 142 326 1034 143 1007 1035 1202 920 1032 1113 920 1032 1113 1063 1031 1264 326 1034 143 74 1024 140 1006 1029 1201 920 1032 1113 920 1032 1113 1007 1035 1202 74 1024 140 169 1028 141 1008 1033 1203 920 1032 1113 920 1032 1113 1006 1029 1201 169 1028 141 326 1034 143 1066 1036 1267 921 1037 1114 921 1037 1114 1007 1035 1202 326 1034 143 213 959 29 969 962 1162 921 1037 1114 921 1037 1114 1066 1036 1267 213 959 29 105 964 39 1004 1025 1199 921 1037 1114 921 1037 1114 969 962 1162 105 964 39 74 1024 140 1007 1035 1202 921 1037 1114 921 1037 1114 1004 1025 1199 74 1024 140 248 993 101 1067 1038 1268 922 1039 1115 922 1039 1115 989 994 1182 248 993 101 349 1040 192 1009 1041 1204 922 1039 1115 922 1039 1115 1067 1038 1268 349 1040 192 83 1042 193 1010 1043 1205 922 1039 1115 922 1039 1115 1009 1041 1204 83 1042 193 167 995 102 989 994 1182 922 1039 1115 922 1039 1115 1010 1043 1205 167 995 102 349 1040 192 1070 1044 1271 923 1045 1116 923 1045 1116 1009 1041 1204 349 1040 192 351 1046 194 985 1047 1178 923 1045 1116 923 1045 1116 1070 1044 1271 351 1046 194 119 1048 195 1011 1049 1206 923 1045 1116 923 1045 1116 985 1047 1178 119 1048 195 83 1042 193 1009 1041 1204 923 1045 1116 923 1045 1116 1011 1049 1206 83 1042 193 10 1050 196 1012 1051 1207 924 1052 1117 924 1052 1117 983 1053 1176 10 1050 196 163 1054 197 1013 1055 1208 924 1052 1117 924 1052 1117 1012 1051 1207 163 1054 197 83 1042 193 1011 1049 1206 924 1052 1117 924 1052 1117 1013 1055 1208 83 1042 193 119 1048 195 983 1053 1176 924 1052 1117 924 1052 1117 1011 1049 1206 119 1048 195 163 1054 197 1014 1056 1209 925 1057 1118 925 1057 1118 1013 1055 1208 163 1054 197 31 997 103 993 1000 1186 925 1057 1118 925 1057 1118 1014 1056 1209 31 997 103 167 995 102 1010 1043 1205 925 1057 1118 925 1057 1118 993 1000 1186 167 995 102 83 1042 193 1013 1055 1208 925 1057 1118 925 1057 1118 1010 1043 1205 83 1042 193 31 997 103 1014 1056 1209 926 1058 1119 926 1058 1119 997 1010 1191 31 997 103 163 1054 197 1015 1059 1210 926 1058 1119 926 1058 1119 1014 1056 1209 163 1054 197 84 1060 198 1016 1061 1211 926 1058 1119 926 1058 1119 1015 1059 1210 84 1060 198 168 1011 121 997 1010 1191 926 1058 1119 926 1058 1119 1016 1061 1211 168 1011 121 163 1054 197 1012 1051 1207 927 1062 1120 927 1062 1120 1015 1059 1210 163 1054 197 10 1050 196 984 1063 1177 927 1062 1120 927 1062 1120 1012 1051 1207 10 1050 196 118 1064 199 1017 1065 1213 927 1062 1120 927 1062 1120 984 1063 1177 118 1064 199 84 1060 198 1015 1059 1210 927 1062 1120 927 1062 1120 1017 1065 1213 84 1060 198 11 1066 217 1018 1067 1215 928 1068 1121 928 1068 1121 982 1069 1175 11 1066 217 164 1070 219 1019 1071 1216 928 1068 1121 928 1068 1121 1018 1067 1215 164 1070 219 84 1060 482 1017 1065 1214 928 1068 1121 928 1068 1121 1019 1071 1216 84 1060 482 118 1064 483 982 1069 1175 928 1068 1121 928 1068 1121 1017 1065 1214 118 1064 483 164 1070 219 1020 1072 1217 929 1073 1122 929 1073 1122 1019 1071 1216 164 1070 219 32 1013 122 1001 1016 1196 929 1073 1122 929 1073 1122 1020 1072 1217 32 1013 122 168 1011 481 1016 1061 1212 929 1073 1122 929 1073 1122 1001 1016 1196 168 1011 481 84 1060 482 1019 1071 1216 929 1073 1122 929 1073 1122 1016 1061 1212 84 1060 482 32 1013 122 1020 1072 1217 930 1074 1123 930 1074 1123 1005 1027 1200 32 1013 122 164 1070 219 1021 1075 1218 930 1074 1123 930 1074 1123 1020 1072 1217 164 1070 219 85 1076 224 1022 1077 1219 930 1074 1123 930 1074 1123 1021 1075 1218 85 1076 224 169 1028 141 1005 1027 1200 930 1074 1123 930 1074 1123 1022 1077 1219 169 1028 141 164 1070 219 1018 1067 1215 931 1078 1124 931 1078 1124 1021 1075 1218 164 1070 219 11 1066 217 981 1079 1174 931 1078 1124 931 1078 1124 1018 1067 1215 11 1066 217 117 1080 225 1023 1081 1220 931 1078 1124 931 1078 1124 981 1079 1174 117 1080 225 85 1076 224 1021 1075 1218 931 1078 1124 931 1078 1124 1023 1081 1220 85 1076 224 12 1082 226 1024 1083 1221 932 1084 1125 932 1084 1125 980 1085 1173 12 1082 226 361 1086 227 1025 1087 1222 932 1084 1125 932 1084 1125 1024 1083 1221 361 1086 227 85 1076 224 1023 1081 1220 932 1084 1125 932 1084 1125 1025 1087 1222 85 1076 224 117 1080 225 980 1085 1173 932 1084 1125 932 1084 1125 1023 1081 1220 117 1080 225 361 1086 227 1026 1088 1223 933 1089 1126 933 1089 1126 1025 1087 1222 361 1086 227 48 1030 142 1008 1033 1203 933 1089 1126 933 1089 1126 1026 1088 1223 48 1030 142 169 1028 141 1022 1077 1219 933 1089 1126 933 1089 1126 1008 1033 1203 169 1028 141 85 1076 224 1025 1087 1222 933 1089 1126 933 1089 1126 1022 1077 1219 85 1076 224 46 969 42 974 972 1167 934 1090 1127 934 1090 1127 1091 1091 1294 46 969 42 108 30 45 86 154 228 934 1090 1127 974 972 1167 108 30 45 934 1090 1127 363 155 229 1091 1091 1294 934 1090 1127 934 1090 1127 86 154 228 363 155 229 192 56 117 123 46 476 935 1092 1128 123 46 476 1027 983 1225 935 1092 1128 124 981 477 979 1021 1172 935 1092 1128 935 1092 1128 1027 983 1225 124 981 477 2 967 41 970 965 1163 935 1092 1128 935 1092 1128 979 1021 1172 2 967 41 104 25 40 192 56 117 935 1092 1128 970 965 1163 104 25 40 935 1092 1128 213 959 29 1030 1093 1228 936 1094 1129 936 1094 1129 1028 960 1226 213 959 29 216 1095 248 1029 1096 1227 936 1094 1129 936 1094 1129 1030 1093 1228 216 1095 248 215 207 249 214 24 33 936 1094 1129 1029 1096 1227 215 207 249 936 1094 1129 214 24 33 1028 960 1226 936 1094 1129 217 208 250 215 207 249 937 1097 1130 1031 1098 1229 217 208 250 937 1097 1130 215 207 249 1029 1096 1227 937 1097 1130 216 1095 248 1032 1099 1230 937 1097 1130 937 1097 1130 1029 1096 1227 216 1095 248 218 1100 255 1031 1098 1229 937 1097 1130 937 1097 1130 1032 1099 1230 218 1100 255 46 969 42 1035 1101 1233 938 1102 1131 938 1102 1131 1033 1103 1231 46 969 42 221 213 257 220 209 260 938 1102 1131 1035 1101 1233 221 213 257 938 1102 1131 220 209 260 1034 1104 1232 938 1102 1131 219 1105 261 1033 1103 1231 938 1102 1131 938 1102 1131 1034 1104 1232 219 1105 261 219 1105 261 1034 1104 1232 939 1106 1132 939 1106 1132 1036 1107 1234 219 1105 261 220 209 260 223 212 262 939 1106 1132 1034 1104 1232 220 209 260 939 1106 1132 223 212 262 1037 1108 1235 939 1106 1132 222 1109 263 1036 1107 1234 939 1106 1132 939 1106 1132 1037 1108 1235 222 1109 263 222 1109 263 1037 1108 1235 940 1110 1133 940 1110 1133 1038 1111 1236 222 1109 263 223 212 262 240 223 277 940 1110 1133 1037 1108 1235 223 212 262 940 1110 1133 240 223 277 1039 1112 1237 940 1110 1133 242 1113 279 1038 1111 1236 940 1110 1133 940 1110 1133 1039 1112 1237 242 1113 279 242 1113 279 1039 1112 1237 941 1114 1134 941 1114 1134 1040 1115 1238 242 1113 279 240 223 277 241 226 275 941 1114 1134 1039 1112 1237 240 223 277 941 1114 1134 241 226 275 1040 1115 1238 941 1114 1134 46 969 42 1033 1103 1231 942 1116 1135 942 1116 1135 986 985 1179 46 969 42 219 1105 261 1042 1117 1241 942 1116 1135 942 1116 1135 1033 1103 1231 219 1105 261 247 1118 283 1041 1119 1240 942 1116 1135 942 1116 1135 1042 1117 1241 247 1118 283 246 987 97 986 985 1179 942 1116 1135 942 1116 1135 1041 1119 1240 246 987 97 246 987 97 1041 1119 1240 943 1120 1136 943 1120 1136 1043 991 1242 246 987 97 247 1118 283 1045 1121 1244 943 1120 1136 943 1120 1136 1041 1119 1240 247 1118 283 249 1122 284 1044 1123 1243 943 1120 1136 943 1120 1136 1045 1121 1244 249 1122 284 248 993 101 1043 991 1242 943 1120 1136 943 1120 1136 1044 1123 1243 248 993 101 250 1124 285 1048 1125 1247 944 1126 1137 944 1126 1137 1046 1127 1245 250 1124 285 249 1122 284 1045 1121 1244 944 1126 1137 944 1126 1137 1048 1125 1247 249 1122 284 247 1118 283 1047 1128 1246 944 1126 1137 944 1126 1137 1045 1121 1244 247 1118 283 251 1129 286 1046 1127 1245 944 1126 1137 944 1126 1137 1047 1128 1246 251 1129 286 251 1129 286 1047 1128 1246 945 1130 1138 945 1130 1138 1049 1131 1248 251 1129 286 247 1118 283 1042 1117 1241 945 1130 1138 945 1130 1138 1047 1128 1246 247 1118 283 219 1105 261 1036 1107 1234 945 1130 1138 945 1130 1138 1042 1117 1241 219 1105 261 222 1109 263 1049 1131 1248 945 1130 1138 945 1130 1138 1036 1107 1234 222 1109 263 222 1109 263 1038 1111 1236 946 1132 1139 946 1132 1139 1049 1131 1248 222 1109 263 242 1113 279 1051 1133 1250 946 1132 1139 946 1132 1139 1038 1111 1236 242 1113 279 257 1134 291 1050 1135 1249 946 1132 1139 946 1132 1139 1051 1133 1250 257 1134 291 251 1129 286 1049 1131 1248 946 1132 1139 946 1132 1139 1050 1135 1249 251 1129 286 251 1129 286 1050 1135 1249 947 1136 1140 947 1136 1140 1046 1127 1245 251 1129 286 257 1134 291 1053 1137 1253 947 1136 1140 947 1136 1140 1050 1135 1249 257 1134 291 258 1138 292 1052 1139 1252 947 1136 1140 947 1136 1140 1053 1137 1253 258 1138 292 250 1124 285 1046 1127 1245 947 1136 1140 947 1136 1140 1052 1139 1252 250 1124 285 259 1140 293 1056 1141 1257 948 1142 1141 948 1142 1141 1054 1143 1255 259 1140 293 258 1138 491 1053 1137 1254 948 1142 1141 948 1142 1141 1056 1141 1257 258 1138 491 257 1134 490 1055 1144 1256 948 1142 1141 948 1142 1141 1053 1137 1254 257 1134 490 260 1145 294 1054 1143 1255 948 1142 1141 948 1142 1141 1055 1144 1256 260 1145 294 260 1145 294 1055 1144 1256 949 1146 1142 949 1146 1142 1057 1147 1258 260 1145 294 257 1134 490 1051 1133 1251 949 1146 1142 949 1146 1142 1055 1144 1256 257 1134 490 242 1113 487 1058 1148 1259 949 1146 1142 949 1146 1142 1051 1133 1251 242 1113 487 218 1100 255 1057 1147 1258 949 1146 1142 949 1146 1142 1058 1148 1259 218 1100 255 218 1100 255 1032 1099 1230 950 1149 1143 950 1149 1143 1057 1147 1258 218 1100 255 216 1095 248 1060 1150 1261 950 1149 1143 950 1149 1143 1032 1099 1230 216 1095 248 324 1151 309 1059 1152 1260 950 1149 1143 950 1149 1143 1060 1150 1261 324 1151 309 260 1145 294 1057 1147 1258 950 1149 1143 950 1149 1143 1059 1152 1260 260 1145 294 260 1145 294 1059 1152 1260 951 1153 1144 951 1153 1144 1054 1143 1255 260 1145 294 324 1151 309 1062 1154 1263 951 1153 1144 951 1153 1144 1059 1152 1260 324 1151 309 325 1155 316 1061 1156 1262 951 1153 1144 951 1153 1144 1062 1154 1263 325 1155 316 259 1140 293 1054 1143 1255 951 1153 1144 951 1153 1144 1061 1156 1262 259 1140 293 48 1030 142 1065 1157 1266 952 1158 1145 952 1158 1145 1063 1031 1264 48 1030 142 325 1155 316 1062 1154 1263 952 1158 1145 952 1158 1145 1065 1157 1266 325 1155 316 324 1151 309 1064 1159 1265 952 1158 1145 952 1158 1145 1062 1154 1263 324 1151 309 326 1034 143 1063 1031 1264 952 1158 1145 952 1158 1145 1064 1159 1265 326 1034 143 326 1034 143 1064 1159 1265 953 1160 1146 953 1160 1146 1066 1036 1267 326 1034 143 324 1151 309 1060 1150 1261 953 1160 1146 953 1160 1146 1064 1159 1265 324 1151 309 216 1095 248 1030 1093 1228 953 1160 1146 953 1160 1146 1060 1150 1261 216 1095 248 213 959 29 1066 1036 1267 953 1160 1146 953 1160 1146 1030 1093 1228 213 959 29 248 993 101 1044 1123 1243 954 1161 1147 954 1161 1147 1067 1038 1268 248 993 101 249 1122 284 1069 1162 1270 954 1161 1147 954 1161 1147 1044 1123 1243 249 1122 284 350 1163 338 1068 1164 1269 954 1161 1147 954 1161 1147 1069 1162 1270 350 1163 338 349 1040 192 1067 1038 1268 954 1161 1147 954 1161 1147 1068 1164 1269 349 1040 192 349 1040 192 1068 1164 1269 955 1165 1148 955 1165 1148 1070 1044 1271 349 1040 192 350 1163 338 1072 1166 1273 955 1165 1148 955 1165 1148 1068 1164 1269 350 1163 338 352 1167 339 1071 1168 1272 955 1165 1148 955 1165 1148 1072 1166 1273 352 1167 339 351 1046 194 1070 1044 1271 955 1165 1148 955 1165 1148 1071 1168 1272 351 1046 194 353 1169 391 1075 1170 1276 956 1171 1149 956 1171 1149 1073 1172 1274 353 1169 391 352 1167 339 1072 1166 1273 956 1171 1149 956 1171 1149 1075 1170 1276 352 1167 339 350 1163 338 1074 1173 1275 956 1171 1149 956 1171 1149 1072 1166 1273 350 1163 338 354 1174 392 1073 1172 1274 956 1171 1149 956 1171 1149 1074 1173 1275 354 1174 392 354 1174 392 1074 1173 1275 957 1175 1150 957 1175 1150 1076 1176 1277 354 1174 392 350 1163 338 1069 1162 1270 957 1175 1150 957 1175 1150 1074 1173 1275 350 1163 338 249 1122 284 1048 1125 1247 957 1175 1150 957 1175 1150 1069 1162 1270 249 1122 284 250 1124 285 1076 1176 1277 957 1175 1150 957 1175 1150 1048 1125 1247 250 1124 285 250 1124 285 1052 1139 1252 958 1177 1151 958 1177 1151 1076 1176 1277 250 1124 285 258 1138 292 1078 1178 1279 958 1177 1151 958 1177 1151 1052 1139 1252 258 1138 292 355 1179 393 1077 1180 1278 958 1177 1151 958 1177 1151 1078 1178 1279 355 1179 393 354 1174 392 1076 1176 1277 958 1177 1151 958 1177 1151 1077 1180 1278 354 1174 392 354 1174 392 1077 1180 1278 959 1181 1152 959 1181 1152 1073 1172 1274 354 1174 392 355 1179 393 1080 1182 1282 959 1181 1152 959 1181 1152 1077 1180 1278 355 1179 393 356 1183 394 1079 1184 1281 959 1181 1152 959 1181 1152 1080 1182 1282 356 1183 394 353 1169 391 1073 1172 1274 959 1181 1152 959 1181 1152 1079 1184 1281 353 1169 391 357 1185 395 1083 1186 1286 960 1187 1153 960 1187 1153 1081 1188 1284 357 1185 395 356 1183 493 1080 1182 1283 960 1187 1153 960 1187 1153 1083 1186 1286 356 1183 493 355 1179 492 1082 1189 1285 960 1187 1153 960 1187 1153 1080 1182 1283 355 1179 492 358 1190 396 1081 1188 1284 960 1187 1153 960 1187 1153 1082 1189 1285 358 1190 396 358 1190 396 1082 1189 1285 961 1191 1154 961 1191 1154 1084 1192 1287 358 1190 396 355 1179 492 1078 1178 1280 961 1191 1154 961 1191 1154 1082 1189 1285 355 1179 492 258 1138 491 1056 1141 1257 961 1191 1154 961 1191 1154 1078 1178 1280 258 1138 491 259 1140 293 1084 1192 1287 961 1191 1154 961 1191 1154 1056 1141 1257 259 1140 293 259 1140 293 1061 1156 1262 962 1193 1155 962 1193 1155 1084 1192 1287 259 1140 293 325 1155 316 1086 1194 1289 962 1193 1155 962 1193 1155 1061 1156 1262 325 1155 316 359 1195 397 1085 1196 1288 962 1193 1155 962 1193 1155 1086 1194 1289 359 1195 397 358 1190 396 1084 1192 1287 962 1193 1155 962 1193 1155 1085 1196 1288 358 1190 396 358 1190 396 1085 1196 1288 963 1197 1156 963 1197 1156 1081 1188 1284 358 1190 396 359 1195 397 1088 1198 1291 963 1197 1156 963 1197 1156 1085 1196 1288 359 1195 397 360 1199 398 1087 1200 1290 963 1197 1156 963 1197 1156 1088 1198 1291 360 1199 398 357 1185 395 1081 1188 1284 963 1197 1156 963 1197 1156 1087 1200 1290 357 1185 395 12 1082 226 1090 1201 1293 964 1202 1157 964 1202 1157 1024 1083 1221 12 1082 226 360 1199 398 1088 1198 1291 964 1202 1157 964 1202 1157 1090 1201 1293 360 1199 398 359 1195 397 1089 1203 1292 964 1202 1157 964 1202 1157 1088 1198 1291 359 1195 397 361 1086 227 1024 1083 1221 964 1202 1157 964 1202 1157 1089 1203 1292 361 1086 227 361 1086 227 1089 1203 1292 965 1204 1158 965 1204 1158 1026 1088 1223 361 1086 227 359 1195 397 1086 1194 1289 965 1204 1158 965 1204 1158 1089 1203 1292 359 1195 397 325 1155 316 1065 1157 1266 965 1204 1158 965 1204 1158 1086 1194 1289 325 1155 316 48 1030 142 1026 1088 1223 965 1204 1158 965 1204 1158 1065 1157 1266 48 1030 142 46 969 42 1091 1091 1294 966 1205 1159 966 1205 1159 1035 1101 1233 46 969 42 966 1205 1159 1091 1091 1294 363 155 229 363 155 229 362 327 399 966 1205 1159 362 327 399 221 213 257 966 1205 1159 221 213 257 1035 1101 1233 966 1205 1159 256 233 289 217 208 250 967 1206 1160 217 208 250 1031 1098 1229 967 1206 1160 218 1100 255 1058 1148 1259 967 1206 1160 967 1206 1160 1031 1098 1229 218 1100 255 242 1113 487 1040 1115 1239 967 1206 1160 967 1206 1160 1058 1148 1259 242 1113 487 241 226 486 256 233 289 967 1206 1160 1040 1115 1239 241 226 486 967 1206 1160 1094 1207 1295 392 1208 502 1095 1209 1296 1095 1210 1296 1364 1211 1598 1094 1212 1295 1095 1213 1296 391 1214 504 1096 1215 1297 1096 1216 1297 1364 1217 1598 1095 1218 1296 1096 1219 1297 388 1220 500 1094 1221 1295 1094 1222 1295 1364 1223 1598 1096 1224 1297 1096 1225 1297 391 1226 504 1097 1227 1298 1097 1228 1298 1365 1229 1599 1096 1230 1297 1097 1231 1298 390 1232 505 1098 1233 1300 1098 1234 1300 1365 1235 1599 1097 1236 1298 1098 1237 1300 388 1238 500 1096 1239 1297 1096 1240 1297 1365 1241 1599 1098 1242 1300 1097 1243 1299 391 1244 503 1099 1245 1301 1099 1245 1301 1366 1246 1600 1097 1243 1299 1099 1245 1301 396 1247 507 1100 1248 1302 1100 1248 1302 1366 1246 1600 1099 1245 1301 1100 1248 1302 390 1249 501 1097 1243 1299 1097 1243 1299 1366 1246 1600 1100 1248 1302 1925 1250 1303 874 1251 506 1101 1252 1304 1101 1253 1304 1367 1254 1601 1925 1255 1303 1101 1256 1304 392 1257 502 1094 1258 1295 1094 1259 1295 1367 1260 1601 1101 1261 1304 1094 1262 1295 388 1263 500 1925 1264 1303 1925 1265 1303 1367 1266 1601 1094 1267 1295 1102 1268 1305 394 1269 509 1103 1270 1306 1103 1270 1306 1368 1271 1602 1102 1268 1305 1103 1270 1306 397 1272 510 1104 1273 1307 1104 1273 1307 1368 1271 1602 1103 1270 1306 1104 1273 1307 393 1274 508 1102 1268 1305 1102 1268 1305 1368 1271 1602 1104 1273 1307 1105 1275 1308 398 1276 511 1106 1277 1309 1106 1277 1309 1369 1278 1603 1105 1275 1308 1106 1277 1309 390 1249 501 1100 1248 1302 1100 1248 1302 1369 1278 1603 1106 1277 1309 1100 1248 1302 396 1247 507 1105 1275 1308 1105 1275 1308 1369 1278 1603 1100 1248 1302 1107 1279 1310 398 1276 511 1108 1280 1311 1108 1280 1311 1370 1281 1604 1107 1279 1310 1108 1280 1311 401 1282 512 1109 1283 1312 1109 1283 1312 1370 1281 1604 1108 1280 1311 1109 1283 1312 407 1284 513 1110 1285 1313 1110 1285 1313 1370 1281 1604 1109 1283 1312 1110 1285 1313 397 1272 510 1107 1279 1310 1107 1279 1310 1370 1281 1604 1110 1285 1313 1111 1286 1314 400 1287 514 1112 1288 1315 1112 1288 1315 1371 1289 1605 1111 1286 1314 1112 1288 1315 401 1282 512 1108 1280 1311 1108 1280 1311 1371 1289 1605 1112 1288 1315 1108 1280 1311 398 1276 511 1105 1275 1308 1105 1275 1308 1371 1289 1605 1108 1280 1311 1105 1275 1308 396 1247 507 1111 1286 1314 1111 1286 1314 1371 1289 1605 1105 1275 1308 1113 1290 1316 399 1291 620 1114 1292 1317 1114 1292 1317 1372 1293 1606 1113 1290 1316 1114 1292 1317 402 1294 516 1115 1295 1319 1115 1295 1319 1372 1293 1606 1114 1292 1317 1115 1295 1319 400 1287 514 1111 1286 1314 1111 1286 1314 1372 1293 1606 1115 1295 1319 1111 1286 1314 396 1247 507 1113 1290 1316 1113 1290 1316 1372 1293 1606 1111 1286 1314 1110 1285 1313 407 1284 513 1116 1296 1320 1116 1296 1320 1373 1297 1607 1110 1285 1313 1116 1296 1320 402 1294 621 1114 1292 1318 1114 1292 1318 1373 1297 1607 1116 1296 1320 1114 1292 1318 399 1291 515 1117 1298 1321 1117 1298 1321 1373 1297 1607 1114 1292 1318 1117 1298 1321 397 1272 510 1110 1285 1313 1110 1285 1313 1373 1297 1607 1117 1298 1321 1118 1299 1322 403 1300 517 1119 1301 1323 1119 1301 1323 1374 1302 1608 1118 1299 1322 1119 1301 1323 405 1303 518 1120 1304 1324 1120 1304 1324 1374 1302 1608 1119 1301 1323 1120 1304 1324 401 1282 512 1112 1288 1315 1112 1288 1315 1374 1302 1608 1120 1304 1324 1112 1288 1315 400 1287 514 1118 1299 1322 1118 1299 1322 1374 1302 1608 1112 1288 1315 1115 1295 1319 402 1294 516 1121 1305 1325 1121 1305 1325 1375 1306 1609 1115 1295 1319 1121 1305 1325 404 1307 519 1122 1308 1327 1122 1308 1327 1375 1306 1609 1121 1305 1325 1122 1308 1327 403 1300 517 1118 1299 1322 1118 1299 1322 1375 1306 1609 1122 1308 1327 1118 1299 1322 400 1287 514 1115 1295 1319 1115 1295 1319 1375 1306 1609 1118 1299 1322 1109 1283 1312 401 1282 512 1120 1304 1324 1120 1304 1324 1376 1309 1610 1109 1283 1312 1120 1304 1324 405 1303 518 1123 1310 1328 1123 1310 1328 1376 1309 1610 1120 1304 1324 1123 1310 1328 407 1284 513 1109 1283 1312 1109 1283 1312 1376 1309 1610 1123 1310 1328 1124 1311 1329 404 1307 622 1121 1305 1326 1121 1305 1326 1377 1312 1611 1124 1311 1329 1121 1305 1326 402 1294 621 1116 1296 1320 1116 1296 1320 1377 1312 1611 1121 1305 1326 1116 1296 1320 407 1284 513 1124 1311 1329 1124 1311 1329 1377 1312 1611 1116 1296 1320 1125 1313 1330 406 1314 520 1126 1315 1331 1126 1315 1331 1378 1316 1612 1125 1313 1330 1126 1315 1331 404 1307 622 1124 1311 1329 1124 1311 1329 1378 1316 1612 1126 1315 1331 1124 1311 1329 407 1284 513 1125 1313 1330 1125 1313 1330 1378 1316 1612 1124 1311 1329 1127 1317 1333 406 1314 520 1128 1318 1334 1128 1318 1334 1379 1319 1613 1127 1317 1333 1128 1318 1334 405 1303 518 1129 1320 1335 1129 1320 1335 1379 1319 1613 1128 1318 1334 1129 1320 1335 408 1321 521 1127 1317 1333 1127 1317 1333 1379 1319 1613 1129 1320 1335 1130 1322 1336 404 1307 519 1126 1315 1332 1126 1315 1332 1380 1323 1614 1130 1322 1336 1126 1315 1332 406 1314 520 1127 1317 1333 1127 1317 1333 1380 1323 1614 1126 1315 1332 1127 1317 1333 408 1321 521 1130 1322 1336 1130 1322 1336 1380 1323 1614 1127 1317 1333 1123 1310 1328 405 1303 518 1128 1318 1334 1128 1318 1334 1381 1324 1615 1123 1310 1328 1128 1318 1334 406 1314 520 1125 1313 1330 1125 1313 1330 1381 1324 1615 1128 1318 1334 1125 1313 1330 407 1284 513 1123 1310 1328 1123 1310 1328 1381 1324 1615 1125 1313 1330 1122 1308 1327 404 1307 519 1130 1322 1336 1130 1322 1336 1382 1325 1616 1122 1308 1327 1130 1322 1336 408 1321 521 1131 1326 1337 1131 1326 1337 1382 1325 1616 1130 1322 1336 1131 1326 1337 403 1300 517 1122 1308 1327 1122 1308 1327 1382 1325 1616 1131 1326 1337 1131 1326 1337 408 1321 521 1129 1320 1335 1129 1320 1335 1383 1327 1617 1131 1326 1337 1129 1320 1335 405 1303 518 1119 1301 1323 1119 1301 1323 1383 1327 1617 1129 1320 1335 1119 1301 1323 403 1300 517 1131 1326 1337 1131 1326 1337 1383 1327 1617 1119 1301 1323 1117 1298 1321 399 1291 515 1132 1328 1338 1132 1328 1338 1384 1329 1618 1117 1298 1321 1132 1328 1338 393 1274 508 1104 1273 1307 1104 1273 1307 1384 1329 1618 1132 1328 1338 1104 1273 1307 397 1272 510 1117 1298 1321 1117 1298 1321 1384 1329 1618 1104 1273 1307 1133 1330 1339 394 1269 509 1134 1331 1340 1134 1331 1340 1385 1332 1619 1133 1330 1339 1134 1331 1340 1092 1333 522 1135 1334 1341 1135 1334 1341 1385 1332 1619 1134 1331 1340 1135 1334 1341 389 1335 527 1136 1336 1342 1136 1336 1342 1385 1332 1619 1135 1334 1341 1136 1336 1342 390 1249 501 1133 1330 1339 1133 1330 1339 1385 1332 1619 1136 1336 1342 1137 1337 1343 423 1338 529 1138 1339 1344 1138 1339 1344 1386 1340 1620 1137 1337 1343 1138 1339 1344 1092 1333 522 1139 1341 1345 1139 1341 1345 1386 1340 1620 1138 1339 1344 1139 1341 1345 393 1274 508 1137 1337 1343 1137 1337 1343 1386 1340 1620 1139 1341 1345 1139 1341 1345 1092 1333 522 1134 1331 1340 1134 1331 1340 1387 1342 1621 1139 1341 1345 1134 1331 1340 394 1269 509 1102 1268 1305 1102 1268 1305 1387 1342 1621 1134 1331 1340 1102 1268 1305 393 1274 508 1139 1341 1345 1139 1341 1345 1387 1342 1621 1102 1268 1305 1140 1343 1346 426 1344 532 1141 1345 1347 1141 1345 1347 1388 1346 1622 1140 1343 1346 1141 1345 1347 409 1347 533 1142 1348 1348 1142 1348 1348 1388 1346 1622 1141 1345 1347 1142 1348 1348 395 1349 531 1140 1343 1346 1140 1343 1346 1388 1346 1622 1142 1348 1348 1106 1277 1309 398 1276 511 1143 1350 1350 1143 1350 1350 1389 1351 1623 1106 1277 1309 1143 1350 1350 394 1269 509 1133 1330 1339 1133 1330 1339 1389 1351 1623 1143 1350 1350 1133 1330 1339 390 1249 501 1106 1277 1309 1106 1277 1309 1389 1351 1623 1133 1330 1339 1144 1352 1351 395 1349 580 1142 1348 1349 1142 1348 1349 1390 1353 1624 1144 1352 1351 1142 1348 1349 409 1347 807 1145 1354 1353 1145 1354 1353 1390 1353 1624 1142 1348 1349 1145 1354 1353 633 1355 808 1146 1356 1354 1146 1356 1354 1390 1353 1624 1145 1354 1353 1146 1356 1354 1092 1333 579 1144 1352 1351 1144 1352 1351 1390 1353 1624 1146 1356 1354 1144 1352 1352 1092 1333 522 1138 1339 1344 1138 1339 1344 1391 1357 1625 1144 1352 1352 1138 1339 1344 423 1338 529 1147 1358 1355 1147 1358 1355 1391 1357 1625 1138 1339 1344 1147 1358 1355 395 1349 531 1144 1352 1352 1144 1352 1352 1391 1357 1625 1147 1358 1355 1103 1270 1306 394 1269 509 1143 1350 1350 1143 1350 1350 1392 1359 1626 1103 1270 1306 1143 1350 1350 398 1276 511 1107 1279 1310 1107 1279 1310 1392 1359 1626 1143 1350 1350 1107 1279 1310 397 1272 510 1103 1270 1306 1103 1270 1306 1392 1359 1626 1107 1279 1310 1132 1328 1338 399 1291 515 1148 1360 1356 1148 1360 1356 1393 1361 1627 1132 1328 1338 1148 1360 1356 391 1244 619 1149 1362 1358 1149 1362 1358 1393 1361 1627 1148 1360 1356 1149 1362 1358 393 1274 508 1132 1328 1338 1132 1328 1338 1393 1361 1627 1149 1362 1358 1099 1245 1301 391 1244 503 1148 1360 1357 1148 1360 1357 1394 1363 1628 1099 1245 1301 1148 1360 1357 399 1291 620 1113 1290 1316 1113 1290 1316 1394 1363 1628 1148 1360 1357 1113 1290 1316 396 1247 507 1099 1245 1301 1099 1245 1301 1394 1363 1628 1113 1290 1316 1150 1364 1359 415 1365 536 1151 1366 1360 1151 1366 1360 1395 1367 1629 1150 1364 1359 1151 1366 1360 413 1368 537 1152 1369 1361 1152 1369 1361 1395 1367 1629 1151 1366 1360 1152 1369 1361 417 1370 534 1150 1364 1359 1150 1364 1359 1395 1367 1629 1152 1369 1361 1153 1371 1362 416 1372 538 1154 1373 1363 1154 1373 1363 1396 1374 1630 1153 1371 1362 1154 1373 1363 420 1375 623 1155 1376 1364 1155 1376 1364 1396 1374 1630 1154 1373 1363 1155 1376 1364 415 1365 536 1153 1371 1362 1153 1371 1362 1396 1374 1630 1155 1376 1364 1156 1377 1365 421 1378 541 1157 1379 1366 1157 1379 1366 1397 1380 1631 1156 1377 1365 1157 1379 1366 420 1375 539 1158 1381 1367 1158 1381 1367 1397 1380 1631 1157 1379 1366 1158 1381 1367 414 1382 540 1156 1377 1365 1156 1377 1365 1397 1380 1631 1158 1381 1367 1156 1377 1365 414 1382 540 1159 1383 1369 1159 1383 1369 1398 1384 1632 1156 1377 1365 1159 1383 1369 413 1368 537 1160 1385 1370 1160 1385 1370 1398 1384 1632 1159 1383 1369 1160 1385 1370 421 1378 541 1156 1377 1365 1156 1377 1365 1398 1384 1632 1160 1385 1370 1158 1381 1368 420 1375 623 1154 1373 1363 1154 1373 1363 1399 1386 1633 1158 1381 1368 1154 1373 1363 416 1372 538 1161 1387 1371 1161 1387 1371 1399 1386 1633 1154 1373 1363 1161 1387 1371 414 1382 624 1158 1381 1368 1158 1381 1368 1399 1386 1633 1161 1387 1371 1162 1388 1372 412 1389 542 1163 1390 1373 1163 1390 1373 1400 1391 1634 1162 1388 1372 1163 1390 1373 421 1378 541 1164 1392 1374 1164 1392 1374 1400 1391 1634 1163 1390 1373 1164 1392 1374 415 1365 536 1162 1388 1372 1162 1388 1372 1400 1391 1634 1164 1392 1374 1153 1371 1362 415 1365 536 1150 1364 1359 1150 1364 1359 1401 1393 1635 1153 1371 1362 1150 1364 1359 417 1370 534 1165 1394 1375 1165 1394 1375 1401 1393 1635 1150 1364 1359 1165 1394 1375 416 1372 538 1153 1371 1362 1153 1371 1362 1401 1393 1635 1165 1394 1375 1166 1395 1376 431 1396 544 1167 1397 1377 1167 1397 1377 1402 1398 1636 1166 1395 1376 1167 1397 1377 442 1399 545 1168 1400 1378 1168 1400 1378 1402 1398 1636 1167 1397 1377 1168 1400 1378 411 1401 543 1166 1395 1376 1166 1395 1376 1402 1398 1636 1168 1400 1378 1169 1402 1379 419 1403 546 1170 1404 1380 1170 1404 1380 1403 1405 1637 1169 1402 1379 1170 1404 1380 416 1372 538 1171 1406 1381 1171 1406 1381 1403 1405 1637 1170 1404 1380 1171 1406 1381 431 1396 544 1169 1402 1379 1169 1402 1379 1403 1405 1637 1171 1406 1381 1172 1407 1382 431 1396 544 1166 1395 1376 1166 1395 1376 1404 1408 1638 1172 1407 1382 1166 1395 1376 411 1401 543 1173 1409 1383 1173 1409 1383 1404 1408 1638 1166 1395 1376 1173 1409 1383 410 1410 547 1172 1407 1382 1172 1407 1382 1404 1408 1638 1173 1409 1383 1157 1379 1366 421 1378 541 1174 1411 1384 1174 1411 1384 1405 1412 1639 1157 1379 1366 1174 1411 1384 422 1413 548 1175 1414 1385 1175 1414 1385 1405 1412 1639 1174 1411 1384 1175 1414 1385 420 1375 539 1157 1379 1366 1157 1379 1366 1405 1412 1639 1175 1414 1385 1176 1415 1387 420 1375 623 1175 1414 1386 1175 1414 1386 1406 1416 1640 1176 1415 1387 1175 1414 1386 422 1413 548 1177 1417 1388 1177 1417 1388 1406 1416 1640 1175 1414 1386 1177 1417 1388 412 1389 542 1176 1415 1387 1176 1415 1387 1406 1416 1640 1177 1417 1388 1177 1417 1388 422 1413 548 1174 1411 1384 1174 1411 1384 1407 1418 1641 1177 1417 1388 1174 1411 1384 421 1378 541 1163 1390 1373 1163 1390 1373 1407 1418 1641 1174 1411 1384 1163 1390 1373 412 1389 542 1177 1417 1388 1177 1417 1388 1407 1418 1641 1163 1390 1373 1147 1358 1355 423 1338 529 1178 1419 1389 1178 1419 1389 1408 1420 1642 1147 1358 1355 1178 1419 1389 426 1344 532 1140 1343 1346 1140 1343 1346 1408 1420 1642 1178 1419 1389 1140 1343 1346 395 1349 531 1147 1358 1355 1147 1358 1355 1408 1420 1642 1140 1343 1346 1179 1421 1390 425 1422 549 1180 1423 1391 1180 1423 1391 1409 1424 1643 1179 1421 1390 1180 1423 1391 426 1344 532 1178 1419 1389 1178 1419 1389 1409 1424 1643 1180 1423 1391 1178 1419 1389 423 1338 529 1179 1421 1390 1179 1421 1390 1409 1424 1643 1178 1419 1389 1181 1425 1392 424 1426 550 1182 1427 1393 1182 1427 1393 1410 1428 1644 1181 1425 1392 1182 1427 1393 409 1347 533 1141 1345 1347 1141 1345 1347 1410 1428 1644 1182 1427 1393 1141 1345 1347 426 1344 532 1181 1425 1392 1181 1425 1392 1410 1428 1644 1141 1345 1347 1183 1429 1394 411 1401 543 1184 1430 1395 1184 1430 1395 1411 1431 1645 1183 1429 1394 1184 1430 1395 425 1422 549 1179 1421 1390 1179 1421 1390 1411 1431 1645 1184 1430 1395 1179 1421 1390 423 1338 529 1183 1429 1394 1183 1429 1394 1411 1431 1645 1179 1421 1390 1185 1432 1396 427 1433 558 1186 1434 1397 1186 1434 1397 1412 1435 1646 1185 1432 1396 1186 1434 1397 426 1344 532 1187 1436 1398 1187 1436 1398 1412 1435 1646 1186 1434 1397 1187 1436 1398 428 1437 551 1185 1432 1396 1185 1432 1396 1412 1435 1646 1187 1436 1398 1186 1434 1397 427 1433 558 1188 1438 1399 1188 1438 1399 1413 1439 1647 1186 1434 1397 1188 1438 1399 424 1426 550 1181 1425 1392 1181 1425 1392 1413 1439 1647 1188 1438 1399 1181 1425 1392 426 1344 532 1186 1434 1397 1186 1434 1397 1413 1439 1647 1181 1425 1392 1187 1436 1398 426 1344 532 1180 1423 1391 1180 1423 1391 1414 1440 1648 1187 1436 1398 1180 1423 1391 425 1422 549 1189 1441 1400 1189 1441 1400 1414 1440 1648 1180 1423 1391 1189 1441 1400 428 1437 551 1187 1436 1398 1187 1436 1398 1414 1440 1648 1189 1441 1400 1190 1442 1401 429 1443 563 1191 1444 1402 1191 1444 1402 1415 1445 1649 1190 1442 1401 1191 1444 1402 430 1446 564 1192 1447 1403 1192 1447 1403 1415 1445 1649 1191 1444 1402 1192 1447 1403 432 1448 560 1190 1442 1401 1190 1442 1401 1415 1445 1649 1192 1447 1403 1185 1432 1396 428 1437 551 1193 1449 1404 1193 1449 1404 1416 1450 1650 1185 1432 1396 1193 1449 1404 434 1451 565 1194 1452 1405 1194 1452 1405 1416 1450 1650 1193 1449 1404 1194 1452 1405 427 1433 558 1185 1432 1396 1185 1432 1396 1416 1450 1650 1194 1452 1405 1195 1453 1406 442 1399 545 1196 1454 1407 1196 1454 1407 1417 1455 1651 1195 1453 1406 1196 1454 1407 433 1456 566 1197 1457 1408 1197 1457 1408 1417 1455 1651 1196 1454 1407 1197 1457 1408 434 1451 565 1195 1453 1406 1195 1453 1406 1417 1455 1651 1197 1457 1408 1198 1458 1409 417 1370 534 1199 1459 1410 1199 1459 1410 1418 1460 1652 1198 1458 1409 1199 1459 1410 432 1448 560 1200 1461 1411 1200 1461 1411 1418 1460 1652 1199 1459 1410 1200 1461 1411 433 1456 566 1198 1458 1409 1198 1458 1409 1418 1460 1652 1200 1461 1411 1189 1441 1400 425 1422 549 1201 1462 1412 1201 1462 1412 1419 1463 1653 1189 1441 1400 1201 1462 1412 442 1399 545 1202 1464 1413 1202 1464 1413 1419 1463 1653 1201 1462 1412 1202 1464 1413 428 1437 551 1189 1441 1400 1189 1441 1400 1419 1463 1653 1202 1464 1413 1191 1444 1402 429 1443 563 1203 1465 1414 1203 1465 1414 1420 1466 1654 1191 1444 1402 1203 1465 1414 437 1467 567 1204 1468 1415 1204 1468 1415 1420 1466 1654 1203 1465 1414 1204 1468 1415 430 1446 564 1191 1444 1402 1191 1444 1402 1420 1466 1654 1204 1468 1415 1201 1462 1412 425 1422 549 1184 1430 1395 1184 1430 1395 1421 1469 1655 1201 1462 1412 1184 1430 1395 411 1401 543 1168 1400 1378 1168 1400 1378 1421 1469 1655 1184 1430 1395 1168 1400 1378 442 1399 545 1201 1462 1412 1201 1462 1412 1421 1469 1655 1168 1400 1378 1203 1465 1414 429 1443 563 1205 1470 1416 1205 1470 1416 1422 1471 1656 1203 1465 1414 1205 1470 1416 436 1472 568 1206 1473 1417 1206 1473 1417 1422 1471 1656 1205 1470 1416 1206 1473 1417 437 1467 567 1203 1465 1414 1203 1465 1414 1422 1471 1656 1206 1473 1417 1205 1470 1416 429 1443 563 1207 1474 1419 1207 1474 1419 1423 1475 1657 1205 1470 1416 1207 1474 1419 418 1476 569 1208 1477 1420 1208 1477 1420 1423 1475 1657 1207 1474 1419 1208 1477 1420 436 1472 568 1205 1470 1416 1205 1470 1416 1423 1475 1657 1208 1477 1420 1209 1478 1421 435 1479 570 1210 1480 1422 1210 1480 1422 1424 1481 1658 1209 1478 1421 1210 1480 1422 418 1476 569 1207 1474 1419 1207 1474 1419 1424 1481 1658 1210 1480 1422 1207 1474 1419 429 1443 563 1209 1478 1421 1209 1478 1421 1424 1481 1658 1207 1474 1419 1211 1482 1423 436 1472 568 1208 1477 1420 1208 1477 1420 1425 1483 1659 1211 1482 1423 1208 1477 1420 418 1476 569 1212 1484 1425 1212 1484 1425 1425 1483 1659 1208 1477 1420 1212 1484 1425 414 1382 540 1211 1482 1423 1211 1482 1423 1425 1483 1659 1212 1484 1425 1211 1482 1424 414 1382 530 1213 1485 1426 1213 1485 1426 1426 1486 1660 1211 1482 1424 1213 1485 1426 441 1487 535 1214 1488 1427 1214 1488 1427 1426 1486 1660 1213 1485 1426 1214 1488 1427 439 1489 552 1215 1490 1428 1215 1490 1428 1426 1486 1660 1214 1488 1427 1215 1490 1428 436 1472 528 1211 1482 1424 1211 1482 1424 1426 1486 1660 1215 1490 1428 1215 1490 1428 439 1489 552 1216 1491 1429 1216 1491 1429 1427 1492 1661 1215 1490 1428 1216 1491 1429 437 1467 553 1206 1473 1418 1206 1473 1418 1427 1492 1661 1216 1491 1429 1206 1473 1418 436 1472 528 1215 1490 1428 1215 1490 1428 1427 1492 1661 1206 1473 1418 1217 1493 1430 419 1403 554 1218 1494 1432 1218 1494 1432 1428 1495 1662 1217 1493 1430 1218 1494 1432 440 1496 555 1219 1497 1433 1219 1497 1433 1428 1495 1662 1218 1494 1432 1219 1497 1433 441 1487 535 1213 1485 1426 1213 1485 1426 1428 1495 1662 1219 1497 1433 1213 1485 1426 414 1382 530 1217 1493 1430 1217 1493 1430 1428 1495 1662 1213 1485 1426 1220 1498 1434 410 1410 556 1221 1499 1436 1221 1499 1436 1429 1500 1663 1220 1498 1434 1221 1499 1436 438 1501 557 1222 1502 1437 1222 1502 1437 1429 1500 1663 1221 1499 1436 1222 1502 1437 440 1496 555 1218 1494 1432 1218 1494 1432 1429 1500 1663 1222 1502 1437 1218 1494 1432 419 1403 554 1220 1498 1434 1220 1498 1434 1429 1500 1663 1218 1494 1432 1223 1503 1438 391 1244 619 1224 1504 1439 1224 1504 1439 1430 1505 1664 1223 1503 1438 1224 1504 1439 411 1401 543 1183 1429 1394 1183 1429 1394 1430 1505 1664 1224 1504 1439 1183 1429 1394 423 1338 529 1223 1503 1438 1223 1503 1438 1430 1505 1664 1183 1429 1394 1149 1362 1358 391 1244 619 1223 1503 1438 1223 1503 1438 1431 1506 1665 1149 1362 1358 1223 1503 1438 423 1338 529 1137 1337 1343 1137 1337 1343 1431 1506 1665 1223 1503 1438 1137 1337 1343 393 1274 508 1149 1362 1358 1149 1362 1358 1431 1506 1665 1137 1337 1343 1193 1449 1404 428 1437 551 1202 1464 1413 1202 1464 1413 1432 1507 1666 1193 1449 1404 1202 1464 1413 442 1399 545 1195 1453 1406 1195 1453 1406 1432 1507 1666 1202 1464 1413 1195 1453 1406 434 1451 565 1193 1449 1404 1193 1449 1404 1432 1507 1666 1195 1453 1406 1224 1504 1439 391 1244 619 1225 1508 1440 1225 1508 1440 1433 1509 1667 1224 1504 1439 1225 1508 1440 410 1410 547 1173 1409 1383 1173 1409 1383 1433 1509 1667 1225 1508 1440 1173 1409 1383 411 1401 543 1224 1504 1439 1224 1504 1439 1433 1509 1667 1173 1409 1383 1226 1510 1442 391 1511 504 1095 1512 1296 1095 1513 1296 1434 1514 1668 1226 1515 1442 1095 1516 1296 392 1517 502 1227 1518 1443 1227 1519 1443 1434 1520 1668 1095 1521 1296 1227 1522 1443 438 1501 557 1226 1523 1442 1226 1523 1442 1434 1524 1668 1227 1522 1443 1226 1523 1442 438 1501 557 1221 1499 1436 1221 1499 1436 1435 1525 1669 1226 1523 1442 1221 1499 1436 410 1410 556 1225 1508 1441 1225 1508 1441 1435 1525 1669 1221 1499 1436 1225 1508 1441 391 1244 504 1226 1523 1442 1226 1523 1442 1435 1525 1669 1225 1508 1441 1152 1369 1361 413 1368 537 1228 1526 1444 1228 1526 1444 1436 1527 1670 1152 1369 1361 1228 1526 1444 435 1479 570 1229 1528 1445 1229 1528 1445 1436 1527 1670 1228 1526 1444 1229 1528 1445 417 1370 534 1152 1369 1361 1152 1369 1361 1436 1527 1670 1229 1528 1445 1176 1415 1387 412 1389 542 1162 1388 1372 1162 1388 1372 1437 1529 1671 1176 1415 1387 1162 1388 1372 415 1365 536 1155 1376 1364 1155 1376 1364 1437 1529 1671 1162 1388 1372 1155 1376 1364 420 1375 623 1176 1415 1387 1176 1415 1387 1437 1529 1671 1155 1376 1364 1151 1366 1360 415 1365 536 1164 1392 1374 1164 1392 1374 1438 1530 1672 1151 1366 1360 1164 1392 1374 421 1378 541 1160 1385 1370 1160 1385 1370 1438 1530 1672 1164 1392 1374 1160 1385 1370 413 1368 537 1151 1366 1360 1151 1366 1360 1438 1530 1672 1160 1385 1370 1230 1531 1446 431 1396 544 1171 1406 1381 1171 1406 1381 1439 1532 1673 1230 1531 1446 1171 1406 1381 416 1372 538 1165 1394 1375 1165 1394 1375 1439 1532 1673 1171 1406 1381 1165 1394 1375 417 1370 534 1230 1531 1446 1230 1531 1446 1439 1532 1673 1165 1394 1375 1169 1402 1379 431 1396 544 1172 1407 1382 1172 1407 1382 1440 1533 1674 1169 1402 1379 1172 1407 1382 410 1410 547 1220 1498 1435 1220 1498 1435 1440 1533 1674 1172 1407 1382 1220 1498 1435 419 1403 546 1169 1402 1379 1169 1402 1379 1440 1533 1674 1220 1498 1435 1212 1484 1425 418 1476 569 1231 1534 1447 1231 1534 1447 1441 1535 1675 1212 1484 1425 1231 1534 1447 413 1368 537 1159 1383 1369 1159 1383 1369 1441 1535 1675 1231 1534 1447 1159 1383 1369 414 1382 540 1212 1484 1425 1212 1484 1425 1441 1535 1675 1159 1383 1369 1217 1493 1431 414 1382 624 1161 1387 1371 1161 1387 1371 1442 1536 1676 1217 1493 1431 1161 1387 1371 416 1372 538 1170 1404 1380 1170 1404 1380 1442 1536 1676 1161 1387 1371 1170 1404 1380 419 1403 546 1217 1493 1431 1217 1493 1431 1442 1536 1676 1170 1404 1380 1196 1454 1407 442 1399 545 1232 1537 1448 1232 1537 1448 1443 1538 1677 1196 1454 1407 1232 1537 1448 417 1370 534 1198 1458 1409 1198 1458 1409 1443 1538 1677 1232 1537 1448 1198 1458 1409 433 1456 566 1196 1454 1407 1196 1454 1407 1443 1538 1677 1198 1458 1409 1199 1459 1410 417 1370 534 1229 1528 1445 1229 1528 1445 1444 1539 1678 1199 1459 1410 1229 1528 1445 435 1479 570 1233 1540 1449 1233 1540 1449 1444 1539 1678 1229 1528 1445 1233 1540 1449 432 1448 560 1199 1459 1410 1199 1459 1410 1444 1539 1678 1233 1540 1449 1190 1442 1401 432 1448 560 1233 1540 1449 1233 1540 1449 1445 1541 1679 1190 1442 1401 1233 1540 1449 435 1479 570 1209 1478 1421 1209 1478 1421 1445 1541 1679 1233 1540 1449 1209 1478 1421 429 1443 563 1190 1442 1401 1190 1442 1401 1445 1541 1679 1209 1478 1421 1231 1534 1447 418 1476 569 1210 1480 1422 1210 1480 1422 1446 1542 1680 1231 1534 1447 1210 1480 1422 435 1479 570 1228 1526 1444 1228 1526 1444 1446 1542 1680 1210 1480 1422 1228 1526 1444 413 1368 537 1231 1534 1447 1231 1534 1447 1446 1542 1680 1228 1526 1444 1167 1397 1377 431 1396 544 1230 1531 1446 1230 1531 1446 1447 1543 1681 1167 1397 1377 1230 1531 1446 417 1370 534 1232 1537 1448 1232 1537 1448 1447 1543 1681 1230 1531 1446 1232 1537 1448 442 1399 545 1167 1397 1377 1167 1397 1377 1447 1543 1681 1232 1537 1448 1234 1544 1450 443 1545 561 1235 1546 1451 1235 1547 1451 1448 1548 1682 1234 1549 1450 1235 1550 1451 392 1551 502 1236 1552 1452 1236 1553 1452 1448 1554 1682 1235 1555 1451 1236 1556 1452 873 1557 559 1234 1558 1450 1234 1559 1450 1448 1560 1682 1236 1561 1452 1928 1562 1453 872 1563 562 1237 1564 1454 1237 1565 1454 1449 1566 1683 1928 1567 1453 1237 1568 1454 443 1569 561 1234 1570 1450 1234 1571 1450 1449 1572 1683 1237 1573 1454 1234 1574 1450 873 1575 559 1928 1576 1453 1928 1577 1453 1449 1578 1683 1234 1579 1450 1238 1580 1456 447 1581 572 1239 1582 1457 1239 1582 1457 1450 1583 1684 1238 1580 1456 1239 1582 1457 443 1584 573 1237 1585 1455 1237 1585 1455 1450 1583 1684 1239 1582 1457 1237 1585 1455 872 1586 571 1238 1580 1456 1238 1580 1456 1450 1583 1684 1237 1585 1455 1236 1587 1452 392 1588 502 1101 1589 1304 1101 1590 1304 1451 1591 1685 1236 1592 1452 1101 1593 1304 874 1594 506 1930 1595 1458 1930 1596 1458 1451 1597 1685 1101 1598 1304 1930 1599 1458 873 1600 559 1236 1601 1452 1236 1602 1452 1451 1603 1685 1930 1604 1458 1240 1605 1459 448 1606 575 1241 1607 1460 1241 1607 1460 1452 1608 1686 1240 1605 1459 1241 1607 1460 445 1609 576 1242 1610 1461 1242 1610 1461 1452 1608 1686 1241 1607 1460 1242 1610 1461 444 1611 574 1240 1605 1459 1240 1605 1459 1452 1608 1686 1242 1610 1461 1238 1580 1456 872 1586 571 1243 1612 1462 1243 1612 1462 1453 1613 1687 1238 1580 1456 1243 1612 1462 449 1614 577 1244 1615 1463 1244 1615 1463 1453 1613 1687 1243 1612 1462 1244 1615 1463 447 1581 572 1238 1580 1456 1238 1580 1456 1453 1613 1687 1244 1615 1463 1245 1616 1464 458 1617 578 1246 1618 1465 1246 1618 1465 1454 1619 1688 1245 1616 1464 1246 1618 1465 452 1620 582 1247 1621 1466 1247 1621 1466 1454 1619 1688 1246 1618 1465 1247 1621 1466 449 1614 577 1248 1622 1467 1248 1622 1467 1454 1619 1688 1247 1621 1466 1248 1622 1467 448 1606 575 1245 1616 1464 1245 1616 1464 1454 1619 1688 1248 1622 1467 1244 1615 1463 449 1614 577 1247 1621 1466 1247 1621 1466 1455 1623 1689 1244 1615 1463 1247 1621 1466 452 1620 582 1249 1624 1468 1249 1624 1468 1455 1623 1689 1247 1621 1466 1249 1624 1468 451 1625 583 1250 1626 1469 1250 1626 1469 1455 1623 1689 1249 1624 1468 1250 1626 1469 447 1581 572 1244 1615 1463 1244 1615 1463 1455 1623 1689 1250 1626 1469 1250 1626 1469 451 1625 583 1251 1627 1470 1251 1627 1470 1456 1628 1690 1250 1626 1469 1251 1627 1470 453 1629 584 1252 1630 1471 1252 1630 1471 1456 1628 1690 1251 1627 1470 1252 1630 1471 450 1631 627 1253 1632 1473 1253 1632 1473 1456 1628 1690 1252 1630 1471 1253 1632 1473 447 1581 572 1250 1626 1469 1250 1626 1469 1456 1628 1690 1253 1632 1473 1254 1633 1474 450 1631 586 1252 1630 1472 1252 1630 1472 1457 1634 1691 1254 1633 1474 1252 1630 1472 453 1629 626 1255 1635 1475 1255 1635 1475 1457 1634 1691 1252 1630 1472 1255 1635 1475 458 1617 578 1245 1616 1464 1245 1616 1464 1457 1634 1691 1255 1635 1475 1245 1616 1464 448 1606 575 1254 1633 1474 1254 1633 1474 1457 1634 1691 1245 1616 1464 1249 1624 1468 452 1620 582 1256 1636 1476 1256 1636 1476 1458 1637 1692 1249 1624 1468 1256 1636 1476 456 1638 587 1257 1639 1477 1257 1639 1477 1458 1637 1692 1256 1636 1476 1257 1639 1477 454 1640 588 1258 1641 1478 1258 1641 1478 1458 1637 1692 1257 1639 1477 1258 1641 1478 451 1625 583 1249 1624 1468 1249 1624 1468 1458 1637 1692 1258 1641 1478 1258 1641 1478 454 1640 588 1259 1642 1479 1259 1642 1479 1459 1643 1693 1258 1641 1478 1259 1642 1479 455 1644 589 1260 1645 1480 1260 1645 1480 1459 1643 1693 1259 1642 1479 1260 1645 1480 453 1629 584 1251 1627 1470 1251 1627 1470 1459 1643 1693 1260 1645 1480 1251 1627 1470 451 1625 583 1258 1641 1478 1258 1641 1478 1459 1643 1693 1251 1627 1470 1261 1646 1482 456 1638 587 1256 1636 1476 1256 1636 1476 1460 1647 1694 1261 1646 1482 1256 1636 1476 452 1620 582 1246 1618 1465 1246 1618 1465 1460 1647 1694 1256 1636 1476 1246 1618 1465 458 1617 578 1261 1646 1482 1261 1646 1482 1460 1647 1694 1246 1618 1465 1255 1635 1475 453 1629 626 1260 1645 1481 1260 1645 1481 1461 1648 1695 1255 1635 1475 1260 1645 1481 455 1644 628 1262 1649 1483 1262 1649 1483 1461 1648 1695 1260 1645 1481 1262 1649 1483 458 1617 578 1255 1635 1475 1255 1635 1475 1461 1648 1695 1262 1649 1483 1262 1649 1483 455 1644 628 1263 1650 1484 1263 1650 1484 1462 1651 1696 1262 1649 1483 1263 1650 1484 457 1652 591 1264 1653 1486 1264 1653 1486 1462 1651 1696 1263 1650 1484 1264 1653 1486 458 1617 578 1262 1649 1483 1262 1649 1483 1462 1651 1696 1264 1653 1486 1265 1654 1487 456 1638 587 1266 1655 1488 1266 1655 1488 1463 1656 1697 1265 1654 1487 1266 1655 1488 457 1652 591 1267 1657 1489 1267 1657 1489 1463 1656 1697 1266 1655 1488 1267 1657 1489 459 1658 592 1265 1654 1487 1265 1654 1487 1463 1656 1697 1267 1657 1489 1267 1657 1489 457 1652 591 1263 1650 1485 1263 1650 1485 1464 1659 1698 1267 1657 1489 1263 1650 1485 455 1644 589 1268 1660 1490 1268 1660 1490 1464 1659 1698 1263 1650 1485 1268 1660 1490 459 1658 592 1267 1657 1489 1267 1657 1489 1464 1659 1698 1268 1660 1490 1264 1653 1486 457 1652 591 1266 1655 1488 1266 1655 1488 1465 1661 1699 1264 1653 1486 1266 1655 1488 456 1638 587 1261 1646 1482 1261 1646 1482 1465 1661 1699 1266 1655 1488 1261 1646 1482 458 1617 578 1264 1653 1486 1264 1653 1486 1465 1661 1699 1261 1646 1482 1269 1662 1491 459 1658 592 1268 1660 1490 1268 1660 1490 1466 1663 1700 1269 1662 1491 1268 1660 1490 455 1644 589 1259 1642 1479 1259 1642 1479 1466 1663 1700 1268 1660 1490 1259 1642 1479 454 1640 588 1269 1662 1491 1269 1662 1491 1466 1663 1700 1259 1642 1479 1257 1639 1477 456 1638 587 1265 1654 1487 1265 1654 1487 1467 1664 1701 1257 1639 1477 1265 1654 1487 459 1658 592 1269 1662 1491 1269 1662 1491 1467 1664 1701 1265 1654 1487 1269 1662 1491 454 1640 588 1257 1639 1477 1257 1639 1477 1467 1664 1701 1269 1662 1491 1240 1605 1459 444 1611 574 1270 1665 1492 1270 1665 1492 1468 1666 1702 1240 1605 1459 1270 1665 1492 450 1631 586 1254 1633 1474 1254 1633 1474 1468 1666 1702 1270 1665 1492 1254 1633 1474 448 1606 575 1240 1605 1459 1240 1605 1459 1468 1666 1702 1254 1633 1474 1271 1667 1493 1938 1668 593 1272 1669 1494 1272 1669 1494 1469 1670 1703 1271 1667 1493 1272 1669 1494 1093 1671 594 1273 1672 1495 1273 1672 1495 1469 1670 1703 1272 1669 1494 1273 1672 1495 445 1609 576 1274 1673 1496 1274 1673 1496 1469 1670 1703 1273 1672 1495 1274 1673 1496 872 1586 571 1271 1667 1493 1271 1667 1493 1469 1670 1703 1274 1673 1496 1275 1674 1497 1093 1671 594 1276 1675 1498 1276 1675 1498 1470 1676 1704 1275 1674 1497 1276 1675 1498 473 1677 595 1277 1678 1499 1277 1678 1499 1470 1676 1704 1276 1675 1498 1277 1678 1499 444 1611 574 1275 1674 1497 1275 1674 1497 1470 1676 1704 1277 1678 1499 1242 1610 1461 445 1609 576 1273 1672 1495 1273 1672 1495 1471 1679 1705 1242 1610 1461 1273 1672 1495 1093 1671 594 1275 1674 1497 1275 1674 1497 1471 1679 1705 1273 1672 1495 1275 1674 1497 444 1611 574 1242 1610 1461 1242 1610 1461 1471 1679 1705 1275 1674 1497 1278 1680 1500 409 1347 533 1279 1681 1502 1279 1681 1502 1472 1682 1706 1278 1680 1500 1279 1681 1502 475 1683 597 1280 1684 1503 1280 1684 1503 1472 1682 1706 1279 1681 1502 1280 1684 1503 446 1685 596 1278 1680 1500 1278 1680 1500 1472 1682 1706 1280 1684 1503 1274 1673 1496 445 1609 576 1281 1686 1504 1281 1686 1504 1473 1687 1707 1274 1673 1496 1281 1686 1504 449 1614 577 1243 1612 1462 1243 1612 1462 1473 1687 1707 1281 1686 1504 1243 1612 1462 872 1586 571 1274 1673 1496 1274 1673 1496 1473 1687 1707 1243 1612 1462 1361 1688 1505 633 1355 808 1145 1354 1353 1145 1354 1353 1474 1689 1708 1361 1688 1505 1145 1354 1353 409 1347 807 1278 1680 1501 1278 1680 1501 1474 1689 1708 1145 1354 1353 1278 1680 1501 446 1685 812 1282 1690 1506 1282 1690 1506 1474 1689 1708 1278 1680 1501 1282 1690 1506 1093 1671 811 1361 1688 1505 1361 1688 1505 1474 1689 1708 1282 1690 1506 1283 1691 1508 473 1677 595 1276 1675 1498 1276 1675 1498 1475 1692 1709 1283 1691 1508 1276 1675 1498 1093 1671 594 1282 1690 1507 1282 1690 1507 1475 1692 1709 1276 1675 1498 1282 1690 1507 446 1685 596 1283 1691 1508 1283 1691 1508 1475 1692 1709 1282 1690 1507 1248 1622 1467 449 1614 577 1281 1686 1504 1281 1686 1504 1476 1693 1710 1248 1622 1467 1281 1686 1504 445 1609 576 1241 1607 1460 1241 1607 1460 1476 1693 1710 1281 1686 1504 1241 1607 1460 448 1606 575 1248 1622 1467 1248 1622 1467 1476 1693 1710 1241 1607 1460 1284 1694 1509 443 1584 625 1285 1695 1510 1285 1695 1510 1477 1696 1711 1284 1694 1509 1285 1695 1510 450 1631 586 1270 1665 1492 1270 1665 1492 1477 1696 1711 1285 1695 1510 1270 1665 1492 444 1611 574 1284 1694 1509 1284 1694 1509 1477 1696 1711 1270 1665 1492 1253 1632 1473 450 1631 627 1285 1695 1511 1285 1695 1511 1478 1697 1712 1253 1632 1473 1285 1695 1511 443 1584 573 1239 1582 1457 1239 1582 1457 1478 1697 1712 1285 1695 1511 1239 1582 1457 447 1581 572 1253 1632 1473 1253 1632 1473 1478 1697 1712 1239 1582 1457 1286 1698 1512 463 1699 599 1287 1700 1513 1287 1700 1513 1479 1701 1713 1286 1698 1512 1287 1700 1513 465 1702 600 1288 1703 1514 1288 1703 1514 1479 1701 1713 1287 1700 1513 1288 1703 1514 467 1704 598 1286 1698 1512 1286 1698 1512 1479 1701 1713 1288 1703 1514 1289 1705 1515 470 1706 629 1290 1707 1516 1290 1707 1516 1480 1708 1714 1289 1705 1515 1290 1707 1516 466 1709 603 1291 1710 1517 1291 1710 1517 1480 1708 1714 1290 1707 1516 1291 1710 1517 465 1702 600 1289 1705 1515 1289 1705 1515 1480 1708 1714 1291 1710 1517 1292 1711 1518 470 1706 602 1293 1712 1520 1293 1712 1520 1481 1713 1715 1292 1711 1518 1293 1712 1520 471 1714 605 1294 1715 1521 1294 1715 1521 1481 1713 1715 1293 1712 1520 1294 1715 1521 464 1716 604 1292 1711 1518 1292 1711 1518 1481 1713 1715 1294 1715 1521 1295 1717 1522 463 1699 599 1296 1718 1523 1296 1718 1523 1482 1719 1716 1295 1717 1522 1296 1718 1523 464 1716 604 1294 1715 1521 1294 1715 1521 1482 1719 1716 1296 1718 1523 1294 1715 1521 471 1714 605 1295 1717 1522 1295 1717 1522 1482 1719 1716 1294 1715 1521 1297 1720 1524 466 1709 603 1290 1707 1516 1290 1707 1516 1483 1721 1717 1297 1720 1524 1290 1707 1516 470 1706 629 1292 1711 1519 1292 1711 1519 1483 1721 1717 1290 1707 1516 1292 1711 1519 464 1716 630 1297 1720 1524 1297 1720 1524 1483 1721 1717 1292 1711 1519 1298 1722 1525 471 1714 605 1299 1723 1526 1299 1723 1526 1484 1724 1718 1298 1722 1525 1299 1723 1526 462 1725 606 1300 1726 1527 1300 1726 1527 1484 1724 1718 1299 1723 1526 1300 1726 1527 465 1702 600 1298 1722 1525 1298 1722 1525 1484 1724 1718 1300 1726 1527 1301 1727 1528 467 1704 598 1288 1703 1514 1288 1703 1514 1485 1728 1719 1301 1727 1528 1288 1703 1514 465 1702 600 1291 1710 1517 1291 1710 1517 1485 1728 1719 1288 1703 1514 1291 1710 1517 466 1709 603 1301 1727 1528 1301 1727 1528 1485 1728 1719 1291 1710 1517 1302 1729 1529 481 1730 608 1303 1731 1530 1303 1731 1530 1486 1732 1720 1302 1729 1529 1303 1731 1530 478 1733 609 1304 1734 1531 1304 1734 1531 1486 1732 1720 1303 1731 1530 1304 1734 1531 461 1735 607 1302 1729 1529 1302 1729 1529 1486 1732 1720 1304 1734 1531 1305 1736 1532 466 1709 603 1306 1737 1533 1306 1737 1533 1487 1738 1721 1305 1736 1532 1306 1737 1533 469 1739 610 1307 1740 1534 1307 1740 1534 1487 1738 1721 1306 1737 1533 1307 1740 1534 478 1733 609 1305 1736 1532 1305 1736 1532 1487 1738 1721 1307 1740 1534 1308 1741 1535 461 1735 607 1304 1734 1531 1304 1734 1531 1488 1742 1722 1308 1741 1535 1304 1734 1531 478 1733 609 1309 1743 1536 1309 1743 1536 1488 1742 1722 1304 1734 1531 1309 1743 1536 460 1744 611 1308 1741 1535 1308 1741 1535 1488 1742 1722 1309 1743 1536 1310 1745 1537 472 1746 612 1311 1747 1539 1311 1747 1539 1489 1748 1723 1310 1745 1537 1311 1747 1539 471 1714 605 1293 1712 1520 1293 1712 1520 1489 1748 1723 1311 1747 1539 1293 1712 1520 470 1706 602 1310 1745 1537 1310 1745 1537 1489 1748 1723 1293 1712 1520 1312 1749 1540 472 1746 612 1310 1745 1538 1310 1745 1538 1490 1750 1724 1312 1749 1540 1310 1745 1538 470 1706 629 1313 1751 1541 1313 1751 1541 1490 1750 1724 1310 1745 1538 1313 1751 1541 462 1725 606 1312 1749 1540 1312 1749 1540 1490 1750 1724 1313 1751 1541 1299 1723 1526 471 1714 605 1311 1747 1539 1311 1747 1539 1491 1752 1725 1299 1723 1526 1311 1747 1539 472 1746 612 1312 1749 1540 1312 1749 1540 1491 1752 1725 1311 1747 1539 1312 1749 1540 462 1725 606 1299 1723 1526 1299 1723 1526 1491 1752 1725 1312 1749 1540 1280 1684 1503 475 1683 597 1314 1753 1542 1314 1753 1542 1492 1754 1726 1280 1684 1503 1314 1753 1542 473 1677 595 1283 1691 1508 1283 1691 1508 1492 1754 1726 1314 1753 1542 1283 1691 1508 446 1685 596 1280 1684 1503 1280 1684 1503 1492 1754 1726 1283 1691 1508 1314 1753 1542 475 1683 597 1315 1755 1543 1315 1755 1543 1493 1756 1727 1314 1753 1542 1315 1755 1543 474 1757 613 1316 1758 1544 1316 1758 1544 1493 1756 1727 1315 1755 1543 1316 1758 1544 473 1677 595 1314 1753 1542 1314 1753 1542 1493 1756 1727 1316 1758 1544 1279 1681 1502 409 1347 533 1182 1427 1393 1182 1427 1393 1494 1759 1728 1279 1681 1502 1182 1427 1393 424 1426 550 1317 1760 1545 1317 1760 1545 1494 1759 1728 1182 1427 1393 1317 1760 1545 475 1683 597 1279 1681 1502 1279 1681 1502 1494 1759 1728 1317 1760 1545 1316 1758 1544 474 1757 613 1318 1761 1546 1318 1761 1546 1495 1762 1729 1316 1758 1544 1318 1761 1546 461 1735 607 1319 1763 1547 1319 1763 1547 1495 1762 1729 1318 1761 1546 1319 1763 1547 473 1677 595 1316 1758 1544 1316 1758 1544 1495 1762 1729 1319 1763 1547 1320 1764 1548 475 1683 597 1321 1765 1549 1321 1765 1549 1496 1766 1730 1320 1764 1548 1321 1765 1549 427 1433 558 1322 1767 1550 1322 1767 1550 1496 1766 1730 1321 1765 1549 1322 1767 1550 476 1768 614 1320 1764 1548 1320 1764 1548 1496 1766 1730 1322 1767 1550 1317 1760 1545 424 1426 550 1188 1438 1399 1188 1438 1399 1497 1769 1731 1317 1760 1545 1188 1438 1399 427 1433 558 1321 1765 1549 1321 1765 1549 1497 1769 1731 1188 1438 1399 1321 1765 1549 475 1683 597 1317 1760 1545 1317 1760 1545 1497 1769 1731 1321 1765 1549 1323 1770 1551 474 1757 613 1315 1755 1543 1315 1755 1543 1498 1771 1732 1323 1770 1551 1315 1755 1543 475 1683 597 1320 1764 1548 1320 1764 1548 1498 1771 1732 1315 1755 1543 1320 1764 1548 476 1768 614 1323 1770 1551 1323 1770 1551 1498 1771 1732 1320 1764 1548 1192 1447 1403 430 1446 564 1324 1772 1552 1324 1772 1552 1499 1773 1733 1192 1447 1403 1324 1772 1552 477 1774 615 1325 1775 1553 1325 1775 1553 1499 1773 1733 1324 1772 1552 1325 1775 1553 432 1448 560 1192 1447 1403 1192 1447 1403 1499 1773 1733 1325 1775 1553 1194 1452 1405 434 1451 565 1326 1776 1554 1326 1776 1554 1500 1777 1734 1194 1452 1405 1326 1776 1554 476 1768 614 1322 1767 1550 1322 1767 1550 1500 1777 1734 1326 1776 1554 1322 1767 1550 427 1433 558 1194 1452 1405 1194 1452 1405 1500 1777 1734 1322 1767 1550 1197 1457 1408 433 1456 566 1327 1778 1555 1327 1778 1555 1501 1779 1735 1197 1457 1408 1327 1778 1555 481 1730 608 1328 1780 1556 1328 1780 1556 1501 1779 1735 1327 1778 1555 1328 1780 1556 434 1451 565 1197 1457 1408 1197 1457 1408 1501 1779 1735 1328 1780 1556 1200 1461 1411 432 1448 560 1329 1781 1557 1329 1781 1557 1502 1782 1736 1200 1461 1411 1329 1781 1557 467 1704 598 1330 1783 1558 1330 1783 1558 1502 1782 1736 1329 1781 1557 1330 1783 1558 433 1456 566 1200 1461 1411 1200 1461 1411 1502 1782 1736 1330 1783 1558 1331 1784 1559 481 1730 608 1332 1785 1560 1332 1785 1560 1503 1786 1737 1331 1784 1559 1332 1785 1560 474 1757 613 1323 1770 1551 1323 1770 1551 1503 1786 1737 1332 1785 1560 1323 1770 1551 476 1768 614 1331 1784 1559 1331 1784 1559 1503 1786 1737 1323 1770 1551 1204 1468 1415 437 1467 567 1333 1787 1561 1333 1787 1561 1504 1788 1738 1204 1468 1415 1333 1787 1561 477 1774 615 1324 1772 1552 1324 1772 1552 1504 1788 1738 1333 1787 1561 1324 1772 1552 430 1446 564 1204 1468 1415 1204 1468 1415 1504 1788 1738 1324 1772 1552 1302 1729 1529 461 1735 607 1318 1761 1546 1318 1761 1546 1505 1789 1739 1302 1729 1529 1318 1761 1546 474 1757 613 1332 1785 1560 1332 1785 1560 1505 1789 1739 1318 1761 1546 1332 1785 1560 481 1730 608 1302 1729 1529 1302 1729 1529 1505 1789 1739 1332 1785 1560 1334 1790 1562 480 1791 616 1335 1792 1564 1335 1792 1564 1506 1793 1740 1334 1790 1562 1335 1792 1564 477 1774 615 1333 1787 1561 1333 1787 1561 1506 1793 1740 1335 1792 1564 1333 1787 1561 437 1467 567 1334 1790 1562 1334 1790 1562 1506 1793 1740 1333 1787 1561 1336 1794 1565 468 1795 617 1337 1796 1566 1337 1796 1566 1507 1797 1741 1336 1794 1565 1337 1796 1566 477 1774 615 1335 1792 1564 1335 1792 1564 1507 1797 1741 1337 1796 1566 1335 1792 1564 480 1791 616 1336 1794 1565 1336 1794 1565 1507 1797 1741 1335 1792 1564 1337 1796 1566 468 1795 617 1338 1798 1567 1338 1798 1567 1508 1799 1742 1337 1796 1566 1338 1798 1567 479 1800 618 1339 1801 1568 1339 1801 1568 1508 1799 1742 1338 1798 1567 1339 1801 1568 477 1774 615 1337 1796 1566 1337 1796 1566 1508 1799 1742 1339 1801 1568 1340 1802 1569 468 1795 617 1336 1794 1565 1336 1794 1565 1509 1803 1743 1340 1802 1569 1336 1794 1565 480 1791 616 1341 1804 1570 1341 1804 1570 1509 1803 1743 1336 1794 1565 1341 1804 1570 464 1716 604 1340 1802 1569 1340 1802 1569 1509 1803 1743 1341 1804 1570 1342 1805 1572 439 1489 552 1214 1488 1427 1214 1488 1427 1510 1806 1744 1342 1805 1572 1214 1488 1427 441 1487 535 1343 1807 1573 1343 1807 1573 1510 1806 1744 1214 1488 1427 1343 1807 1573 464 1716 585 1341 1804 1571 1341 1804 1571 1510 1806 1744 1343 1807 1573 1341 1804 1571 480 1791 581 1342 1805 1572 1342 1805 1572 1510 1806 1744 1341 1804 1571 1334 1790 1563 437 1467 553 1216 1491 1429 1216 1491 1429 1511 1808 1745 1334 1790 1563 1216 1491 1429 439 1489 552 1342 1805 1572 1342 1805 1572 1511 1808 1745 1216 1491 1429 1342 1805 1572 480 1791 581 1334 1790 1563 1334 1790 1563 1511 1808 1745 1342 1805 1572 1343 1807 1573 441 1487 535 1219 1497 1433 1219 1497 1433 1512 1809 1746 1343 1807 1573 1219 1497 1433 440 1496 555 1344 1810 1574 1344 1810 1574 1512 1809 1746 1219 1497 1433 1344 1810 1574 469 1739 590 1345 1811 1575 1345 1811 1575 1512 1809 1746 1344 1810 1574 1345 1811 1575 464 1716 585 1343 1807 1573 1343 1807 1573 1512 1809 1746 1345 1811 1575 1344 1810 1574 440 1496 555 1222 1502 1437 1222 1502 1437 1513 1812 1747 1344 1810 1574 1222 1502 1437 438 1501 557 1346 1813 1577 1346 1813 1577 1513 1812 1747 1222 1502 1437 1346 1813 1577 460 1744 601 1347 1814 1578 1347 1814 1578 1513 1812 1747 1346 1813 1577 1347 1814 1578 469 1739 590 1344 1810 1574 1344 1810 1574 1513 1812 1747 1347 1814 1578 1319 1763 1547 461 1735 607 1348 1815 1580 1348 1815 1580 1514 1816 1748 1319 1763 1547 1348 1815 1580 443 1584 625 1349 1817 1581 1349 1817 1581 1514 1816 1748 1348 1815 1580 1349 1817 1581 473 1677 595 1319 1763 1547 1319 1763 1547 1514 1816 1748 1349 1817 1581 1277 1678 1499 473 1677 595 1349 1817 1581 1349 1817 1581 1515 1818 1749 1277 1678 1499 1349 1817 1581 443 1584 625 1284 1694 1509 1284 1694 1509 1515 1818 1749 1349 1817 1581 1284 1694 1509 444 1611 574 1277 1678 1499 1277 1678 1499 1515 1818 1749 1284 1694 1509 1328 1780 1556 481 1730 608 1331 1784 1559 1331 1784 1559 1516 1819 1750 1328 1780 1556 1331 1784 1559 476 1768 614 1326 1776 1554 1326 1776 1554 1516 1819 1750 1331 1784 1559 1326 1776 1554 434 1451 565 1328 1780 1556 1328 1780 1556 1516 1819 1750 1326 1776 1554 1308 1741 1535 460 1744 611 1350 1820 1582 1350 1820 1582 1517 1821 1751 1308 1741 1535 1350 1820 1582 443 1584 625 1348 1815 1580 1348 1815 1580 1517 1821 1751 1350 1820 1582 1348 1815 1580 461 1735 607 1308 1741 1535 1308 1741 1535 1517 1821 1751 1348 1815 1580 1227 1822 1443 392 1823 502 1235 1824 1451 1235 1825 1451 1518 1826 1752 1227 1827 1443 1235 1828 1451 443 1829 561 1351 1830 1584 1351 1831 1584 1518 1832 1752 1235 1833 1451 1351 1834 1584 438 1501 557 1227 1522 1443 1227 1522 1443 1518 1835 1752 1351 1834 1584 1350 1820 1583 460 1744 601 1346 1813 1577 1346 1813 1577 1519 1836 1753 1350 1820 1583 1346 1813 1577 438 1501 557 1351 1834 1584 1351 1834 1584 1519 1836 1753 1346 1813 1577 1351 1834 1584 443 1584 561 1350 1820 1583 1350 1820 1583 1519 1836 1753 1351 1834 1584 1352 1837 1585 479 1800 618 1353 1838 1586 1353 1838 1586 1520 1839 1754 1352 1837 1585 1353 1838 1586 463 1699 599 1286 1698 1512 1286 1698 1512 1520 1839 1754 1353 1838 1586 1286 1698 1512 467 1704 598 1352 1837 1585 1352 1837 1585 1520 1839 1754 1286 1698 1512 1289 1705 1515 465 1702 600 1300 1726 1527 1300 1726 1527 1521 1840 1755 1289 1705 1515 1300 1726 1527 462 1725 606 1313 1751 1541 1313 1751 1541 1521 1840 1755 1300 1726 1527 1313 1751 1541 470 1706 629 1289 1705 1515 1289 1705 1515 1521 1840 1755 1313 1751 1541 1295 1717 1522 471 1714 605 1298 1722 1525 1298 1722 1525 1522 1841 1756 1295 1717 1522 1298 1722 1525 465 1702 600 1287 1700 1513 1287 1700 1513 1522 1841 1756 1298 1722 1525 1287 1700 1513 463 1699 599 1295 1717 1522 1295 1717 1522 1522 1841 1756 1287 1700 1513 1301 1727 1528 466 1709 603 1305 1736 1532 1305 1736 1532 1523 1842 1757 1301 1727 1528 1305 1736 1532 478 1733 609 1354 1843 1587 1354 1843 1587 1523 1842 1757 1305 1736 1532 1354 1843 1587 467 1704 598 1301 1727 1528 1301 1727 1528 1523 1842 1757 1354 1843 1587 1347 1814 1579 460 1744 611 1309 1743 1536 1309 1743 1536 1524 1844 1758 1347 1814 1579 1309 1743 1536 478 1733 609 1307 1740 1534 1307 1740 1534 1524 1844 1758 1309 1743 1536 1307 1740 1534 469 1739 610 1347 1814 1579 1347 1814 1579 1524 1844 1758 1307 1740 1534 1296 1718 1523 463 1699 599 1355 1845 1588 1355 1845 1588 1525 1846 1759 1296 1718 1523 1355 1845 1588 468 1795 617 1340 1802 1569 1340 1802 1569 1525 1846 1759 1355 1845 1588 1340 1802 1569 464 1716 604 1296 1718 1523 1296 1718 1523 1525 1846 1759 1340 1802 1569 1306 1737 1533 466 1709 603 1297 1720 1524 1297 1720 1524 1526 1847 1760 1306 1737 1533 1297 1720 1524 464 1716 630 1345 1811 1576 1345 1811 1576 1526 1847 1760 1297 1720 1524 1345 1811 1576 469 1739 610 1306 1737 1533 1306 1737 1533 1526 1847 1760 1345 1811 1576 1330 1783 1558 467 1704 598 1356 1848 1589 1356 1848 1589 1527 1849 1761 1330 1783 1558 1356 1848 1589 481 1730 608 1327 1778 1555 1327 1778 1555 1527 1849 1761 1356 1848 1589 1327 1778 1555 433 1456 566 1330 1783 1558 1330 1783 1558 1527 1849 1761 1327 1778 1555 1357 1850 1590 479 1800 618 1352 1837 1585 1352 1837 1585 1528 1851 1762 1357 1850 1590 1352 1837 1585 467 1704 598 1329 1781 1557 1329 1781 1557 1528 1851 1762 1352 1837 1585 1329 1781 1557 432 1448 560 1357 1850 1590 1357 1850 1590 1528 1851 1762 1329 1781 1557 1339 1801 1568 479 1800 618 1357 1850 1590 1357 1850 1590 1529 1852 1763 1339 1801 1568 1357 1850 1590 432 1448 560 1325 1775 1553 1325 1775 1553 1529 1852 1763 1357 1850 1590 1325 1775 1553 477 1774 615 1339 1801 1568 1339 1801 1568 1529 1852 1763 1325 1775 1553 1353 1838 1586 479 1800 618 1338 1798 1567 1338 1798 1567 1530 1853 1764 1353 1838 1586 1338 1798 1567 468 1795 617 1355 1845 1588 1355 1845 1588 1530 1853 1764 1338 1798 1567 1355 1845 1588 463 1699 599 1353 1838 1586 1353 1838 1586 1530 1853 1764 1355 1845 1588 1356 1848 1589 467 1704 598 1354 1843 1587 1354 1843 1587 1531 1854 1765 1356 1848 1589 1354 1843 1587 478 1733 609 1303 1731 1530 1303 1731 1530 1531 1854 1765 1354 1843 1587 1303 1731 1530 481 1730 608 1356 1848 1589 1356 1848 1589 1531 1854 1765 1303 1731 1530 1358 1855 1591 631 1856 836 1359 1857 1592 1359 1857 1592 1532 1858 1766 1358 1855 1591 1359 1857 1592 630 1859 837 1360 1860 1593 1360 1860 1593 1532 1858 1766 1359 1857 1592 1360 1860 1593 1092 1333 838 1146 1356 1594 1146 1356 1594 1532 1858 1766 1360 1860 1593 1146 1356 1594 633 1355 835 1358 1855 1591 1358 1855 1591 1532 1858 1766 1146 1356 1594 1361 1688 1595 1093 1671 839 1362 1861 1596 1362 1861 1596 1533 1862 1767 1361 1688 1595 1362 1861 1596 632 1863 840 1363 1864 1597 1363 1864 1597 1533 1862 1767 1362 1861 1596 1363 1864 1597 631 1856 836 1358 1855 1591 1358 1855 1591 1533 1862 1767 1363 1864 1597 1358 1855 1591 633 1355 835 1361 1688 1595 1361 1688 1595 1533 1862 1767 1358 1855 1591 1566 1865 1770 1598 1866 1771 1547 1867 1768 1547 1867 1768 1595 1868 1769 1566 1865 1770 1651 1869 1774 1566 1865 1770 1595 1868 1769 1595 1868 1769 1562 1870 1773 1651 1869 1774 1566 1865 1770 1651 1869 1774 1564 1871 1775 1564 1871 1775 1649 1872 1776 1566 1865 1770 1598 1866 1771 1566 1865 1770 1649 1872 1776 1649 1872 1776 1546 1873 1778 1598 1866 1771 1567 1874 1781 1602 1875 1783 1535 1876 1779 1535 1876 1779 1599 1877 1780 1567 1874 1781 1663 1878 1920 1664 1879 1921 1567 1874 1781 1567 1874 1781 1599 1877 1780 1663 1878 1920 1665 1880 1922 1664 1879 1921 1600 1881 1785 1600 1881 1785 1541 1882 1786 1665 1880 1922 1602 1875 1783 1567 1874 1781 1601 1883 1788 1601 1883 1788 1537 1884 1789 1602 1875 1783 1568 1885 1790 1605 1886 1791 1537 1884 1789 1537 1884 1789 1601 1883 1788 1568 1885 1790 1601 1883 1788 1665 1880 1922 1666 1887 1923 1666 1887 1923 1568 1885 1790 1601 1883 1788 1540 1888 1793 1667 1889 1924 1666 1887 1923 1666 1887 1923 1603 1890 1792 1540 1888 1793 1605 1886 1791 1568 1885 1790 1604 1891 1794 1604 1891 1794 1536 1892 1795 1605 1886 1791 1569 1893 1796 1608 1894 1797 1536 1892 1795 1536 1892 1795 1604 1891 1794 1569 1893 1796 1667 1889 1924 1668 1895 1925 1569 1893 1796 1569 1893 1796 1604 1891 1794 1667 1889 1924 1538 1896 1799 1669 1897 1927 1668 1895 1926 1668 1895 1926 1606 1898 1899 1538 1896 1799 1608 1894 1898 1569 1893 1897 1607 1899 1800 1607 1899 1800 1534 1900 1801 1608 1894 1898 1570 1901 1802 1610 1902 1803 1534 1900 1801 1534 1900 1801 1607 1899 1800 1570 1901 1802 1669 1897 1927 1670 1903 1928 1570 1901 1802 1570 1901 1802 1607 1899 1800 1669 1897 1927 1663 1878 1920 1670 1903 1928 1609 1904 1804 1609 1904 1804 1539 1905 1784 1663 1878 1920 1610 1902 1803 1570 1901 1802 1599 1877 1780 1599 1877 1780 1535 1876 1779 1610 1902 1803 1679 1906 1938 1680 1907 1939 1614 1908 1808 1614 1908 1808 1545 1909 1805 1679 1906 1938 1635 1910 1810 1571 1911 1807 1611 1912 1806 1611 1912 1806 1554 1913 1809 1635 1910 1810 1571 1911 1807 1635 1910 1810 1555 1914 1811 1555 1914 1811 1632 1915 1812 1571 1911 1807 1632 1915 1812 1681 1916 1940 1680 1907 1939 1680 1907 1939 1571 1911 1807 1632 1915 1812 1572 1917 1821 1618 1918 1822 1549 1919 1815 1549 1919 1815 1615 1920 1816 1572 1917 1821 1652 1921 1824 1572 1917 1821 1615 1920 1816 1615 1920 1816 1563 1922 1823 1652 1921 1824 1572 1917 1900 1652 1921 1902 1565 1923 1825 1565 1923 1825 1650 1924 1826 1572 1917 1900 1618 1918 1901 1572 1917 1900 1650 1924 1826 1650 1924 1826 1548 1925 1827 1618 1918 1901 1573 1926 1828 1619 1927 1829 1546 1873 1778 1546 1873 1778 1649 1872 1776 1573 1926 1828 1653 1928 1830 1573 1926 1828 1649 1872 1776 1649 1872 1776 1564 1871 1775 1653 1928 1830 1573 1926 1828 1653 1928 1830 1563 1922 1823 1563 1922 1823 1615 1920 1816 1573 1926 1828 1619 1927 1829 1573 1926 1828 1615 1920 1816 1615 1920 1816 1549 1919 1815 1619 1927 1829 1574 1929 1831 1621 1930 1832 1548 1925 1827 1548 1925 1827 1650 1924 1826 1574 1929 1831 1654 1931 1833 1574 1929 1831 1650 1924 1826 1650 1924 1826 1565 1923 1825 1654 1931 1833 1574 1929 1831 1654 1931 1833 1562 1870 1773 1562 1870 1773 1595 1868 1769 1574 1929 1831 1621 1930 1832 1574 1929 1831 1595 1868 1769 1595 1868 1769 1547 1867 1768 1621 1930 1832 1655 1932 1911 1656 1933 1912 1609 1904 1804 1609 1904 1804 1538 1896 1799 1655 1932 1911 1621 1930 1832 1575 1934 1835 1622 1935 1834 1622 1935 1834 1548 1925 1827 1621 1930 1832 1575 1934 1835 1621 1930 1832 1547 1867 1768 1547 1867 1768 1623 1936 1836 1575 1934 1835 1672 1937 1930 1671 1938 1929 1575 1934 1835 1575 1934 1835 1623 1936 1836 1672 1937 1930 1541 1882 1786 1658 1939 1914 1659 1940 1915 1659 1940 1915 1603 1890 1792 1541 1882 1786 1619 1927 1829 1576 1941 1838 1624 1942 1837 1624 1942 1837 1546 1873 1778 1619 1927 1829 1576 1941 1838 1619 1927 1829 1549 1919 1815 1549 1919 1815 1625 1943 1839 1576 1941 1838 1625 1943 1839 1674 1944 1932 1673 1945 1931 1673 1945 1931 1576 1941 1838 1625 1943 1839 1540 1888 1793 1660 1946 1916 1661 1947 1917 1661 1947 1917 1606 1898 1798 1540 1888 1793 1618 1918 1822 1577 1948 1840 1625 1943 1839 1625 1943 1839 1549 1919 1815 1618 1918 1822 1577 1948 1903 1618 1918 1901 1548 1925 1827 1548 1925 1827 1622 1935 1834 1577 1948 1903 1677 1949 1936 1675 1950 1934 1577 1948 1903 1577 1948 1903 1622 1935 1834 1677 1949 1936 1657 1951 1913 1662 1952 1919 1600 1881 1785 1600 1881 1785 1539 1905 1784 1657 1951 1913 1598 1866 1771 1578 1953 1841 1623 1936 1836 1623 1936 1836 1547 1867 1768 1598 1866 1771 1578 1953 1841 1598 1866 1771 1546 1873 1778 1546 1873 1778 1624 1942 1837 1578 1953 1841 1678 1954 1937 1676 1955 1935 1578 1953 1841 1578 1953 1841 1624 1942 1837 1678 1954 1937 1579 1956 1782 1628 1957 1787 1550 1958 1772 1550 1958 1772 1626 1959 1777 1579 1956 1782 1612 1960 1817 1579 1956 1782 1626 1959 1777 1626 1959 1777 1552 1961 1813 1612 1960 1817 1579 1956 1782 1612 1960 1817 1553 1962 1818 1553 1962 1818 1627 1963 1819 1579 1956 1782 1628 1957 1787 1579 1956 1782 1627 1963 1819 1627 1963 1819 1551 1964 1820 1628 1957 1787 1682 1965 1941 1683 1966 1942 1620 1967 1845 1620 1967 1845 1542 1968 1842 1682 1965 1941 1636 1969 1849 1580 1970 1844 1629 1971 1843 1629 1971 1843 1556 1972 1848 1636 1969 1849 1580 1970 1844 1636 1969 1849 1557 1973 1850 1557 1973 1850 1634 1974 1851 1580 1970 1844 1634 1974 1851 1684 1975 1943 1683 1966 1942 1683 1966 1942 1580 1970 1844 1634 1974 1851 1543 1976 1852 1684 1975 1943 1685 1977 1944 1685 1977 1944 1596 1978 1854 1543 1976 1852 1637 1979 1855 1581 1980 1853 1634 1974 1851 1634 1974 1851 1557 1973 1850 1637 1979 1855 1581 1980 1853 1637 1979 1855 1554 1913 1809 1554 1913 1809 1611 1912 1806 1581 1980 1853 1679 1906 1938 1685 1977 1944 1581 1980 1853 1581 1980 1853 1611 1912 1806 1679 1906 1938 1681 1916 1940 1686 1981 1945 1616 1982 1857 1616 1982 1857 1544 1983 1814 1681 1916 1940 1638 1984 1858 1582 1985 1856 1632 1915 1812 1632 1915 1812 1555 1914 1811 1638 1984 1858 1582 1985 1904 1638 1984 1906 1556 1972 1848 1556 1972 1848 1629 1971 1843 1582 1985 1904 1682 1965 1941 1686 1981 1946 1582 1985 1904 1582 1985 1904 1629 1971 1843 1682 1965 1941 1583 1986 1863 1635 1910 1810 1554 1913 1809 1554 1913 1809 1631 1987 1859 1583 1986 1863 1612 1960 1817 1583 1986 1847 1631 1987 1846 1631 1987 1846 1553 1962 1818 1612 1960 1817 1583 1986 1847 1612 1960 1817 1552 1961 1813 1552 1961 1813 1613 1988 1860 1583 1986 1847 1635 1910 1810 1583 1986 1863 1613 1988 1866 1613 1988 1866 1555 1914 1811 1635 1910 1810 1584 1989 1869 1636 1969 1849 1556 1972 1848 1556 1972 1848 1633 1990 1868 1584 1989 1869 1628 1957 1787 1584 1989 1862 1633 1990 1861 1633 1990 1861 1550 1958 1772 1628 1957 1787 1584 1989 1862 1628 1957 1787 1551 1964 1820 1551 1964 1820 1630 1991 1864 1584 1989 1862 1636 1969 1849 1584 1989 1869 1630 1991 1870 1630 1991 1870 1557 1973 1850 1636 1969 1849 1585 1992 1871 1637 1979 1855 1557 1973 1850 1557 1973 1850 1630 1991 1870 1585 1992 1871 1627 1963 1819 1585 1992 1865 1630 1991 1864 1630 1991 1864 1551 1964 1820 1627 1963 1819 1585 1992 1865 1627 1963 1819 1553 1962 1818 1553 1962 1818 1631 1987 1846 1585 1992 1865 1637 1979 1855 1585 1992 1871 1631 1987 1859 1631 1987 1859 1554 1913 1809 1637 1979 1855 1586 1993 1872 1638 1984 1858 1555 1914 1811 1555 1914 1811 1613 1988 1866 1586 1993 1872 1626 1959 1777 1586 1993 1867 1613 1988 1860 1613 1988 1860 1552 1961 1813 1626 1959 1777 1586 1993 1867 1626 1959 1777 1550 1958 1772 1550 1958 1772 1633 1990 1861 1586 1993 1867 1638 1984 1906 1586 1993 1907 1633 1990 1868 1633 1990 1868 1556 1972 1848 1638 1984 1906 1587 1994 1875 1643 1995 1876 1558 1996 1873 1558 1996 1873 1639 1997 1874 1587 1994 1875 1596 1978 1854 1587 1994 1875 1639 1997 1874 1639 1997 1874 1543 1976 1852 1596 1978 1854 1587 1994 1875 1596 1978 1854 1545 1909 1805 1545 1909 1805 1597 1998 1877 1587 1994 1875 1643 1995 1876 1587 1994 1875 1597 1998 1877 1597 1998 1877 1559 1999 1878 1643 1995 1876 1588 2000 1881 1644 2001 1882 1560 2002 1879 1560 2002 1879 1641 2003 1880 1588 2000 1881 1616 1982 1857 1588 2000 1881 1641 2003 1880 1641 2003 1880 1544 1983 1814 1616 1982 1857 1588 2000 1908 1616 1982 1905 1542 1968 1842 1542 1968 1842 1617 2004 1883 1588 2000 1908 1644 2001 1909 1588 2000 1908 1617 2004 1883 1617 2004 1883 1561 2005 1884 1644 2001 1909 1589 2006 1885 1645 2007 1886 1559 1999 1878 1559 1999 1878 1597 1998 1877 1589 2006 1885 1614 1908 1808 1589 2006 1885 1597 1998 1877 1597 1998 1877 1545 1909 1805 1614 1908 1808 1589 2006 1885 1614 1908 1808 1544 1983 1814 1544 1983 1814 1641 2003 1880 1589 2006 1885 1645 2007 1886 1589 2006 1885 1641 2003 1880 1641 2003 1880 1560 2002 1879 1645 2007 1886 1590 2008 1887 1646 2009 1888 1561 2005 1884 1561 2005 1884 1617 2004 1883 1590 2008 1887 1620 1967 1845 1590 2008 1887 1617 2004 1883 1617 2004 1883 1542 1968 1842 1620 1967 1845 1590 2008 1887 1620 1967 1845 1543 1976 1852 1543 1976 1852 1639 1997 1874 1590 2008 1887 1646 2009 1888 1590 2008 1887 1639 1997 1874 1639 1997 1874 1558 1996 1873 1646 2009 1888 1591 2010 1890 1651 1869 1774 1562 1870 1773 1562 1870 1773 1647 2011 1889 1591 2010 1890 1643 1995 1876 1591 2010 1890 1647 2011 1889 1647 2011 1889 1558 1996 1873 1643 1995 1876 1591 2010 1890 1643 1995 1876 1559 1999 1878 1559 1999 1878 1640 2012 1891 1591 2010 1890 1651 1869 1774 1591 2010 1890 1640 2012 1891 1640 2012 1891 1564 1871 1775 1651 1869 1774 1592 2013 1893 1652 1921 1824 1563 1922 1823 1563 1922 1823 1648 2014 1892 1592 2013 1893 1644 2001 1882 1592 2013 1893 1648 2014 1892 1648 2014 1892 1560 2002 1879 1644 2001 1882 1592 2013 1910 1644 2001 1909 1561 2005 1884 1561 2005 1884 1642 2015 1894 1592 2013 1910 1652 1921 1902 1592 2013 1910 1642 2015 1894 1642 2015 1894 1565 1923 1825 1652 1921 1902 1593 2016 1895 1653 1928 1830 1564 1871 1775 1564 1871 1775 1640 2012 1891 1593 2016 1895 1645 2007 1886 1593 2016 1895 1640 2012 1891 1640 2012 1891 1559 1999 1878 1645 2007 1886 1593 2016 1895 1645 2007 1886 1560 2002 1879 1560 2002 1879 1648 2014 1892 1593 2016 1895 1653 1928 1830 1593 2016 1895 1648 2014 1892 1648 2014 1892 1563 1922 1823 1653 1928 1830 1594 2017 1896 1654 1931 1833 1565 1923 1825 1565 1923 1825 1642 2015 1894 1594 2017 1896 1646 2009 1888 1594 2017 1896 1642 2015 1894 1642 2015 1894 1561 2005 1884 1646 2009 1888 1594 2017 1896 1646 2009 1888 1558 1996 1873 1558 1996 1873 1647 2011 1889 1594 2017 1896 1654 1931 1833 1594 2017 1896 1647 2011 1889 1647 2011 1889 1562 1870 1773 1654 1931 1833 1677 1949 1936 1671 1938 1929 1656 1933 1912 1656 1933 1912 1655 1932 1911 1677 1949 1936 1539 1905 1784 1609 1904 1804 1656 1933 1912 1656 1933 1912 1657 1951 1913 1539 1905 1784 1658 1939 1914 1678 1954 1937 1673 1945 1931 1673 1945 1931 1659 1940 1915 1658 1939 1914 1660 1946 1916 1540 1888 1793 1603 1890 1792 1603 1890 1792 1659 1940 1915 1660 1946 1916 1660 1946 1916 1674 1944 1932 1675 1950 1933 1675 1950 1933 1661 1947 1917 1660 1946 1916 1655 1932 1911 1538 1896 1799 1606 1898 1899 1606 1898 1899 1661 1947 1918 1655 1932 1911 1672 1937 1930 1676 1955 1935 1662 1952 1919 1662 1952 1919 1657 1951 1913 1672 1937 1930 1541 1882 1786 1600 1881 1785 1662 1952 1919 1662 1952 1919 1658 1939 1914 1541 1882 1786 1539 1905 1784 1600 1881 1785 1664 1879 1921 1664 1879 1921 1663 1878 1920 1539 1905 1784 1601 1883 1788 1567 1874 1781 1664 1879 1921 1664 1879 1921 1665 1880 1922 1601 1883 1788 1665 1880 1922 1541 1882 1786 1603 1890 1792 1603 1890 1792 1666 1887 1923 1665 1880 1922 1667 1889 1924 1604 1891 1794 1568 1885 1790 1568 1885 1790 1666 1887 1923 1667 1889 1924 1667 1889 1924 1540 1888 1793 1606 1898 1798 1606 1898 1798 1668 1895 1925 1667 1889 1924 1669 1897 1927 1607 1899 1800 1569 1893 1897 1569 1893 1897 1668 1895 1926 1669 1897 1927 1538 1896 1799 1609 1904 1804 1670 1903 1928 1670 1903 1928 1669 1897 1927 1538 1896 1799 1599 1877 1780 1570 1901 1802 1670 1903 1928 1670 1903 1928 1663 1878 1920 1599 1877 1780 1657 1951 1913 1656 1933 1912 1671 1938 1929 1671 1938 1929 1672 1937 1930 1657 1951 1913 1674 1944 1932 1660 1946 1916 1659 1940 1915 1659 1940 1915 1673 1945 1931 1674 1944 1932 1655 1932 1911 1661 1947 1918 1675 1950 1934 1675 1950 1934 1677 1949 1936 1655 1932 1911 1658 1939 1914 1662 1952 1919 1676 1955 1935 1676 1955 1935 1678 1954 1937 1658 1939 1914 1622 1935 1834 1575 1934 1835 1671 1938 1929 1671 1938 1929 1677 1949 1936 1622 1935 1834 1678 1954 1937 1624 1942 1837 1576 1941 1838 1576 1941 1838 1673 1945 1931 1678 1954 1937 1674 1944 1932 1625 1943 1839 1577 1948 1840 1577 1948 1840 1675 1950 1933 1674 1944 1932 1623 1936 1836 1578 1953 1841 1676 1955 1935 1676 1955 1935 1672 1937 1930 1623 1936 1836 1611 1912 1806 1571 1911 1807 1680 1907 1939 1680 1907 1939 1679 1906 1938 1611 1912 1806 1544 1983 1814 1614 1908 1808 1680 1907 1939 1680 1907 1939 1681 1916 1940 1544 1983 1814 1629 1971 1843 1580 1970 1844 1683 1966 1942 1683 1966 1942 1682 1965 1941 1629 1971 1843 1684 1975 1943 1543 1976 1852 1620 1967 1845 1620 1967 1845 1683 1966 1942 1684 1975 1943 1684 1975 1943 1634 1974 1851 1581 1980 1853 1581 1980 1853 1685 1977 1944 1684 1975 1943 1545 1909 1805 1596 1978 1854 1685 1977 1944 1685 1977 1944 1679 1906 1938 1545 1909 1805 1632 1915 1812 1582 1985 1856 1686 1981 1945 1686 1981 1945 1681 1916 1940 1632 1915 1812 1542 1968 1842 1616 1982 1905 1686 1981 1946 1686 1981 1946 1682 1965 1941 1542 1968 1842 1689 2018 1949 1688 2019 1948 1687 2020 1947 1687 2020 1947 1690 2021 1950 1689 2018 1949 1692 2022 1952 1691 2023 1951 1688 2019 1948 1688 2019 1948 1689 2018 1949 1692 2022 1952 1689 2018 1949 1694 2024 1954 1693 2025 1953 1693 2025 1953 1692 2022 1952 1689 2018 1949 1690 2021 1950 1695 2026 1955 1694 2024 1954 1694 2024 1954 1689 2018 1949 1690 2021 1950 1698 2027 1958 1697 2028 1957 1696 2029 1956 1696 2029 1956 1699 2030 1959 1698 2027 1958 1700 2031 1960 1697 2028 1957 1698 2027 1958 1698 2027 1958 1701 2032 1961 1700 2031 1960 1703 2033 1963 1702 2034 1962 1704 2035 1964 1704 2035 1964 1701 2032 1961 1703 2033 1963 1699 2030 1959 1706 2036 1966 1705 2037 1965 1705 2037 1965 1698 2027 1958 1699 2030 1959 1707 2038 1967 1705 2037 1965 1706 2036 1966 1706 2036 1966 1708 2039 1968 1707 2038 1967 1705 2037 1965 1707 2038 1967 1709 2040 1969 1709 2040 1969 1703 2033 1963 1705 2037 1965 1710 2041 1970 1712 2042 1972 1709 2040 1969 1709 2040 1969 1711 2043 1971 1710 2041 1970 1708 2039 1968 1714 2044 1974 1713 2045 1973 1713 2045 1973 1707 2038 1967 1708 2039 1968 1715 2046 1975 1713 2045 1973 1714 2044 1974 1714 2044 1974 1716 2047 1976 1715 2046 1975 1711 2043 1971 1713 2045 1973 1715 2046 1975 1715 2046 1975 1717 2048 1977 1711 2043 1971 1718 2049 1978 1720 2050 1981 1717 2048 1980 1717 2048 1980 1719 2051 1979 1718 2049 1978 1716 2047 1984 1722 2052 1983 1721 2053 1982 1721 2053 1982 1715 2046 1985 1716 2047 1984 1723 2054 1986 1721 2053 1982 1722 2052 1983 1722 2052 1983 1724 2055 1987 1723 2054 1986 1719 2051 1979 1721 2053 1982 1723 2054 1986 1723 2054 1986 1725 2056 1988 1719 2051 1979 1700 2031 1960 1726 2057 1989 1727 2058 1990 1727 2058 1990 1725 2056 1988 1700 2031 1960 1724 2055 1987 1696 2029 1956 1697 2028 1957 1697 2028 1957 1723 2054 1986 1724 2055 1987 1729 2059 1992 1728 2060 1991 1731 2061 1994 1731 2061 1994 1730 2062 1993 1729 2059 1992 1734 2063 1997 1733 2064 1996 1732 2065 1995 1732 2065 1995 1735 2066 1998 1734 2063 1997 1735 2066 1998 1737 2067 2000 1736 2068 1999 1736 2068 1999 1734 2063 1997 1735 2066 1998 1737 2067 2000 1735 2066 1998 1730 2062 1993 1730 2062 1993 1738 2069 2001 1737 2067 2000 1741 2070 2004 1740 2071 2003 1739 2072 2002 1739 2072 2002 1742 2073 2005 1741 2070 2004 1744 2074 2007 1743 2075 2006 1740 2071 2003 1740 2071 2003 1741 2070 2004 1744 2074 2007 1741 2070 2010 1746 2076 2009 1745 2077 2008 1745 2077 2008 1744 2074 2011 1741 2070 2010 1742 2073 2013 1747 2078 2012 1746 2076 2009 1746 2076 2009 1741 2070 2010 1742 2073 2013 1748 2079 2014 1694 2024 1954 1695 2026 1955 1695 2026 1955 1749 2080 2015 1748 2079 2014 1750 2081 2016 1693 2025 1953 1694 2024 1954 1694 2024 1954 1748 2079 2014 1750 2081 2016 1748 2079 2014 1740 2071 2003 1743 2075 2006 1743 2075 2006 1750 2081 2016 1748 2079 2014 1749 2080 2015 1739 2072 2002 1740 2071 2003 1740 2071 2003 1748 2079 2014 1749 2080 2015 1751 2082 2017 1746 2076 2009 1747 2078 2012 1747 2078 2012 1752 2083 2018 1751 2082 2017 1753 2084 2019 1745 2077 2008 1746 2076 2009 1746 2076 2009 1751 2082 2017 1753 2084 2019 1751 2082 2017 1688 2019 1948 1691 2023 1951 1691 2023 1951 1753 2084 2019 1751 2082 2017 1752 2083 2018 1687 2020 1947 1688 2019 1948 1688 2019 1948 1751 2082 2017 1752 2083 2018 1754 2085 2020 1718 2049 1978 1727 2058 1990 1727 2058 1990 1755 2086 2021 1754 2085 2020 1752 2083 2018 1747 2078 2012 1756 2087 2022 1756 2087 2022 1757 2088 2023 1752 2083 2018 1757 2088 2023 1758 2089 2024 1687 2020 1947 1687 2020 1947 1752 2083 2018 1757 2088 2023 1759 2090 2025 1758 2089 2024 1757 2088 2023 1757 2088 2023 1760 2091 2026 1759 2090 2025 1702 2034 1962 1712 2042 1972 1762 2092 2028 1762 2092 2028 1761 2093 2027 1702 2034 1962 1749 2080 2015 1695 2026 1955 1763 2094 2029 1763 2094 2029 1764 2095 2030 1749 2080 2015 1764 2095 2030 1765 2096 2031 1739 2072 2002 1739 2072 2002 1749 2080 2015 1764 2095 2030 1765 2096 2031 1764 2095 2030 1767 2097 2033 1767 2097 2033 1766 2098 2032 1765 2096 2031 1710 2041 1970 1720 2050 2036 1769 2099 2035 1769 2099 2035 1768 2100 2034 1710 2041 1970 1742 2073 2005 1739 2072 2002 1765 2096 2031 1765 2096 2031 1770 2101 2037 1742 2073 2005 1770 2101 2038 1756 2087 2022 1747 2078 2012 1747 2078 2012 1742 2073 2013 1770 2101 2038 1771 2102 2039 1756 2087 2022 1770 2101 2038 1770 2101 2038 1772 2103 2040 1771 2102 2039 1773 2104 2041 1726 2057 1989 1704 2035 1964 1704 2035 1964 1774 2105 2042 1773 2104 2041 1690 2021 1950 1687 2020 1947 1758 2089 2024 1758 2089 2024 1775 2106 2043 1690 2021 1950 1775 2106 2043 1763 2094 2029 1695 2026 1955 1695 2026 1955 1690 2021 1950 1775 2106 2043 1776 2107 2044 1763 2094 2029 1775 2106 2043 1775 2106 2043 1777 2108 2045 1776 2107 2044 1780 2109 2048 1779 2110 2047 1778 2111 2046 1778 2111 2046 1781 2112 2049 1780 2109 2048 1783 2113 2051 1782 2114 2050 1779 2110 2047 1779 2110 2047 1780 2109 2048 1783 2113 2051 1780 2109 2048 1785 2115 2053 1784 2116 2052 1784 2116 2052 1783 2113 2051 1780 2109 2048 1781 2112 2049 1786 2117 2054 1785 2115 2053 1785 2115 2053 1780 2109 2048 1781 2112 2049 1788 2118 2056 1787 2119 2055 1790 2120 2058 1790 2120 2058 1789 2121 2057 1788 2118 2056 1793 2122 2061 1792 2123 2060 1791 2124 2059 1791 2124 2059 1794 2125 2062 1793 2122 2061 1794 2125 2062 1796 2126 2064 1795 2127 2063 1795 2127 2063 1793 2122 2061 1794 2125 2062 1796 2126 2064 1794 2125 2062 1789 2121 2057 1789 2121 2057 1797 2128 2065 1796 2126 2064 1798 2129 2066 1800 2130 2068 1799 2131 2067 1799 2131 2067 1797 2128 2065 1798 2129 2066 1801 2132 2069 1795 2127 2063 1796 2126 2064 1796 2126 2064 1802 2133 2070 1801 2132 2069 1802 2133 2070 1732 2065 1995 1733 2064 1996 1733 2064 1996 1801 2132 2069 1802 2133 2070 1729 2059 1992 1732 2065 1995 1802 2133 2070 1802 2133 2070 1799 2131 2067 1729 2059 1992 1738 2069 2001 1803 2134 2071 1805 2135 2073 1805 2135 2073 1804 2136 2072 1738 2069 2001 1806 2137 2074 1736 2068 1999 1737 2067 2000 1737 2067 2000 1807 2138 2075 1806 2137 2074 1807 2138 2076 1791 2124 2059 1792 2123 2060 1792 2123 2060 1806 2137 2077 1807 2138 2076 1788 2118 2056 1791 2124 2059 1807 2138 2076 1807 2138 2076 1804 2136 2078 1788 2118 2056 1809 2139 2080 1808 2140 2079 1733 2064 1996 1733 2064 1996 1734 2063 1997 1809 2139 2080 1783 2113 2051 1784 2116 2052 1808 2140 2081 1808 2140 2081 1809 2139 2082 1783 2113 2051 1809 2139 2082 1810 2141 2083 1782 2114 2050 1782 2114 2050 1783 2113 2051 1809 2139 2082 1734 2063 1997 1736 2068 1999 1810 2141 2084 1810 2141 2084 1809 2139 2080 1734 2063 1997 1812 2142 2086 1811 2143 2085 1792 2123 2060 1792 2123 2060 1793 2122 2061 1812 2142 2086 1781 2112 2049 1778 2111 2046 1811 2143 2087 1811 2143 2087 1812 2142 2088 1781 2112 2049 1812 2142 2088 1813 2144 2089 1786 2117 2054 1786 2117 2054 1781 2112 2049 1812 2142 2088 1793 2122 2061 1795 2127 2063 1813 2144 2090 1813 2144 2090 1812 2142 2086 1793 2122 2061 1814 2145 2091 1813 2144 2090 1795 2127 2063 1795 2127 2063 1801 2132 2069 1814 2145 2091 1785 2115 2053 1786 2117 2054 1813 2144 2089 1813 2144 2089 1814 2145 2092 1785 2115 2053 1814 2145 2092 1808 2140 2081 1784 2116 2052 1784 2116 2052 1785 2115 2053 1814 2145 2092 1801 2132 2069 1733 2064 1996 1808 2140 2079 1808 2140 2079 1814 2145 2091 1801 2132 2069 1815 2146 2093 1810 2141 2084 1736 2068 1999 1736 2068 1999 1806 2137 2074 1815 2146 2093 1779 2110 2047 1782 2114 2050 1810 2141 2083 1810 2141 2083 1815 2146 2094 1779 2110 2047 1815 2146 2094 1811 2143 2087 1778 2111 2046 1778 2111 2046 1779 2110 2047 1815 2146 2094 1806 2137 2077 1792 2123 2060 1811 2143 2085 1811 2143 2085 1815 2146 2095 1806 2137 2077 1818 2147 2098 1817 2148 2097 1816 2149 2096 1816 2149 2096 1819 2150 2099 1818 2147 2098 1800 2130 2068 1798 2129 2066 1817 2148 2097 1817 2148 2097 1818 2147 2098 1800 2130 2068 1818 2147 2098 1820 2151 2100 1728 2060 1991 1728 2060 1991 1800 2130 2068 1818 2147 2098 1819 2150 2099 1821 2152 2101 1820 2151 2100 1820 2151 2100 1818 2147 2098 1819 2150 2099 1824 2153 2104 1823 2154 2103 1822 2155 2102 1822 2155 2102 1825 2156 2105 1824 2153 2104 1805 2135 2073 1803 2134 2071 1823 2154 2103 1823 2154 2103 1824 2153 2104 1805 2135 2073 1824 2153 2107 1826 2157 2106 1787 2119 2055 1787 2119 2055 1805 2135 2108 1824 2153 2107 1825 2156 2110 1827 2158 2109 1826 2157 2106 1826 2157 2106 1824 2153 2107 1825 2156 2110 1828 2159 2111 1820 2151 2100 1821 2152 2101 1821 2152 2101 1829 2160 2112 1828 2159 2111 1731 2061 1994 1728 2060 1991 1820 2151 2100 1820 2151 2100 1828 2159 2111 1731 2061 1994 1828 2159 2111 1823 2154 2103 1803 2134 2071 1803 2134 2071 1731 2061 1994 1828 2159 2111 1829 2160 2112 1822 2155 2102 1823 2154 2103 1823 2154 2103 1828 2159 2111 1829 2160 2112 1830 2161 2113 1826 2157 2106 1827 2158 2109 1827 2158 2109 1831 2162 2114 1830 2161 2113 1790 2120 2058 1787 2119 2055 1826 2157 2106 1826 2157 2106 1830 2161 2113 1790 2120 2058 1830 2161 2113 1817 2148 2097 1798 2129 2066 1798 2129 2066 1790 2120 2058 1830 2161 2113 1831 2162 2114 1816 2149 2096 1817 2148 2097 1817 2148 2097 1830 2161 2113 1831 2162 2114 1833 2163 2116 1832 2164 2115 1691 2023 1951 1691 2023 1951 1692 2022 1952 1833 2163 2116 1819 2150 2099 1816 2149 2096 1832 2164 2115 1832 2164 2115 1833 2163 2116 1819 2150 2099 1833 2163 2116 1834 2165 2117 1821 2152 2101 1821 2152 2101 1819 2150 2099 1833 2163 2116 1692 2022 1952 1693 2025 1953 1834 2165 2117 1834 2165 2117 1833 2163 2116 1692 2022 1952 1836 2166 2119 1835 2167 2118 1743 2075 2006 1743 2075 2006 1744 2074 2007 1836 2166 2119 1825 2156 2105 1822 2155 2102 1835 2167 2118 1835 2167 2118 1836 2166 2119 1825 2156 2105 1836 2166 2121 1837 2168 2120 1827 2158 2109 1827 2158 2109 1825 2156 2110 1836 2166 2121 1744 2074 2011 1745 2077 2008 1837 2168 2120 1837 2168 2120 1836 2166 2121 1744 2074 2011 1838 2169 2122 1834 2165 2117 1693 2025 1953 1693 2025 1953 1750 2081 2016 1838 2169 2122 1829 2160 2112 1821 2152 2101 1834 2165 2117 1834 2165 2117 1838 2169 2122 1829 2160 2112 1838 2169 2122 1835 2167 2118 1822 2155 2102 1822 2155 2102 1829 2160 2112 1838 2169 2122 1750 2081 2016 1743 2075 2006 1835 2167 2118 1835 2167 2118 1838 2169 2122 1750 2081 2016 1839 2170 2123 1837 2168 2120 1745 2077 2008 1745 2077 2008 1753 2084 2019 1839 2170 2123 1831 2162 2114 1827 2158 2109 1837 2168 2120 1837 2168 2120 1839 2170 2123 1831 2162 2114 1839 2170 2123 1832 2164 2115 1816 2149 2096 1816 2149 2096 1831 2162 2114 1839 2170 2123 1753 2084 2019 1691 2023 1951 1832 2164 2115 1832 2164 2115 1839 2170 2123 1753 2084 2019 1771 2102 2039 1754 2085 2020 1755 2086 2021 1755 2086 2021 1760 2091 2026 1771 2102 2039 1726 2057 1989 1773 2104 2041 1755 2086 2021 1755 2086 2021 1727 2058 1990 1726 2057 1989 1761 2093 2027 1762 2092 2028 1767 2097 2033 1767 2097 2033 1776 2107 2044 1761 2093 2027 1768 2100 2034 1762 2092 2028 1712 2042 1972 1712 2042 1972 1710 2041 1970 1768 2100 2034 1768 2100 2034 1769 2099 2035 1772 2103 2124 1772 2103 2124 1766 2098 2032 1768 2100 2034 1754 2085 2020 1769 2099 2125 1720 2050 1981 1720 2050 1981 1718 2049 1978 1754 2085 2020 1759 2090 2025 1773 2104 2041 1774 2105 2042 1774 2105 2042 1777 2108 2045 1759 2090 2025 1702 2034 1962 1761 2093 2027 1774 2105 2042 1774 2105 2042 1704 2035 1964 1702 2034 1962 1726 2057 1989 1700 2031 1960 1701 2032 1961 1701 2032 1961 1704 2035 1964 1726 2057 1989 1705 2037 1965 1703 2033 1963 1701 2032 1961 1701 2032 1961 1698 2027 1958 1705 2037 1965 1703 2033 1963 1709 2040 1969 1712 2042 1972 1712 2042 1972 1702 2034 1962 1703 2033 1963 1711 2043 1971 1709 2040 1969 1707 2038 1967 1707 2038 1967 1713 2045 1973 1711 2043 1971 1711 2043 1971 1717 2048 1977 1720 2050 2036 1720 2050 2036 1710 2041 1970 1711 2043 1971 1719 2051 1979 1717 2048 1980 1715 2046 1985 1715 2046 1985 1721 2053 1982 1719 2051 1979 1718 2049 1978 1719 2051 1979 1725 2056 1988 1725 2056 1988 1727 2058 1990 1718 2049 1978 1697 2028 1957 1700 2031 1960 1725 2056 1988 1725 2056 1988 1723 2054 1986 1697 2028 1957 1773 2104 2041 1759 2090 2025 1760 2091 2026 1760 2091 2026 1755 2086 2021 1773 2104 2041 1766 2098 2032 1767 2097 2033 1762 2092 2028 1762 2092 2028 1768 2100 2034 1766 2098 2032 1754 2085 2020 1771 2102 2039 1772 2103 2040 1772 2103 2040 1769 2099 2125 1754 2085 2020 1761 2093 2027 1776 2107 2044 1777 2108 2045 1777 2108 2045 1774 2105 2042 1761 2093 2027 1756 2087 2022 1771 2102 2039 1760 2091 2026 1760 2091 2026 1757 2088 2023 1756 2087 2022 1776 2107 2044 1767 2097 2033 1764 2095 2030 1764 2095 2030 1763 2094 2029 1776 2107 2044 1766 2098 2032 1772 2103 2124 1770 2101 2037 1770 2101 2037 1765 2096 2031 1766 2098 2032 1758 2089 2024 1759 2090 2025 1777 2108 2045 1777 2108 2045 1775 2106 2043 1758 2089 2024 1732 2065 1995 1729 2059 1992 1730 2062 1993 1730 2062 1993 1735 2066 1998 1732 2065 1995 1803 2134 2071 1738 2069 2001 1730 2062 1993 1730 2062 1993 1731 2061 1994 1803 2134 2071 1791 2124 2059 1788 2118 2056 1789 2121 2057 1789 2121 2057 1794 2125 2062 1791 2124 2059 1797 2128 2065 1789 2121 2057 1790 2120 2058 1790 2120 2058 1798 2129 2066 1797 2128 2065 1797 2128 2065 1799 2131 2067 1802 2133 2070 1802 2133 2070 1796 2126 2064 1797 2128 2065 1728 2060 1991 1729 2059 1992 1799 2131 2067 1799 2131 2067 1800 2130 2068 1728 2060 1991 1737 2067 2000 1738 2069 2001 1804 2136 2072 1804 2136 2072 1807 2138 2075 1737 2067 2000 1787 2119 2055 1788 2118 2056 1804 2136 2078 1804 2136 2078 1805 2135 2108 1787 2119 2055 1840 2171 2126 1845 2172 2127 1864 2173 2153 1864 2173 2153 1865 2174 2154 1840 2171 2126 1843 2175 2128 1866 2176 2155 1864 2173 2153 1864 2173 2153 1845 2172 2127 1843 2175 2128 1847 2177 2130 1867 2178 2156 1868 2179 2157 1868 2179 2157 1841 2180 2129 1847 2177 2130 1840 2171 2126 1865 2174 2154 1867 2178 2156 1867 2178 2156 1847 2177 2130 1840 2171 2126 1844 2181 2131 1869 2182 2158 1866 2176 2155 1866 2176 2155 1843 2175 2128 1844 2181 2131 1842 2183 2132 1870 2184 2160 1869 2182 2159 1869 2182 2159 1844 2181 2134 1842 2183 2132 1846 2185 2133 1871 2186 2161 1870 2184 2160 1870 2184 2160 1842 2183 2132 1846 2185 2133 1841 2180 2129 1868 2179 2157 1871 2186 2161 1871 2186 2161 1846 2185 2133 1841 2180 2129 1862 181 2151 1872 2187 2162 1873 2188 2163 1873 2188 2163 1852 180 2140 1862 181 2151 1843 2175 2128 1874 2189 2165 1873 2188 2164 1873 2188 2164 1844 2181 2131 1843 2175 2128 1863 184 2152 1875 2190 2166 1876 2191 2167 1876 2191 2167 1853 183 2142 1863 184 2152 1842 2183 2132 1872 2187 2162 1876 2191 2167 1876 2191 2167 1846 2185 2133 1842 2183 2132 1874 2189 2165 1877 2192 2168 1854 185 2143 1854 185 2143 1856 182 2145 1874 2189 2165 1878 2193 2169 1877 2192 2168 1845 2172 2127 1845 2172 2127 1840 2171 2126 1878 2193 2169 1878 2193 2169 1879 2194 2170 1855 187 2144 1855 187 2144 1858 186 2147 1878 2193 2169 1841 2180 2129 1875 2190 2166 1879 2194 2170 1879 2194 2170 1847 2177 2130 1841 2180 2129 1848 57 2135 1860 61 2149 1865 2174 2154 1865 2174 2154 1864 2173 2153 1848 57 2135 1866 2176 2155 1857 58 2146 1848 57 2135 1848 57 2135 1864 2173 2153 1866 2176 2155 1849 87 2136 1861 89 2150 1868 2179 2157 1868 2179 2157 1867 2178 2156 1849 87 2136 1865 2174 2154 1860 61 2149 1849 87 2136 1849 87 2136 1867 2178 2156 1865 2174 2154 1869 2182 2158 1850 91 2137 1857 58 2146 1857 58 2146 1866 2176 2155 1869 2182 2158 1859 92 2148 1850 91 2138 1869 2182 2159 1869 2182 2159 1870 2184 2160 1859 92 2148 1851 95 2139 1859 92 2148 1870 2184 2160 1870 2184 2160 1871 2186 2161 1851 95 2139 1861 89 2150 1851 95 2139 1871 2186 2161 1871 2186 2161 1868 2179 2157 1861 89 2150 1872 2187 2162 1842 2183 2132 1844 2181 2134 1844 2181 2134 1873 2188 2163 1872 2187 2162 1856 182 2145 1852 180 2141 1873 2188 2164 1873 2188 2164 1874 2189 2165 1856 182 2145 1875 2190 2166 1841 2180 2129 1846 2185 2133 1846 2185 2133 1876 2191 2167 1875 2190 2166 1872 2187 2162 1862 181 2151 1853 183 2142 1853 183 2142 1876 2191 2167 1872 2187 2162 1843 2175 2128 1845 2172 2127 1877 2192 2168 1877 2192 2168 1874 2189 2165 1843 2175 2128 1858 186 2147 1854 185 2143 1877 2192 2168 1877 2192 2168 1878 2193 2169 1858 186 2147 1878 2193 2169 1840 2171 2126 1847 2177 2130 1847 2177 2130 1879 2194 2170 1878 2193 2169 1875 2190 2166 1863 184 2152 1855 187 2144 1855 187 2144 1879 2194 2170 1875 2190 2166 1880 2195 2171 1883 2196 2174 1882 2197 2173 1882 2197 2173 1881 2198 2172 1880 2195 2171 1884 2199 2175 1881 2198 2172 1882 2197 2173 1882 2197 2173 1885 2200 2176 1884 2199 2175 1887 2201 2178 1886 2202 2177 1889 2203 2180 1889 2203 2180 1888 2204 2179 1887 2201 2178 1880 2195 2171 1887 2201 2178 1888 2204 2179 1888 2204 2179 1883 2196 2174 1880 2195 2171 1890 2205 2181 1884 2199 2175 1885 2200 2176 1885 2200 2176 1891 2206 2182 1890 2205 2181 1892 2207 2184 1890 2205 2183 1891 2206 2186 1891 2206 2186 1893 2208 2185 1892 2207 2184 1894 2209 2187 1892 2207 2184 1893 2208 2185 1893 2208 2185 1895 2210 2188 1894 2209 2187 1886 2202 2177 1894 2209 2187 1895 2210 2188 1895 2210 2188 1889 2203 2180 1886 2202 2177 1896 353 2189 1899 352 2192 1898 2211 2191 1898 2211 2191 1897 2212 2190 1896 353 2189 1884 2199 2175 1890 2205 2181 1898 2211 2194 1898 2211 2194 1900 2213 2193 1884 2199 2175 1901 356 2195 1904 355 2198 1903 2214 2197 1903 2214 2197 1902 2215 2196 1901 356 2195 1892 2207 2184 1894 2209 2187 1903 2214 2197 1903 2214 2197 1897 2212 2190 1892 2207 2184 1900 2213 2193 1905 354 2199 1907 357 2201 1907 357 2201 1906 2216 2200 1900 2213 2193 1908 2217 2202 1880 2195 2171 1881 2198 2172 1881 2198 2172 1906 2216 2200 1908 2217 2202 1908 2217 2202 1909 358 2203 1911 359 2205 1911 359 2205 1910 2218 2204 1908 2217 2202 1886 2202 2177 1887 2201 2178 1910 2218 2204 1910 2218 2204 1902 2215 2196 1886 2202 2177 1912 235 2206 1882 2197 2173 1883 2196 2174 1883 2196 2174 1913 239 2207 1912 235 2206 1885 2200 2176 1882 2197 2173 1912 235 2206 1912 235 2206 1914 238 2208 1885 2200 2176 1915 265 2209 1888 2204 2179 1889 2203 2180 1889 2203 2180 1916 267 2210 1915 265 2209 1883 2196 2174 1888 2204 2179 1915 265 2209 1915 265 2209 1913 239 2207 1883 2196 2174 1891 2206 2182 1885 2200 2176 1914 238 2208 1914 238 2208 1917 269 2211 1891 2206 2182 1918 272 2212 1893 2208 2185 1891 2206 2186 1891 2206 2186 1917 269 2213 1918 272 2212 1919 273 2214 1895 2210 2188 1893 2208 2185 1893 2208 2185 1918 272 2212 1919 273 2214 1916 267 2210 1889 2203 2180 1895 2210 2188 1895 2210 2188 1919 273 2214 1916 267 2210 1897 2212 2190 1898 2211 2191 1890 2205 2183 1890 2205 2183 1892 2207 2184 1897 2212 2190 1905 354 2199 1900 2213 2193 1898 2211 2194 1898 2211 2194 1899 352 2215 1905 354 2199 1902 2215 2196 1903 2214 2197 1894 2209 2187 1894 2209 2187 1886 2202 2177 1902 2215 2196 1897 2212 2190 1903 2214 2197 1904 355 2198 1904 355 2198 1896 353 2189 1897 2212 2190 1884 2199 2175 1900 2213 2193 1906 2216 2200 1906 2216 2200 1881 2198 2172 1884 2199 2175 1909 358 2203 1908 2217 2202 1906 2216 2200 1906 2216 2200 1907 357 2201 1909 358 2203 1908 2217 2202 1910 2218 2204 1887 2201 2178 1887 2201 2178 1880 2195 2171 1908 2217 2202 1902 2215 2196 1910 2218 2204 1911 359 2205 1911 359 2205 1901 356 2195 1902 2215 2196 1920 2219 2216 871 2220 1026 1921 2221 2218 1921 2221 2218 1931 2222 2230 1920 2219 2216 1921 2221 2218 390 783 1027 1922 796 2219 1922 796 2219 1931 2222 2230 1921 2221 2218 1922 796 2219 870 791 1025 1920 2219 2216 1920 2219 2216 1931 2222 2230 1922 796 2219 1923 2223 2220 388 2224 1028 1098 2225 2221 1098 2225 2221 1932 2226 2231 1923 2223 2220 1098 2225 2221 390 783 1027 1921 2221 2218 1921 2221 2218 1932 2226 2231 1098 2225 2221 1921 2221 2218 871 2220 1026 1923 2223 2220 1923 2223 2220 1932 2226 2231 1921 2221 2218 1923 2223 2220 871 2220 1026 1924 2227 2222 1924 2227 2222 1933 2228 2232 1923 2223 2220 1924 2227 2222 874 2229 1029 1925 2230 2224 1925 2230 2224 1933 2228 2232 1924 2227 2222 1925 2230 2224 388 2224 1028 1923 2223 2220 1923 2223 2220 1933 2228 2232 1925 2230 2224 1926 883 2225 872 874 1063 1927 2231 2226 1927 2231 2226 1934 2232 2233 1926 883 2225 1927 2231 2226 871 2220 1062 1920 2219 2217 1920 2219 2217 1934 2232 2233 1927 2231 2226 1920 2219 2217 870 791 1061 1926 883 2225 1926 883 2225 1934 2232 2233 1920 2219 2217 1927 2231 2226 872 874 1063 1928 2233 2227 1928 2233 2227 1935 2234 2234 1927 2231 2226 1928 2233 2227 873 2235 1064 1929 2236 2228 1929 2236 2228 1935 2234 2234 1928 2233 2227 1929 2236 2228 871 2220 1062 1927 2231 2226 1927 2231 2226 1935 2234 2234 1929 2236 2228 1930 2237 2229 874 2229 1065 1924 2227 2223 1924 2227 2223 1936 2238 2235 1930 2237 2229 1924 2227 2223 871 2220 1062 1929 2236 2228 1929 2236 2228 1936 2238 2235 1924 2227 2223 1929 2236 2228 873 2235 1064 1930 2237 2229 1930 2237 2229 1936 2238 2235 1929 2236 2228 854 798 1041 870 791 1025 1922 796 2219 845 782 1030 854 798 1041 1922 796 2219 875 872 1066 872 874 1063 1926 883 2225 1926 883 2225 870 791 1061 888 884 1079 880 880 1071 879 879 1070 882 2239 1072 882 2239 1072 884 787 1074 880 880 1071 884 787 1074 856 2240 1036 849 792 1034 849 792 1034 1937 794 2236 884 787 1074 884 787 1074 850 790 1037 856 2240 1036 882 2239 1072 883 877 1073 884 787 1074</p>
        </triangles>
        <triangles material="Glasses" count="344">
          <input semantic="VERTEX" source="#geom-Torso-vertices" offset="0"/>
          <input semantic="NORMAL" source="#geom-Torso-normals" offset="1"/>
          <input semantic="TEXCOORD" source="#geom-Torso-map1" offset="2" set="0"/>
          <p>1939 2241 2239 1940 2242 2350 1941 2243 2240 1941 2243 2240 1942 2244 2241 1939 2241 2239 1940 2242 2242 1943 2245 2351 1944 2246 2243 1944 2246 2243 1941 2243 2244 1940 2242 2242 1945 2247 2245 1946 2248 2352 1944 2246 2246 1944 2246 2246 1943 2245 2247 1945 2247 2245 1945 2247 2248 1947 2249 2353 1948 2250 2249 1948 2250 2249 1946 2248 2250 1945 2247 2248 1947 2249 2251 1949 2251 2354 1950 2252 2252 1950 2252 2252 1948 2250 2253 1947 2249 2251 1949 2251 2254 1951 2253 2355 1952 2254 2255 1952 2254 2255 1950 2252 2256 1949 2251 2254 1953 2255 2257 1954 2256 2356 1952 2254 2258 1952 2254 2258 1951 2253 2259 1953 2255 2257 1953 2255 2260 1955 2257 2357 1956 2258 2261 1956 2258 2261 1954 2256 2262 1953 2255 2260 2013 2259 2455 2011 2260 2451 1956 2258 2264 1956 2258 2264 1955 2257 2263 2013 2259 2455 1960 2261 2358 2014 2262 2457 2012 2263 2453 2012 2263 2453 1959 2264 2265 1960 2261 2358 1959 2264 2266 1961 2265 2359 1962 2266 2267 1962 2266 2267 1960 2261 2268 1959 2264 2266 1961 2265 2269 1963 2267 2360 1964 2268 2270 1964 2268 2270 1962 2266 2271 1961 2265 2269 1963 2267 2272 1965 2269 2361 1966 2270 2273 1966 2270 2273 1964 2268 2274 1963 2267 2272 1965 2269 2275 1967 2271 2362 1968 2272 2276 1968 2272 2276 1966 2270 2277 1965 2269 2275 1967 2271 2278 1969 2273 2363 1970 2274 2279 1970 2274 2279 1968 2272 2280 1967 2271 2278 1969 2273 2281 1971 2275 2364 1972 2276 2282 1972 2276 2282 1970 2274 2283 1969 2273 2281 1971 2275 2284 1973 2277 2365 1974 2278 2285 1974 2278 2285 1972 2276 2286 1971 2275 2284 1973 2277 2287 1939 2241 2366 1942 2244 2288 1942 2244 2288 1974 2278 2289 1973 2277 2287 1979 2279 2398 1982 2280 2399 1945 2281 2290 1978 2282 2396 1979 2279 2398 1945 2281 2290 1943 2283 2397 1940 2284 2395 1939 2285 2393 1945 2281 2290 1943 2283 2397 1939 2285 2393 1978 2282 2396 1945 2281 2290 1939 2285 2393 1976 2286 2394 1978 2282 2396 1939 2285 2393 2010 2287 2392 1976 2286 2394 1939 2285 2393 2008 2288 2390 2010 2287 2392 1939 2285 2393 1939 2285 2393 1973 2289 2391 1971 2290 2389 2008 2288 2390 1939 2285 2393 1971 2290 2389 2006 2291 2388 2008 2288 2390 1971 2290 2389 2004 2292 2386 2006 2291 2388 1971 2290 2389 1971 2290 2389 1969 2293 2387 1967 2294 2385 2004 2292 2386 1971 2290 2389 1967 2294 2385 2002 2295 2384 2004 2292 2386 1967 2294 2385 2000 2296 2382 2002 2295 2384 1967 2294 2385 1967 2294 2385 1965 2297 2383 1963 2298 2381 2000 2296 2382 1967 2294 2385 1963 2298 2381 1998 2299 2380 2000 2296 2382 1963 2298 2381 1995 2300 2378 1998 2299 2380 1963 2298 2381 1963 2298 2381 1961 2301 2379 1959 2302 2377 1995 2300 2378 1963 2298 2381 1959 2302 2377 1994 2303 2376 1995 2300 2378 1959 2302 2377 1992 2304 2374 1994 2303 2376 1959 2302 2377 2012 2305 2454 1957 2306 2375 2013 2307 2456 1959 2302 2377 2012 2305 2454 2013 2307 2456 2013 2307 2456 1955 2308 2373 1953 2309 2371 1959 2302 2377 2013 2307 2456 1953 2309 2371 1992 2304 2374 1959 2302 2377 1953 2309 2371 1990 2310 2372 1992 2304 2374 1953 2309 2371 1988 2311 2370 1990 2310 2372 1953 2309 2371 1986 2312 2368 1988 2311 2370 1953 2309 2371 1953 2309 2371 1951 2313 2369 1949 2314 2367 1953 2309 2371 1949 2314 2367 1947 2315 2292 1986 2312 2368 1953 2309 2371 1947 2315 2292 1984 2316 2291 1986 2312 2368 1947 2315 2292 1982 2280 2399 1984 2316 2291 1947 2315 2292 1945 2281 2290 1982 2280 2399 1947 2315 2292 2004 2317 2296 2002 2318 2433 2001 2319 2297 2001 2319 2297 2003 2320 2298 2004 2317 2296 2001 2319 2299 2002 2318 2434 2000 2321 2300 2000 2321 2300 1999 2322 2301 2001 2319 2299 1997 2323 2302 1999 2322 2435 2000 2321 2303 2000 2321 2303 1998 2324 2304 1997 2323 2302 1997 2323 2305 1998 2324 2436 1995 2325 2306 1995 2325 2306 1996 2326 2307 1997 2323 2305 1995 2325 2308 1994 2327 2437 1993 2328 2309 1993 2328 2309 1996 2326 2310 1995 2325 2308 1994 2327 2311 1992 2329 2438 1991 2330 2312 1991 2330 2312 1993 2328 2313 1994 2327 2311 1992 2329 2314 1990 2331 2439 1989 2332 2315 1989 2332 2315 1991 2330 2316 1992 2329 2314 1989 2332 2317 1990 2331 2440 1988 2333 2318 1988 2333 2318 1987 2334 2319 1989 2332 2317 1987 2334 2320 1988 2333 2441 1986 2335 2321 1986 2335 2321 1985 2336 2322 1987 2334 2320 1985 2336 2323 1986 2335 2442 1984 2337 2324 1984 2337 2324 1983 2338 2325 1985 2336 2323 1982 2339 2326 1981 2340 2443 1983 2338 2327 1983 2338 2327 1984 2337 2328 1982 2339 2326 1981 2340 2329 1982 2339 2444 1979 2341 2330 1979 2341 2330 1980 2342 2331 1981 2340 2329 1978 2343 2332 1977 2344 2445 1980 2342 2333 1980 2342 2333 1979 2341 2334 1978 2343 2332 1978 2343 2335 1976 2345 2446 1975 2346 2336 1975 2346 2336 1977 2344 2337 1978 2343 2335 1975 2346 2338 1976 2345 2447 2010 2347 2339 2010 2347 2339 2009 2348 2340 1975 2346 2338 2009 2348 2341 2010 2347 2448 2008 2349 2342 2008 2349 2342 2007 2350 2343 2009 2348 2341 2007 2350 2344 2008 2349 2449 2006 2351 2345 2006 2351 2345 2005 2352 2346 2007 2350 2344 2003 2320 2347 2005 2352 2450 2006 2351 2348 2006 2351 2348 2004 2317 2349 2003 2320 2347 1952 2353 2403 1954 2354 2405 1956 2355 2407 2011 2356 2452 1958 2357 2409 2014 2358 2458 1956 2355 2407 2011 2356 2452 2014 2358 2458 2014 2358 2458 1960 2359 2411 1962 2360 2413 1956 2355 2407 2014 2358 2458 1962 2360 2413 1962 2360 2413 1964 2361 2415 1966 2362 2417 1966 2362 2417 1968 2363 2419 1970 2364 2421 1970 2364 2421 1972 2365 2423 1974 2366 2425 1974 2366 2425 1942 2367 2427 1941 2368 2429 1974 2366 2425 1941 2368 2429 1944 2369 2431 1944 2369 2431 1946 2370 2293 1980 2371 2432 1944 2369 2431 1980 2371 2432 1977 2372 2430 1974 2366 2425 1944 2369 2431 1977 2372 2430 1974 2366 2425 1977 2372 2430 1975 2373 2428 1974 2366 2425 1975 2373 2428 2009 2374 2426 1970 2364 2421 1974 2366 2425 2009 2374 2426 1970 2364 2421 2009 2374 2426 2007 2375 2424 1970 2364 2421 2007 2375 2424 2005 2376 2422 1966 2362 2417 1970 2364 2421 2005 2376 2422 1966 2362 2417 2005 2376 2422 2003 2377 2420 1966 2362 2417 2003 2377 2420 2001 2378 2418 1962 2360 2413 1966 2362 2417 2001 2378 2418 1962 2360 2413 2001 2378 2418 1999 2379 2416 1962 2360 2413 1999 2379 2416 1997 2380 2414 1962 2360 2413 1997 2380 2414 1996 2381 2412 1956 2355 2407 1962 2360 2413 1996 2381 2412 1956 2355 2407 1996 2381 2412 1993 2382 2410 1956 2355 2407 1993 2382 2410 1991 2383 2408 1952 2353 2403 1956 2355 2407 1991 2383 2408 1952 2353 2403 1991 2383 2408 1989 2384 2406 1952 2353 2403 1989 2384 2406 1987 2385 2404 1952 2353 2403 1987 2385 2404 1985 2386 2402 1981 2387 2295 1980 2371 2432 1946 2370 2293 1983 2388 2294 1981 2387 2295 1946 2370 2293 1985 2386 2402 1983 2388 2294 1946 2370 2293 1952 2353 2403 1985 2386 2402 1946 2370 2293 1952 2353 2403 1946 2370 2293 1948 2389 2401 1950 2390 2400 1952 2353 2403 1948 2389 2401 1958 2391 2409 2011 2392 2452 2098 2393 2697 2098 2394 2697 2097 2395 2696 1958 2396 2409 2013 2397 2455 2099 2398 2699 2098 2399 2698 2098 2400 2698 2011 2401 2451 2013 2402 2455 1957 2403 2375 2100 2404 2701 2099 2405 2700 2099 2406 2700 2013 2407 2456 1957 2408 2375 1957 2409 2375 2012 2410 2454 2101 2411 2703 2101 2412 2703 2100 2413 2702 1957 2414 2375 2014 2415 2457 2102 2416 2705 2101 2417 2704 2101 2418 2704 2012 2419 2453 2014 2420 2457 1958 2421 2409 2097 2422 2695 2102 2423 2706 2102 2424 2706 2014 2425 2458 1958 2426 2409 2017 2427 2467 2020 2428 2470 2019 2429 2469 2019 2429 2469 2018 2430 2468 2017 2427 2467 2018 2430 2471 2019 2429 2474 2022 2431 2473 2022 2431 2473 2021 2432 2472 2018 2430 2471 2023 2433 2475 2021 2432 2478 2022 2431 2477 2022 2431 2477 2024 2434 2476 2023 2433 2475 2023 2433 2479 2024 2434 2482 2026 2435 2481 2026 2435 2481 2025 2436 2480 2023 2433 2479 2025 2436 2483 2026 2435 2486 2028 2437 2485 2028 2437 2485 2027 2438 2484 2025 2436 2483 2027 2438 2487 2028 2437 2490 2030 2439 2489 2030 2439 2489 2029 2440 2488 2027 2438 2487 2031 2441 2491 2029 2440 2494 2030 2439 2493 2030 2439 2493 2032 2442 2492 2031 2441 2491 2031 2441 2495 2032 2442 2498 2034 2443 2497 2034 2443 2497 2033 2444 2496 2031 2441 2495 2035 2445 2500 2033 2444 2499 2034 2443 2502 2034 2443 2502 2036 2446 2501 2035 2445 2500 2038 2447 2504 2037 2448 2503 2040 2449 2506 2040 2449 2506 2039 2450 2505 2038 2447 2504 2037 2448 2507 2038 2447 2510 2042 2451 2509 2042 2451 2509 2041 2452 2508 2037 2448 2507 2041 2452 2511 2042 2451 2514 2044 2453 2513 2044 2453 2513 2043 2454 2512 2041 2452 2511 2043 2454 2515 2044 2453 2518 2046 2455 2517 2046 2455 2517 2045 2456 2516 2043 2454 2515 2045 2456 2519 2046 2455 2522 2048 2457 2521 2048 2457 2521 2047 2458 2520 2045 2456 2519 2047 2458 2523 2048 2457 2526 2050 2459 2525 2050 2459 2525 2049 2460 2524 2047 2458 2523 2049 2460 2527 2050 2459 2530 2052 2461 2529 2052 2461 2529 2051 2462 2528 2049 2460 2527 2051 2462 2531 2052 2461 2534 2054 2463 2533 2054 2463 2533 2053 2464 2532 2051 2462 2531 2053 2464 2535 2054 2463 2538 2020 2428 2537 2020 2428 2537 2017 2427 2536 2053 2464 2535 2027 2465 2575 2029 2466 2574 2031 2467 2573 2025 2468 2576 2027 2465 2575 2031 2467 2573 2031 2467 2573 2033 2469 2572 2035 2470 2571 2035 2470 2571 2073 2471 2570 2040 2472 2569 2035 2470 2571 2040 2472 2569 2037 2473 2568 2031 2467 2573 2035 2470 2571 2037 2473 2568 2037 2473 2568 2041 2474 2567 2043 2475 2566 2043 2475 2566 2045 2476 2565 2047 2477 2564 2047 2477 2564 2049 2478 2563 2051 2479 2562 2051 2479 2562 2053 2480 2561 2017 2481 2560 2017 2481 2560 2018 2482 2559 2021 2483 2558 2017 2481 2560 2021 2483 2558 2023 2484 2539 2023 2484 2539 2055 2485 2540 2072 2486 2557 2023 2484 2539 2072 2486 2557 2071 2487 2556 2017 2481 2560 2023 2484 2539 2071 2487 2556 2017 2481 2560 2071 2487 2556 2070 2488 2555 2017 2481 2560 2070 2488 2555 2069 2489 2554 2017 2481 2560 2069 2489 2554 2068 2490 2553 2051 2479 2562 2017 2481 2560 2068 2490 2553 2051 2479 2562 2068 2490 2553 2067 2491 2552 2051 2479 2562 2067 2491 2552 2066 2492 2551 2047 2477 2564 2051 2479 2562 2066 2492 2551 2047 2477 2564 2066 2492 2551 2065 2493 2550 2047 2477 2564 2065 2493 2550 2064 2494 2549 2043 2475 2566 2047 2477 2564 2064 2494 2549 2043 2475 2566 2064 2494 2549 2063 2495 2548 2043 2475 2566 2063 2495 2548 2062 2496 2547 2037 2473 2568 2043 2475 2566 2062 2496 2547 2037 2473 2568 2062 2496 2547 2061 2497 2546 2037 2473 2568 2061 2497 2546 2060 2498 2545 2031 2467 2573 2037 2473 2568 2060 2498 2545 2031 2467 2573 2060 2498 2545 2059 2499 2544 2031 2467 2573 2059 2499 2544 2058 2500 2543 2031 2467 2573 2058 2500 2543 2057 2501 2542 2025 2468 2576 2031 2467 2573 2057 2501 2542 2025 2468 2576 2057 2501 2542 2056 2502 2541 2025 2468 2576 2056 2502 2541 2055 2485 2540 2023 2484 2539 2025 2468 2576 2055 2485 2540 2066 2503 2577 2075 2504 2580 2074 2505 2579 2074 2505 2579 2065 2506 2578 2066 2503 2577 2074 2505 2581 2076 2507 2584 2064 2508 2583 2064 2508 2583 2065 2506 2582 2074 2505 2581 2077 2509 2585 2063 2510 2588 2064 2508 2587 2064 2508 2587 2076 2507 2586 2077 2509 2585 2077 2509 2589 2078 2511 2592 2062 2512 2591 2062 2512 2591 2063 2510 2590 2077 2509 2589 2062 2512 2593 2078 2511 2596 2079 2513 2595 2079 2513 2595 2061 2514 2594 2062 2512 2593 2061 2514 2597 2079 2513 2600 2080 2515 2599 2080 2515 2599 2060 2516 2598 2061 2514 2597 2060 2516 2601 2080 2515 2604 2081 2517 2603 2081 2517 2603 2059 2518 2602 2060 2516 2601 2081 2517 2605 2082 2519 2608 2058 2520 2607 2058 2520 2607 2059 2518 2606 2081 2517 2605 2082 2519 2609 2083 2521 2612 2057 2522 2611 2057 2522 2611 2058 2520 2610 2082 2519 2609 2083 2521 2613 2084 2523 2616 2056 2524 2615 2056 2524 2615 2057 2522 2614 2083 2521 2613 2055 2525 2617 2056 2524 2620 2084 2523 2619 2084 2523 2619 2085 2526 2618 2055 2525 2617 2085 2526 2621 2086 2527 2624 2072 2528 2623 2072 2528 2623 2055 2525 2622 2085 2526 2621 2071 2529 2625 2072 2528 2628 2086 2527 2627 2086 2527 2627 2087 2530 2626 2071 2529 2625 2071 2529 2629 2087 2530 2632 2088 2531 2631 2088 2531 2631 2070 2532 2630 2071 2529 2629 2088 2531 2633 2089 2533 2636 2069 2534 2635 2069 2534 2635 2070 2532 2634 2088 2531 2633 2089 2533 2637 2090 2535 2640 2068 2536 2639 2068 2536 2639 2069 2534 2638 2089 2533 2637 2090 2535 2641 2091 2537 2644 2067 2538 2643 2067 2538 2643 2068 2536 2642 2090 2535 2641 2075 2504 2645 2066 2503 2648 2067 2538 2647 2067 2538 2647 2091 2537 2646 2075 2504 2645 2024 2539 2667 2086 2540 2668 2085 2541 2685 2024 2539 2667 2085 2541 2685 2084 2542 2684 2024 2539 2667 2084 2542 2684 2083 2543 2683 2086 2540 2668 2024 2539 2667 2022 2544 2666 2087 2545 2669 2086 2540 2668 2022 2544 2666 2019 2546 2665 2020 2547 2664 2054 2548 2663 2022 2544 2666 2019 2546 2665 2054 2548 2663 2087 2545 2669 2022 2544 2666 2054 2548 2663 2088 2549 2670 2087 2545 2669 2054 2548 2663 2089 2550 2671 2088 2549 2670 2054 2548 2663 2054 2548 2663 2052 2551 2662 2050 2552 2661 2089 2550 2671 2054 2548 2663 2050 2552 2661 2090 2553 2672 2089 2550 2671 2050 2552 2661 2091 2554 2673 2090 2553 2672 2050 2552 2661 2050 2552 2661 2048 2555 2660 2046 2556 2659 2091 2554 2673 2050 2552 2661 2046 2556 2659 2075 2557 2674 2091 2554 2673 2046 2556 2659 2074 2558 2675 2075 2557 2674 2046 2556 2659 2046 2556 2659 2044 2559 2658 2042 2560 2657 2074 2558 2675 2046 2556 2659 2042 2560 2657 2076 2561 2676 2074 2558 2675 2042 2560 2657 2077 2562 2677 2076 2561 2676 2042 2560 2657 2078 2563 2678 2077 2562 2677 2042 2560 2657 2042 2560 2657 2038 2564 2656 2039 2565 2655 2039 2565 2655 2092 2566 2654 2036 2567 2653 2039 2565 2655 2036 2567 2653 2034 2568 2652 2042 2560 2657 2039 2565 2655 2034 2568 2652 2078 2563 2678 2042 2560 2657 2034 2568 2652 2079 2569 2679 2078 2563 2678 2034 2568 2652 2080 2570 2680 2079 2569 2679 2034 2568 2652 2034 2568 2652 2032 2571 2651 2030 2572 2650 2080 2570 2680 2034 2568 2652 2030 2572 2650 2081 2573 2681 2080 2570 2680 2030 2572 2650 2082 2574 2682 2081 2573 2681 2030 2572 2650 2083 2543 2683 2082 2574 2682 2030 2572 2650 2024 2539 2667 2083 2543 2683 2030 2572 2650 2026 2575 2686 2024 2539 2667 2030 2572 2650 2028 2576 2649 2026 2575 2686 2030 2572 2650 2093 2577 2687 2103 2578 2707 2104 2579 2710 2104 2580 2710 2094 2581 2688 2093 2582 2687 2095 2583 2689 2105 2584 2711 2103 2585 2708 2103 2586 2708 2093 2587 2687 2095 2588 2689 2095 2589 2689 2015 2590 2690 2106 2591 2713 2106 2592 2713 2105 2593 2712 2095 2594 2689 2096 2595 2691 2107 2596 2715 2106 2597 2714 2106 2598 2714 2015 2599 2692 2096 2600 2691 2016 2601 2693 2108 2602 2717 2107 2603 2716 2107 2604 2716 2096 2605 2691 2016 2606 2693 2016 2607 2693 2094 2608 2694 2104 2609 2709 2104 2610 2709 2108 2611 2718 2016 2612 2693 2093 2613 2461 2094 2614 2460 2097 2615 2696 2097 2616 2696 2098 2617 2697 2093 2618 2461 2095 2619 2462 2093 2620 2461 2098 2621 2698 2098 2622 2698 2099 2623 2699 2095 2624 2462 2100 2625 2701 2015 2626 2463 2095 2627 2462 2095 2628 2462 2099 2629 2700 2100 2630 2701 2096 2631 2465 2015 2632 2464 2100 2633 2702 2100 2634 2702 2101 2635 2703 2096 2636 2465 2016 2637 2466 2096 2638 2465 2101 2639 2704 2101 2640 2704 2102 2641 2705 2016 2642 2466 2097 2643 2695 2094 2644 2459 2016 2645 2466 2016 2646 2466 2102 2647 2706 2097 2648 2695 2103 2649 2707 2036 2650 2653 2092 2651 2654 2092 2652 2654 2104 2653 2710 2103 2654 2707 2035 2655 2500 2036 2656 2501 2103 2657 2708 2103 2658 2708 2105 2659 2711 2035 2660 2500 2073 2661 2570 2035 2662 2571 2105 2663 2712 2105 2664 2712 2106 2665 2713 2073 2666 2570 2107 2667 2715 2040 2668 2569 2073 2669 2570 2073 2670 2570 2106 2671 2714 2107 2672 2715 2039 2673 2505 2040 2674 2506 2107 2675 2716 2107 2676 2716 2108 2677 2717 2039 2678 2505 2092 2679 2654 2039 2680 2655 2108 2681 2718 2108 2682 2718 2104 2683 2709 2092 2684 2654</p>
        </triangles>
      </mesh>
    </geometry>
  </library_geometries>
  <library_controllers>
    <controller id="geom-Torso-skin1">
      <skin source="#geom-Torso">
        <bind_shape_matrix>39.37008 0 0 0.01646423 0 7.03992e-6 -39.37007 0 0 39.37007 7.03992e-6 0 0 0 0 1</bind_shape_matrix>
        <source id="geom-Torso-skin1-joints">
          <Name_array id="geom-Torso-skin1-joints-array" count="61">joint0 joint1 joint2 joint3 joint4 joint5 joint6 joint7 joint8 joint9 joint10 joint11 joint12 joint13 joint14 joint15 joint16 joint17 joint18 joint19 joint20 joint21 joint22 joint23 joint24 joint25 joint26 joint27 joint28 joint29 joint30 joint31 joint32 joint33 joint34 joint35 joint36 joint37 joint38 joint39 joint40 joint41 joint42 joint43 joint44 joint45 joint46 joint47 joint48 joint49 joint50 joint51 joint52 joint53 joint54 joint55 joint56 joint57 joint58 joint59 joint60</Name_array>
          <technique_common>
            <accessor source="#geom-Torso-skin1-joints-array" count="61" stride="1">
              <param name="JOINT" type="name"/>
            </accessor>
          </technique_common>
        </source>
        <source id="geom-Torso-skin1-bind_poses">
          <float_array id="geom-Torso-skin1-bind_poses-array" count="976">-1.05853e-8 -0.04226928 0.9991063 -72.69451 -8.59377e-8 -0.9991063 -0.04226928 3.075501 1 -8.63083e-8 6.9433e-9 -5.05187e-7 0 0 0 1 1.21908e-9 0.09374021 0.9955968 -82.76225 -8.74357e-8 -0.9955968 0.09374021 -8.234827 1 -8.71649e-8 6.9825e-9 -5.08825e-7 0 0 0 1 -2.74435e-14 -3.13917e-7 1 -93.54337 -8.74228e-8 -1 -3.13917e-7 0.5363388 1 -8.74228e-8 -2.74435e-14 1.44482e-7 0 0 0 1 -3.01951e-11 -3.45581e-4 0.9999999 -97.67437 -8.74228e-8 -0.9999999 -3.45581e-4 3.721487 1 -8.74228e-8 -4.3951e-14 1.44484e-7 0 0 0 1 -2.74435e-14 -3.13917e-7 1 -105.0474 -8.74228e-8 -1 -3.13917e-7 3.685218 1 -8.74228e-8 -2.74435e-14 1.44482e-7 0 0 0 1 3.50823e-8 0.401295 -0.9159489 100.8755 8.00748e-8 0.9159489 0.401295 -58.0406 1 -8.74228e-8 -3.90799e-14 1.44484e-7 0 0 0 1 1.59711e-8 0.1786341 -0.9839156 93.70317 8.79689e-8 0.9839156 0.1786341 -37.38764 1 -8.18922e-8 -3.58786e-8 3.58109e-6 0 0 0 1 1.46402e-8 0.1786341 -0.9839156 80.80094 8.06382e-8 0.9839156 0.1786341 -37.38764 1 -8.06382e-8 -1.46402e-8 1.72274e-6 0 0 0 1 -8.74228e-8 -1 -3.57628e-7 -1.421881 3.12648e-14 3.57628e-7 -1 111.6206 1 -8.74228e-8 -2.74435e-14 5.678156 0 0 0 1 -8.21506e-8 -0.9396928 0.3420197 -39.5126 -2.99003e-8 -0.3420197 -0.9396928 104.4027 1 -8.74228e-8 -2.84217e-14 5.678156 0 0 0 1 -2.42253e-7 -0.9396928 0.3420197 -39.5126 1.72739e-7 -0.3420197 -0.9396928 104.4027 1 -1.68563e-7 2.45177e-7 -5.678184 0 0 0 1 -7.06936e-8 -0.8086404 -0.5883032 64.5169 -2.02427e-7 -0.5883032 0.8086404 -91.09741 -1 1.76254e-7 -1.22101e-7 -5.678142 0 0 0 1 -2.50584e-7 -0.8086404 -0.5883032 64.51691 -2.02427e-7 -0.5883032 0.8086404 -91.0974 -1 3.21721e-7 -1.62712e-8 5.678158 0 0 0 1 -0.3420202 -0.9396927 -3.3606e-7 -11.73622 4.26326e-14 3.57628e-7 -1 115.9343 0.9396927 -0.3420202 -1.22316e-7 3.012101 0 0 0 1 -0.3420201 -0.9396925 -2.23517e-7 -11.87324 -0.6040227 0.2198466 -0.7660444 89.02173 0.7198462 -0.2620024 -0.6427875 73.99144 0 0 0 1 -0.3420201 -0.9396924 -2.38418e-7 -11.87323 -0.2432104 0.0885217 -0.9659257 112.6198 0.9076732 -0.330366 -0.258819 31.05913 0 0 0 1 -0.34202 -0.9396924 -2.38418e-7 -11.87323 0.2432102 -0.08852096 -0.9659256 113.5464 0.9076732 -0.3303662 0.258819 -27.83117 0 0 0 1 -0.34202 -0.9396924 -2.38418e-7 -11.87323 0.4698461 -0.1710098 -0.8660252 102.6051 0.8137975 -0.2961983 0.4999999 -54.62068 0 0 0 1 -0.3420201 -0.9396925 -2.38418e-7 -11.87324 0.5389855 -0.1961744 -0.819152 97.46264 0.7697511 -0.2801668 0.5735764 -61.84541 0 0 0 1 -0.3420201 -0.9396925 -2.38418e-7 -11.87323 0.5389855 -0.1961744 -0.819152 97.46264 0.7697511 -0.2801668 0.5735764 -60.2714 0 0 0 1 0.34202 -0.9396927 -3.3606e-7 -11.73622 1.63913e-7 4.17287e-7 -1 115.9343 0.9396927 0.34202 2.96748e-7 -3.012119 0 0 0 1 0.3420199 -0.9396926 -2.5332e-7 -11.87323 0.604023 0.2198465 -0.7660441 89.0217 0.7198462 0.2620021 0.642788 -73.99149 0 0 0 1 0.3420199 -0.9396926 -2.6077e-7 -11.87323 0.2432105 0.08852167 -0.9659257 112.6198 0.9076733 0.3303657 0.2588194 -31.05918 0 0 0 1 0.3420199 -0.9396926 -2.6077e-7 -11.87323 -0.2432102 -0.08852083 -0.965926 113.5464 0.9076734 0.330366 -0.2588187 27.83114 0 0 0 1 0.3420199 -0.9396926 -2.5332e-7 -11.87323 -0.4698461 -0.1710095 -0.8660256 102.6051 0.8137978 0.2961981 -0.4999996 54.62064 0 0 0 1 0.3420199 -0.9396926 -2.68221e-7 -11.87323 -0.5389854 -0.1961741 -0.8191523 97.46268 0.7697512 0.2801665 -0.5735761 61.84537 0 0 0 1 0.3420199 -0.9396926 -2.68221e-7 -11.87323 -0.5389854 -0.1961741 -0.8191523 97.46268 0.7697512 0.2801665 -0.5735761 60.27137 0 0 0 1 -2.38419e-7 -1 -3.57628e-7 -1.42188 1.50996e-7 3.57628e-7 -1 111.6206 1 -2.38419e-7 1.50996e-7 -5.678173 0 0 0 1 1.98007e-14 2.26494e-7 -1 116.1377 -4.26326e-14 -1 -2.26494e-7 -4.582914 -1 4.26326e-14 7.64275e-15 -12.28883 0 0 0 1 0 2.26494e-7 -1 104.5008 -5.68434e-14 -1 -2.26494e-7 -4.582913 -1 4.9738e-14 0 -12.28883 0 0 0 1 0.2588191 2.18776e-7 -0.9659258 92.88013 -4.9738e-14 -1 -2.26494e-7 -4.582913 -0.9659258 5.8621e-8 -0.2588191 12.16482 0 0 0 1 -1.50996e-7 3.13917e-7 -1 116.1377 -8.74228e-8 -1 -3.13917e-7 -4.582905 -1 8.74228e-8 1.50996e-7 12.28881 0 0 0 1 -1.78814e-7 3.13917e-7 -1 104.5008 -8.74228e-8 -1 -3.13917e-7 -4.582904 -1 8.74228e-8 1.19209e-7 12.28881 0 0 0 1 -0.2588192 3.25847e-7 -0.9659259 92.88014 -8.74228e-8 -1 -3.13917e-7 -4.582904 -0.9659259 3.19636e-9 0.2588191 -12.16483 0 0 0 1 0.9796115 0.2008907 0.00207054 -3.539974 0.2008917 -0.9796135 -2.72314e-4 -0.1132897 0.001973624 6.82716e-4 -0.9999979 93.53629 0 0 0 1 0.9996296 0.02435853 -0.01214317 -7.23675 0.02435768 -0.9997033 -2.17378e-4 1.38496 -0.0121448 -7.84696e-5 -0.9999263 93.6485 0 0 0 1 0.9997674 -0.01783803 -0.01212759 -20.18807 -0.01783733 -0.999841 1.65506e-4 2.250717 -0.01212861 5.08566e-5 -0.9999264 93.64793 0 0 0 1 0.9995751 0.01809741 -0.02284757 -35.70927 0.02251863 0.01817643 0.9995812 -94.03777 0.01850512 -0.999671 0.01776118 -0.7640849 0 0 0 1 0.8876278 0.01040625 -0.4604442 6.561153 0.03658427 -0.9981788 0.04796648 -5.755625 -0.4591065 -0.05942143 -0.8863918 99.35066 0 0 0 1 0.9995751 0.01809741 -0.02284757 -38.02343 0.02251863 0.01817642 0.9995812 -94.29649 0.01850512 -0.999671 0.01776113 -0.7640796 0 0 0 1 0.9961744 0.01691714 -0.08573488 -34.05681 0.08540621 0.01927976 0.9961596 -96.63238 0.01850512 -0.999671 0.01776113 -0.7640797 0 0 0 1 0.9784735 0.01445511 -0.2058662 -24.12553 0.2055418 0.02118835 0.978419 -100.2968 0.01850512 -0.999671 0.01776113 -0.7640803 0 0 0 1 0.9451986 0.01169968 -0.326286 -13.46195 0.3259708 0.02282568 0.945104 -102.7783 0.0185051 -0.9996709 0.01776102 -0.7640689 0 0 0 1 -0.9796114 0.2008909 0.002070446 -3.539965 -0.2008919 -0.9796134 -2.72113e-4 -0.1133085 0.001973571 -6.82501e-4 0.9999979 -93.53629 0 0 0 1 -0.9996294 0.02436503 -0.01214158 -7.236907 -0.02436418 -0.9997031 -2.17296e-4 1.384899 -0.01214333 7.85814e-5 0.9999264 -93.64849 0 0 0 1 -0.999769 -0.01784595 -0.01198596 -20.20131 0.01784524 -0.9998409 1.65593e-4 2.250964 -0.011987 -4.83379e-5 0.9999282 -93.64508 0 0 0 1 -0.9995506 0.01812197 -0.02388278 -35.61187 -0.02355305 0.01819532 0.999557 -94.07703 0.0185485 0.9996702 -0.01776031 0.7657326 0 0 0 1 -0.8871505 0.01042012 -0.4613627 6.665848 -0.0366589 -0.9981771 0.04794672 -5.756766 -0.4600221 0.05944901 0.8859152 -99.34299 0 0 0 1 -0.9995506 0.01812197 -0.02388278 -37.92603 -0.02355305 0.01819528 0.999557 -94.33575 0.0185485 0.9996702 -0.01776027 0.7657283 0 0 0 1 -0.9960847 0.01694046 -0.08676652 -33.95712 -0.08643703 0.01930013 0.9960704 -96.66544 0.0185485 0.9996702 -0.01776027 0.7657281 0 0 0 1 -0.9782594 0.01447578 -0.2068794 -24.02257 -0.2065541 0.02121146 0.9782053 -100.3176 0.0185485 0.9996702 -0.01776031 0.7657328 0 0 0 1 -0.9448602 0.01171725 -0.3272646 -13.35721 -0.3269486 0.02285136 0.9447658 -102.786 0.01854851 0.9996703 -0.01776039 0.7657397 0 0 0 1 0.03724797 -0.008721583 -0.9992681 65.77454 -0.005248439 -0.9999499 0.008531896 0.1125389 -0.9992923 0.004926801 -0.03729183 10.55504 0 0 0 1 0.03171167 0.04315333 -0.9985651 37.81934 -0.007854274 -0.999026 -0.04342268 2.119662 -0.9994662 0.009220005 -0.03134185 10.32778 0 0 0 1 6.10539e-4 -0.1921642 -0.9813627 10.36278 4.1601e-6 -0.9813629 0.1921642 -0.4028289 -0.9999999 -1.21406e-4 -5.98301e-4 10.03284 0 0 0 1 4.26326e-14 -1 -3.57628e-7 -0.4102509 -1.19209e-7 -3.27826e-7 1 -9.45937e-4 -1 2.93099e-14 -8.9407e-8 10.03289 0 0 0 1 -0.03724702 -0.00871408 -0.9992682 65.77456 0.005247821 -0.9999499 0.008524415 0.11303 -0.9992923 -0.004926471 0.03729095 -10.55499 0 0 0 1 -0.03197994 0.04300684 -0.9985628 37.81685 0.007860416 -0.9990321 -0.04327879 2.114438 -0.9994576 -0.009233172 0.03161085 -10.33794 0 0 0 1 7.2893e-6 -0.1917095 -0.9814518 10.36848 -4.18525e-6 -0.9814518 0.1917095 -0.4018505 -1 2.7102e-6 -7.89685e-6 -10.03391 0 0 0 1 4.26326e-14 -1 -3.57628e-7 -0.4093869 -1.19209e-7 -3.27826e-7 1 -7.8578e-5 -1 2.93099e-14 -8.9407e-8 -10.03391 0 0 0 1 -2.74435e-14 -3.13917e-7 1 -66.11905 -8.74228e-8 -1 -3.13917e-7 3.1528e-5 1 -8.74228e-8 -2.74435e-14 6.13783e-12 0 0 0 1</float_array>
          <technique_common>
            <accessor source="#geom-Torso-skin1-bind_poses-array" count="61" stride="16">
              <param name="TRANSFORM" type="float4x4"/>
            </accessor>
          </technique_common>
        </source>
        <source id="geom-Torso-skin1-weights">
          <float_array id="geom-Torso-skin1-weights-array" count="2726">1 0.4177515 0.001408737 0.08987236 0.4909675 0.3600472 0.5399529 0.1 0.4686523 0.01130769 0.05138767 0.4686523 0.3972679 0.502732 0.1 0 0.8603615 0.1396385 0.3909524 0.3909524 0.1180951 0.1 0.6205161 0.379484 0.9154747 0.08452533 0.9 0.1 0.95 0.05 0.5 0.5 0.5 0.5 0.5 0.5 0.5 0.5 0.5 0.5 0.6549262 0.3450737 0 0.5497056 0.4502944 0.75 0 0 0.25 0.5 0.5 0.5 0.5 0.5 0.5 0.9 0.1 0.95 0.05 0.7246796 0.1 0.1753204 0.75 0.25 0.75 0.25 0.75 0.25 0.75 0.25 0.6809297 0.3190703 0.5 0.5 0.03214287 0.8678572 0.1 0.7168142 0.2566372 0.02654868 0.5557484 0.4274656 0.01678553 5.31203e-7 0.5535963 0.4464038 0.0625 0.46875 0.46875 0.8866726 0 0.1133274 0.3166796 0.3166796 0.2666408 0.1 0.5195621 0.480438 0 0.4967308 0.3571148 0.1461544 0.5 0.4541935 0.04580654 0.7600533 0.2399467 0 0 0.5 0.5 0.7464321 0.2535679 0.6319628 0.3680373 0.5627244 0.4372756 0 0.6151731 0.3848269 0.392956 0.5046115 0 0.1024325 0.08580861 0.3675511 0.5466403 0 0.2448225 0.7551775 0.5507953 0.381329 0.0678757 0.5019024 0.4414031 0.05669454 0.5347849 0.3366258 0 0.1285893 0.6406889 0.3593111 0 0.6819491 0.3014698 0.01658111 0.6842839 0.3157161 0 0.9 0.1 0.9 0.1 0.9025 0.0475 0.05 0.4908568 0.3836907 0.1254526 0.75 0.25 0.75 0.25 0.75 0.25 0.75 0.25 0.9515173 0 0.04848268 0.5350671 0.4649329 0.8152783 0 0.1847217 0.3775833 0.3775833 0.2448334 0.4601933 0 0.3946166 0.1451902 0.5035313 0.4964687 0 0.4854321 0.4419092 0.07265868 0.5 0.5 0.5 0.5 0 0.5308709 0.3162669 0.1528623 0.3380475 0.002432801 0.04273535 0.6167843 0.3432239 4.7254e-4 0.0453621 0.6109415 0.5 0.5 0.5 0.4409761 0.05902395 0.9023136 0 0.09768643 0.7157161 0.2842839 0 0.5 0.5 0.630428 0.2069025 0.1626696 0.5961213 0.4038787 0.9173304 0.08266967 0.6455837 0.3544163 0.6966715 0.2846347 0.01869386 0.9025 0.05 0.0475 0.9 0.1 0.9 0.1 0.672229 0.327771 0 0.5 0.5 0.5192146 0.3524914 0.128294 0.6599431 0.340057 0.4573225 0.00832591 0.0770291 0.4573225 0.4459823 0.3611096 0.1929081 0.2647288 0.6352711 0.1 0.3156035 0.5973489 0 0.08704755 0.3786106 0.6213894 0.5 0.5 0.75 0.25 0.5 0.5 0.5 0.5 0.5 0.5 0.75 0.25 0.7262962 0.2737039 0 0.6426147 0.3573853 0 0.4309998 0.3102308 0.1587695 0.1 0.542487 0.4575131 0.3301335 0.1698665 0 0.5 0.7024803 0.2737617 0.02375798 0.5869179 0.210434 0.2026481 0.9 0.1 0.95 0.05 0.6081381 0.3918619 0.6069908 0.3930092 0.9 0.1 0.9 0.1 0.8743145 0.02818551 0.0475 0.05 0.7519503 0.07351194 0.1745377 0.75 0.25 0.75 0.25 0.75 0.25 0.75 0.25 0.75 0.25 0.75 0.25 0.1865876 0.1865876 0.1268247 0.5 0.6259036 0.1197686 0.2543278 0.7257514 0.2742486 0.75 0.25 0.0357143 0.9642857 0.5119429 0.3430202 0.145037 0.6549262 0.3450737 0 0.9515173 0 0.04848268 0.8866726 0 0.1133274 0.8152783 0 0.1847217 0 0.8603615 0.1396385 0.5350671 0.4649329 0.3909524 0.3909524 0.1180951 0.1 0.3775833 0.3775833 0.2448334 0.3166796 0.3166796 0.2666408 0.1 0.1865876 0.1865876 0.1268247 0.5 0.4601933 0 0.3946166 0.1451902 0.6809297 0.3190703 0.5 0.5 0.5035313 0.4964687 0 0.5195621 0.480438 0 0.5 0.5 0 0.4583227 0.4460706 0.09560686 0.5 0.5 0.5 0.5 0.6977427 0.2955544 0.003407653 0.003295222 0.5239435 0.3051164 0.1709402 0.4967308 0.3571148 0.1461544 0.3380475 0.002432801 0.04273535 0.6167843 0.5308709 0.3162669 0.1528623 0.4686523 0.01130769 0.05138767 0.4686523 0.3432239 4.7254e-4 0.0453621 0.6109415 0.5 0.4541935 0.04580654 0.5 0.4409761 0.05902395 0.4177515 0.001408737 0.08987236 0.4909675 0.5 0.5 0.9154747 0.08452533 0.7519503 0.07351194 0.1745377 0.7246796 0.1 0.1753204 0.677978 0.2500437 0.07197827 0.9023136 0 0.09768643 0.7600533 0.2399467 0 0.75 0 0 0.25 0.7157161 0.2842839 0 0.5 0.5 0.5 0.5 0.5 0.5 0.5961213 0.4038787 0 0.6152823 0.3847177 0.6205161 0.379484 0.9173304 0.08266967 0.5 0.5 0.6599431 0.340057 0.4573225 0.00832591 0.0770291 0.4573225 0.6455837 0.3544163 0.7464321 0.2535679 0.6966715 0.2846347 0.01869386 0.3093818 0.3093818 0.3812363 0.6319628 0.3680373 0.5 0.5 0.9 0.1 0.9 0.1 0.6081381 0.3918619 0.672229 0.327771 0 0.5627244 0.4372756 0 0.5 0.5 0.5192146 0.3524914 0.128294 0.5119429 0.3430202 0.145037 0.6151731 0.3848269 0.9 0.1 0.95 0.05 0.6069908 0.3930092 0.4459823 0.3611096 0.1929081 0.392956 0.5046115 0 0.1024325 0.3972679 0.502732 0.1 0.2647288 0.6352711 0.1 0.03214287 0.8678572 0.1 0.7257514 0.2742486 0.3600472 0.5399529 0.1 0.3156035 0.5973489 0 0.08704755 0.08580861 0.3675511 0.5466403 0 0.6259036 0.1197686 0.2543278 0.75 0.25 0.7168142 0.2566372 0.02654868 0.3786106 0.6213894 0.2448225 0.7551775 0.0357143 0.9642857 0.75 0.25 0.75 0.25 0.75 0.25 0.75 0.25 0.75 0.25 0.75 0.25 0.75 0.25 0.75 0.25 0.5507953 0.381329 0.0678757 0.8743145 0.02818551 0.0475 0.05 0.288352 0.2954807 0.4161674 0.7262962 0.2737039 0 0.6426147 0.3573853 0 0.3301335 0.1698665 0 0.5 0.4309998 0.3102308 0.1587695 0.1 0.5019024 0.4414031 0.05669454 0.542487 0.4575131 0.5347849 0.3366258 0 0.1285893 0.6406889 0.3593111 0 0.6819491 0.3014698 0.01658111 0.7024803 0.2737617 0.02375798 0.6842839 0.3157161 0 0.5 0.5 0.9 0.1 0.5 0.5 0.9 0.1 0.9 0.1 0.9 0.1 0.9 0.1 0.9 0.1 0.95 0.05 0.95 0.05 0.9025 0.0475 0.05 0.9025 0.05 0.0475 0.5 0.5 0.4908568 0.3836907 0.1254526 0.5060087 0.3616457 0.1323456 0.75 0.25 0.75 0.25 0.5 0.5 0.5 0.5 0.5 0.5 0.75 0.25 0.75 0.25 0.75 0.25 0.5 0.5 0.5 0.5 0.75 0.25 0.5 0.5 0.5 0.5 0.75 0.25 0.75 0.25 0.5 0.5 0.9328704 0.06712963 0.7407408 0.2592593 0.1342593 0.8657407 0.8140432 0.1859568 0.4665799 0.5334201 0.5833334 0.4166666 0.4375 0.5625 0.375 0.25 0.375 0.8677703 0.1296256 0.002604167 0.8917863 0.1082137 0.8641754 0.1358246 0.6605234 0.3394766 0.5569521 0.3663552 0.0766927 0.5720124 0.4279876 0.75 0.25 0.4234492 0.2122148 0.3643361 0.984375 0.015625 0.3958936 0.6041064 0.2930455 0.7069545 0.9328704 0.06712963 0.7407408 0.2592593 0.1342593 0.8657407 0.8140432 0.1859568 0.4665799 0.5334201 0.5833334 0.4166666 0.4375 0.5625 0.375 0.25 0.375 0.8677703 0.1296256 0.002604167 0.8917863 0.1082137 0.8641754 0.1358246 0.6605234 0.3394766 0.5569521 0.3663552 0.0766927 0.5720124 0.4279876 0.75 0.25 0.984375 0.015625 0.2930455 0.7069545 0.4133868 0.2219682 0.214881 0.149764 0.3801371 0.2168548 0.2153219 0.1876863 0.3642911 0.2176874 0.2161548 0.2018667 0.5 0.5 0.00941833 0.08916825 0.5260532 0.3753602 0.5082324 0.2801905 0.1826499 0.02892713 0.5677233 0.2380406 0.1617754 0.03246078 7.3466e-6 0.09824473 0.9017479 1.50784e-4 0.1557056 0.8441436 0.5 0.5 0.4768506 0.4768506 0.04629874 0.5 0.5 0.5 0.5 0.5 0.5 0.01112161 0.1100901 0.5834371 0.2953511 0.4630355 0.4630355 0.07392907 0.3642246 0.3642246 0.262979 0.008571859 0.5422291 0.3244934 0.09590929 0.03736823 0.4647132 0.3098563 0.1575978 0.06783266 0.4917031 0.2238337 0.1988077 0.08565554 0.4642966 0.3703138 0.104767 0.06062259 0.4278575 0.3487197 0.1125276 0.1108952 0.4904628 0.4904628 0.01907451 0.002242594 4.82306e-4 0.1960118 0.8012633 0.001409369 0.01620696 0.4237363 0.5586474 5.38692e-4 0.006492373 0.3366771 0.6562918 0.5778791 0.197184 0.1251244 0.09981268 0.354665 0.354665 0.2798933 0.01077662 0.3725394 0.346886 0.2478184 0.03275614 0.416348 0.3667954 0.2059784 0.0108782 0.4583497 0.4583497 0.08330058 0.4746349 0.242076 0.1732657 0.1100234 2.29196e-4 0.1846349 0.815136 0.4889038 0.2455083 0.182721 0.08286685 0.4940041 0.2939821 0.1415032 0.07051049 0.5081849 0.3695632 0.06877488 0.05347701 0.508273 0.2167639 0.146306 0.1286571 0.4571455 0.4571455 0.04572093 0.039988 0.3545293 0.244173 0.2311999 0.1700977 0.3942465 0.3942465 0.206148 0.005359141 0.5 0.5 0.3280791 0.2780181 0.2359831 0.1579198 0.4904952 0.4904952 0.01900967 0.5691227 0.307683 0.0672123 0.05598208 0.5 0.5 0.5212013 0.1984813 0.180611 0.09970653 0.4941046 0.3130932 0.1812138 0.0115884 0.5647628 0.2129809 0.1349144 0.08734186 0.3406723 0.3232214 0.2222944 0.113812 0.5244087 0.2613159 0.1313524 0.08292307 0.5144685 0.2397937 0.1238383 0.1218995 0.5629681 0.2541748 0.147939 0.03491804 0.5135494 0.2049367 0.1435863 0.1379277 0.4756524 0.2435742 0.1977973 0.08297603 0.4970995 0.200393 0.1977803 0.1047272 0.351082 0.2632225 0.1998426 0.1858528 0.4857606 0.4857606 0.0284788 0.4721256 0.4721256 0.05574886 0.001672402 0.004511326 0.2978765 0.6959398 0.048366 0.951634 6.65081e-4 4.00609e-4 0.192268 0.8066663 0.4893977 0.3510748 0.1492475 0.0102801 4.25077e-4 0.001170644 0.2777475 0.7206568 2.89781e-5 2.47825e-6 0.1928312 0.8071374 0.2941922 0.2809401 0.2459923 0.1788754 0.6337067 0.1956763 0.09857558 0.07204142 0.5 0.5 0.3836203 0.366002 0.2359705 0.01440719 0.4132888 0.4132888 0.1713114 0.002110892 0.3540874 0.2364967 0.2060006 0.2034153 0.4262943 0.379626 0.1775767 0.01650306 0.5 0.5 0.009708654 0.04881389 0.518041 0.4234365 0.5114055 0.3671829 0.06612229 0.0552893 0.3642911 0.2176874 0.2161548 0.2018667 0.3545293 0.244173 0.2311999 0.1700977 0.3642246 0.3642246 0.262979 0.008571859 0.3280791 0.2780181 0.2359831 0.1579198 0.4133868 0.2219682 0.214881 0.149764 0.3942465 0.3942465 0.206148 0.005359141 0.5 0.5 0.5 0.5 0.5 0.5 0.4904952 0.4904952 0.01900967 0.5422291 0.3244934 0.09590929 0.03736823 0.5 0.5 0.4768506 0.4768506 0.04629874 0.5691227 0.307683 0.0672123 0.05598208 0.5 0.5 0.4647132 0.3098563 0.1575978 0.06783266 0.5647628 0.2129809 0.1349144 0.08734186 0.5212013 0.1984813 0.180611 0.09970653 0.5677233 0.2380406 0.1617754 0.03246078 0.4941046 0.3130932 0.1812138 0.0115884 0.01112161 0.1100901 0.5834371 0.2953511 0.5 0.5 0.3406723 0.3232214 0.2222944 0.113812 0.4917031 0.2238337 0.1988077 0.08565554 0.5244087 0.2613159 0.1313524 0.08292307 0.5 0.5 0.5144685 0.2397937 0.1238383 0.1218995 0.4642966 0.3703138 0.104767 0.06062259 0.5135494 0.2049367 0.1435863 0.1379277 0.5082324 0.2801905 0.1826499 0.02892713 0.5629681 0.2541748 0.147939 0.03491804 0.4756524 0.2435742 0.1977973 0.08297603 0.4278575 0.3487197 0.1125276 0.1108952 0.351082 0.2632225 0.1998426 0.1858528 0.4970995 0.200393 0.1977803 0.1047272 0.3801371 0.2168548 0.2153219 0.1876863 0.4904628 0.4904628 0.01907451 0.4721256 0.4721256 0.05574886 0.4857606 0.4857606 0.0284788 0.4630355 0.4630355 0.07392907 0.002242594 4.82306e-4 0.1960118 0.8012633 6.65081e-4 4.00609e-4 0.192268 0.8066663 0.001672402 0.004511326 0.2978765 0.6959398 1.50784e-4 0.1557056 0.8441436 0.048366 0.951634 7.3466e-6 0.09824473 0.9017479 0.4893977 0.3510748 0.1492475 0.0102801 0.001409369 0.01620696 0.4237363 0.5586474 0.00941833 0.08916825 0.5260532 0.3753602 4.25077e-4 0.001170644 0.2777475 0.7206568 5.38692e-4 0.006492373 0.3366771 0.6562918 2.89781e-5 2.47825e-6 0.1928312 0.8071374 0.2941922 0.2809401 0.2459923 0.1788754 0.5778791 0.197184 0.1251244 0.09981268 0.5 0.5 0.6337067 0.1956763 0.09857558 0.07204142 0.354665 0.354665 0.2798933 0.01077662 0.4132888 0.4132888 0.1713114 0.002110892 0.3836203 0.366002 0.2359705 0.01440719 0.3540874 0.2364967 0.2060006 0.2034153 0.3725394 0.346886 0.2478184 0.03275614 0.4262943 0.379626 0.1775767 0.01650306 0.5 0.5 0.416348 0.3667954 0.2059784 0.0108782 0.4583497 0.4583497 0.08330058 0.4746349 0.242076 0.1732657 0.1100234 0.009708654 0.04881389 0.518041 0.4234365 2.29196e-4 0.1846349 0.815136 0.4889038 0.2455083 0.182721 0.08286685 0.4940041 0.2939821 0.1415032 0.07051049 0.5081849 0.3695632 0.06877488 0.05347701 0.5114055 0.3671829 0.06612229 0.0552893 0.508273 0.2167639 0.146306 0.1286571 0.4571455 0.4571455 0.04572093 0.039988 0.5499563 0.4500437 0.8628143 0.1371857 0.25 0.75 0.9063166 0.09368335 0.9223691 0.02587697 0.02587697 0.02587697 0.2322161 0.7677839 0.4481025 0.5518975 0.9 0.1 0.8725522 0.1274479 0.85 0.15 0.85 0.15 0.8628143 0.1371857 0.25 0.75 0.5499563 0.4500437 0.9223691 0.02587697 0.02587697 0.02587697 0.9 0.1 0.2322161 0.7677839 0.8725522 0.1274479 0.4481025 0.5518975 0.9063166 0.09368335 0.8103551 0.1724809 0.017164 0.7855257 0.1914031 0.02307114 0.7944214 0.2011439 0.00443473 0.9027404 0.09725958 0.8258306 0.1741694 0.8223606 0.1776394 0.03197218 0.06762303 4.04816e-4 0.9 0.7542184 0.1500078 0.09577378 0.875 0.125 0.04157924 0.2084208 0.75 0.09107731 0.3949159 0.5140069 0.875 0.125 0.875 0.125 0.09889586 0.3830435 0.5180607 0.06629051 0.3509504 0.5827591 0.83125 0.11875 0.05 0.5799648 0.2100082 0.1568213 0.05320588 0.6654527 0.2348818 0.04299037 0.05667514 0.7899432 0.2100569 0.8 0.2 0.9 0.1 0.9 0.1 0.9 0.1 0.9 0.1 0.95 0.05 0.95 0.05 0.9025 0.0475 0.05 0.9025 0.0475 0.05 0.7125 0.2375 0.05 0.7125 0.2375 0.05 0.6504431 0.3039927 0.04556426 0.7114896 0.2562307 0.03227977 0.8103551 0.1724809 0.017164 0.7855257 0.1914031 0.02307114 0.7944214 0.2011439 0.00443473 0.9027404 0.09725958 0.8258306 0.1741694 0.8223606 0.1776394 0.03197218 0.06762303 4.04816e-4 0.9 0.7542184 0.1500078 0.09577378 0.875 0.125 0.04157924 0.2084208 0.75 0.09107731 0.3949159 0.5140069 0.875 0.125 0.875 0.125 0.09889586 0.3830435 0.5180607 0.06629051 0.3509504 0.5827591 0.83125 0.11875 0.05 0.5799648 0.2100082 0.1568213 0.05320588 0.6654527 0.2348818 0.04299037 0.05667514 0.7899432 0.2100569 0.8 0.2 0.9 0.1 0.9 0.1 0.9 0.1 0.9 0.1 0.95 0.05 0.95 0.05 0.9025 0.0475 0.05 0.9025 0.0475 0.05 0.7125 0.2375 0.05 0.7125 0.2375 0.05 0.6504431 0.3039927 0.04556426 0.7114896 0.2562307 0.03227977 0.8072874 0.1745287 0.01818393 0.6754258 0.3033555 0.01999444 0.001224233 0.73884 0.2307247 0.0304353 0.4106184 0.006358642 0.05034077 0.5326822 0.3610365 0.001593827 0.01182106 0.6255487 0.8536133 0.1438041 0.002582584 0.7890596 0.1981422 0.01279826 0.3665516 6.18466e-4 0.07634342 0.5564865 0.8766517 0.1233483 0.4491212 0.002246779 0.09951075 0.4491212 0.8776156 0.1223844 0.4607759 0.01060911 0.06783901 0.4607759 0.7125 0.05 0.2375 0.9025 0.05 0.0475 0.95 0.05 0.9 0.1 0.9 0.1 0.8029874 0.1970126 0.05344753 0.0235112 0.02304129 0.9 0.5408369 0.369033 0.09013008 0.01614525 0.1629467 0.820908 0.7795 0.2205 0.8333246 0.1666754 0.875 0.125 0.6573901 0.3426099 0.9 0.1 0.08459403 0.3774574 0.5379486 0.6135375 0.3864625 0.09298011 0.3947121 0.5123078 0.9 0.1 0.875 0.125 0.875 0.125 0.6135218 0.3864782 0.95 0.05 0.09459588 0.3701676 0.5352366 0.6330564 0.3669436 0.04289887 0.3082645 0.6488367 0.9025 0.0475 0.05 0.7180631 0.1855984 0.04789604 0.04844259 0.4511924 0.4023784 0.1464292 0.059375 0.6679688 0.2226562 0.05 0.8 0.2 0.9 0.1 0.9 0.1 0.9 0.1 0.9 0.1 0.9 0.1 0.9 0.1 0.9 0.1 0.9 0.1 0.95 0.05 0.95 0.05 0.95 0.05 0.9025 0.0475 0.05 0.9025 0.0475 0.05 0.9025 0.0475 0.05 0.5 0.5 0.7125 0.2375 0.05 0.5 0.5 0.8242808 0.1757192 0.8069965 0.1753626 0.01764082 0.8072874 0.1745287 0.01818393 0.6754258 0.3033555 0.01999444 0.001224233 0.73884 0.2307247 0.0304353 0.4106184 0.006358642 0.05034077 0.5326822 0.3610365 0.001593827 0.01182106 0.6255487 0.8536133 0.1438041 0.002582584 0.7890596 0.1981422 0.01279826 0.3665516 6.18466e-4 0.07634342 0.5564865 0.8766517 0.1233483 0.4491212 0.002246779 0.09951075 0.4491212 0.8776156 0.1223844 0.8242808 0.1757192 0.5408369 0.369033 0.09013008 0.01614525 0.1629467 0.820908 0.4375 0.4375 0.125 0.7795 0.2205 0.8333246 0.1666754 0.875 0.125 0.6573901 0.3426099 0.9 0.1 0.08459403 0.3774574 0.5379486 0.6135375 0.3864625 0.09298011 0.3947121 0.5123078 0.9 0.1 0.875 0.125 0.875 0.125 0.6135218 0.3864782 0.95 0.05 0.09459588 0.3701676 0.5352366 0.4607759 0.01060911 0.06783901 0.4607759 0.6330564 0.3669436 0.04289887 0.3082645 0.6488367 0.9025 0.0475 0.05 0.7180631 0.1855984 0.04789604 0.04844259 0.2479975 0.3699012 0.3821014 0.4511924 0.4023784 0.1464292 0.059375 0.6679688 0.2226562 0.05 0.6718592 0.1702033 0.09388509 0.06405232 0.5 0.5 0.8 0.2 0.9 0.1 0.5 0.5 0.8029874 0.1970126 0.9 0.1 0.9 0.1 0.9 0.1 0.9 0.1 0.9 0.1 0.9 0.1 0.9 0.1 0.9 0.1 0.9 0.1 0.95 0.05 0.95 0.05 0.95 0.05 0.95 0.05 0.9025 0.0475 0.05 0.9025 0.0475 0.05 0.9025 0.05 0.0475 0.9025 0.0475 0.05 0.7125 0.2375 0.05 0.7125 0.05 0.2375 0.7049152 0.2612877 0.03379704 0.962963 0.03703704 0.962963 0.03703704 0.7708333 0.2291667 0.7708333 0.2291667 0.8881173 0.1118827 0.9166667 0.08333334 0.7534722 0.2465278 0.6727431 0.3272569 0.4366319 0.5633681 0.7511574 0.2488426 0.4210069 0.5789931 0.8568673 0.1431327 0.6119791 0.3880209 0.5416666 0.4583333 0.6689814 0.3310185 0.8333333 0.1666667 0.25 0.75 0.25 0.75 0.25 0.75 0.9166667 0.08333334 0.8333333 0.1666667 0.25 0.75 0.6401345 0.3459767 0.01388889 0.853623 0.1463769 0.3267345 0.6628488 0.01041667 0.7990713 0.2009287 0.02488472 0.9751153 0.9415501 0.05844985 0.9664348 0.03356518 0.2321011 0.7678989 0.4029022 0.543857 0.05324074 0.25 0.75 0.1501428 0.6559228 0.1939344 0.25 0.75 0.3559028 0.25 0.3940972 0.7201646 0.2798354 0.3970293 0.1745867 0.428384 0.25 0.75 0.375 0.25 0.375 0.25 0.75 0.25 0.75 0.4808441 0.5191559 0.657645 0.342355 0.4876369 0.1060516 0.4063115 0.669742 0.3094246 0.02083333 0.5863213 0.3509804 0.06269842 0.25 0.75 0.02488472 0.9751153 0.910831 0.08916903 0.2606494 0.7393506 0.4055266 0.5944734 0.4603195 0.4444445 0.09523604 0.25 0.75 0.25 0.75 0.75 0.25 0.9008787 0.09912129 0.7191451 0.2600216 0.02083333 0.1832497 0.3656253 0.451125 0.376767 0.623233 0.962963 0.03703704 0.962963 0.03703704 0.7708333 0.2291667 0.7708333 0.2291667 0.9166667 0.08333334 0.8881173 0.1118827 0.4366319 0.5633681 0.6727431 0.3272569 0.7534722 0.2465278 0.4210069 0.5789931 0.7511574 0.2488426 0.5416666 0.4583333 0.6119791 0.3880209 0.8568673 0.1431327 0.6689814 0.3310185 0.8333333 0.1666667 0.25 0.75 0.25 0.75 0.25 0.75 0.9166667 0.08333334 0.25 0.75 0.8333333 0.1666667 0.3267345 0.6628488 0.01041667 0.853623 0.1463769 0.6401345 0.3459767 0.01388889 0.7990713 0.2009287 0.02488472 0.9751153 0.9664348 0.03356518 0.9415501 0.05844985 0.2321011 0.7678989 0.4029022 0.543857 0.05324074 0.25 0.75 0.1501428 0.6559228 0.1939344 0.25 0.75 0.3970293 0.1745867 0.428384 0.7201646 0.2798354 0.3559028 0.25 0.3940972 0.375 0.25 0.375 0.25 0.75 0.25 0.75 0.4808441 0.5191559 0.669742 0.3094246 0.02083333 0.4876369 0.1060516 0.4063115 0.25 0.75 0.02488472 0.9751153 0.910831 0.08916903 0.4055266 0.5944734 0.2606494 0.7393506 0.25 0.75 0.75 0.25 0.7191451 0.2600216 0.02083333 0.9008787 0.09912129 0.1832497 0.3656253 0.451125 0.376767 0.623233 0.3333333 0.6666666 0.6666666 0.3333333 0.9583333 0.04166667 0.5486111 0.4513889 0.7582465 0.2417535 0.761574 0.2384259 0.4994213 0.5005787 0.7777778 0.2222222 0.3333333 0.6666666 0.1 0.9 0.8888889 0.1111111 0.3123425 0.6815812 0.00607639 0.9110067 0.08899333 0.625422 0.3658974 0.008680557 0.25 0.75 0.5479775 0.2198016 0.2322209 0.375 0.25 0.375 0.5 0.5 0.7043923 0.2956077 0.4419172 0.516937 0.04114584 0.3333333 0.6666666 0.2394452 0.7605548 0.25 0.75 0.3 0.7 0.7334397 0.2548415 0.01171875 0.5602237 0.2353487 0.2044275 0.25 0.75 0.5595073 0.4404927 0.3100229 0.6899772 0.778618 0.205757 0.015625 0.1913433 0.42896 0.3796968 0.3333333 0.6666666 0.6666666 0.3333333 0.9583333 0.04166667 0.5486111 0.4513889 0.7582465 0.2417535 0.761574 0.2384259 0.4994213 0.5005787 0.7777778 0.2222222 0.3333333 0.6666666 0.1 0.9 0.8888889 0.1111111 0.3123425 0.6815812 0.00607639 0.9110067 0.08899333 0.625422 0.3658974 0.008680557 0.25 0.75 0.5479775 0.2198016 0.2322209 0.375 0.25 0.375 0.5 0.5 0.7043923 0.2956077 0.4419172 0.516937 0.04114584 0.3333333 0.6666666 0.2394452 0.7605548 0.25 0.75 0.3 0.7 0.7334397 0.2548415 0.01171875 0.5602237 0.2353487 0.2044275 0.25 0.75 0.5595073 0.4404927 0.3100229 0.6899772 0.778618 0.205757 0.015625 0.1913433 0.42896 0.3796968 0.95 0.05 0.75 0.25 0.75 0.25 0.75 0.25 0.75 0.25 0.5 0.5 0.5 0.5 0.5 0.5 0.5 0.5 0.8383293 0.1616707 0.5567635 0.4432365 0.8284482 0.1715518 0.56 0.44 0.5979714 0.4020286 0.9 0.1 0.9 0.1 0.9 0.1 0.9 0.1 0.5 0.5 0.9 0.1 0.75 0.25 0.75 0.25 0.25 0.75 0.75 0.25 0.5 0.5 0.5 0.5 0.9 0.1 0.5 0.5 0.7248147 0.2751853 0.56 0.44 0.8379241 0.162076 0.6649761 0.3350239 0.5567635 0.4432365 0.9 0.1 0.9 0.1 0.5 0.5 0.5 0.5 0.5 0.5 0.5 0.5 0.5 0.5 0.5 0.5 0.5 0.5 0.5 0.5 0.9 0.1 0.9 0.1 0.9 0.1 0.25 0.75 0.25 0.75 0.3190703 0.6809297 0.3190703 0.6809297 0.25 0.75 0.25 0.75 0.25 0.75 0.3190703 0.6809297 0.1 0.9 0.1 0.9 0.1 0.9 0.1 0.9 0.1 0.9 0.1 0.9 0.1 0.9 0.1 0.9 0.75 0.25 0.9 0.1 0.75 0.25 0.9 0.1 0.75 0.25 0.9 0.1 0.75 0.25 0.95 0.05 0.75 0.25 0.25 0.75 0.75 0.25 0.75 0.25 0.5 0.5 0.1 0.9 0.1 0.9 0.5 0.5 0.1 0.9 0.5 0.5 0.5 0.5 0.25 0.75 0.25 0.75 0.5 0.5 0.5 0.5 0.3190703 0.6809297 0.3190703 0.6809297 0.5 0.5 0.5 0.5 0.25 0.75 0.25 0.75 0.5 0.5 0.5 0.5 0.3190703 0.6809297 0.25 0.75 0.8383293 0.1616707 0.7248147 0.2751853 0.5 0.5 0.1 0.9 0.1 0.9 0.5 0.5 0.56 0.44 0.5567635 0.4432365 0.5567635 0.4432365 0.56 0.44 0.8284482 0.1715518 0.1 0.9 0.5 0.5 0.1 0.9 0.5 0.5 0.5 0.5 0.1 0.9 0.5 0.5 0.6649761 0.3350239 0.5979714 0.4020286 0.8379241 0.162076 0.9 0.1 0.9 0.1 0.9 0.1 0.9 0.1 0.9 0.1 0.9 0.1 0.9 0.1 0.9 0.1 0.5 0.5 0.5 0.5 0.5 0.5 0.5 0.5 0.5 0.5 0.5 0.5 0.5 0.5 0.5 0.5 0.75 0.25 0.75 0.25 0.75 0.25 0.75 0.25 0.25 0.75 0.75 0.25 0.75 0.25 0.25 0.75 0.75 0.25 0.75 0.25 0.75 0.25 0.75 0.25 0.25 0.75 0.75 0.25 0.25 0.75 0.25 0.75 0.5 0.5 0.5 0.5 0.75 0.25 0.75 0.25 0.5 0.5 0.75 0.25 0.5 0.5 0.5 0.5 0.75 0.25 0.25 0.75 0.5 0.5 0.75 0.25 0.5 0.5 0.75 0.25 0.5 0.5 0.25 0.75 0.75 0.25 0.75 0.25 0.75 0.25 0.75 0.25 0.25 0.75 0.75 0.25 0.25 0.75 0.25 0.75 0 0 0 0 0 0 0 0 0 0 0 0 0 0 0 0 0 0 0 0 0 0 0 0 0 0 0 0 0 0 0 0 0 0 0 0 0 0 0 0 0 0 0 0 0 0 0 0 0 0 0 0 0 0 0 0 0 0 0 0 0 0 0 0 0 0 0 0 0 0 0 0 0 0 0 0 0 0 0 0 0 0 0 0 0 0 0 0 0 0 0 0 0 0 0 0 0 0 0 0 0 0 0 0 0 0 0 0 0 0 0 0 0 0 0 0 0 0 0 0 0 0 0 0 0 0 0 0 0 0 0 0 0 0 0 0 0 0 0 0 0 0 0 0 0 0</float_array>
          <technique_common>
            <accessor source="#geom-Torso-skin1-weights-array" count="2726" stride="1">
              <param name="WEIGHT" type="float"/>
            </accessor>
          </technique_common>
        </source>
        <joints>
          <input semantic="JOINT" source="#geom-Torso-skin1-joints"/>
          <input semantic="INV_BIND_MATRIX" source="#geom-Torso-skin1-bind_poses"/>
        </joints>
        <vertex_weights count="2109">
          <input semantic="JOINT" source="#geom-Torso-skin1-joints" offset="0"/>
          <input semantic="WEIGHT" source="#geom-Torso-skin1-weights" offset="1"/>
          <vcount>4 3 4 3 3 4 1 1 2 2 2 2 2 1 1 1 1 1 1 1 1 2 2 2 2 3 2 4 2 2 2 2 2 3 2 2 2 2 1 1 1 1 2 2 3 3 4 2 3 1 1 3 4 3 3 3 3 2 2 2 2 3 2 4 4 2 1 1 1 1 1 1 1 1 3 1 3 4 3 3 3 1 1 2 2 3 3 2 2 2 2 1 1 1 1 3 2 3 3 4 3 3 2 3 3 4 4 2 3 3 3 2 3 2 2 2 3 3 2 2 3 2 3 2 4 1 1 3 3 4 2 1 1 1 1 1 1 1 1 1 2 2 1 1 1 1 2 2 2 1 2 1 1 3 3 4 2 4 3 3 1 1 1 2 2 2 2 2 2 4 3 2 1 2 1 2 2 2 2 1 1 1 1 1 1 4 3 1 2 2 2 1 3 3 3 3 3 3 2 4 3 4 4 4 2 1 2 3 3 3 3 2 2 4 3 3 4 3 4 4 3 3 4 2 2 3 3 3 3 3 4 3 2 2 2 2 2 2 2 2 2 2 4 2 2 3 3 2 2 2 2 2 3 3 2 3 3 2 2 2 2 1 1 1 3 4 3 3 3 2 3 4 4 3 2 3 2 2 2 1 1 1 1 1 1 1 1 1 1 1 1 1 1 1 1 1 1 1 1 2 2 2 1 1 1 1 1 1 1 1 1 1 1 1 1 1 2 2 1 1 2 2 1 2 3 4 3 1 1 1 1 1 3 3 4 4 3 2 4 3 3 3 3 1 1 1 1 1 1 2 2 2 2 2 2 2 2 2 2 3 3 2 3 3 2 2 2 2 2 2 2 2 2 2 2 2 2 2 2 2 1 1 1 1 1 1 1 1 1 1 1 1 1 1 1 1 2 2 2 2 2 2 2 1 1 1 1 1 1 1 1 3 1 3 2 2 2 3 1 2 1 1 1 1 1 1 1 1 1 1 1 2 1 3 1 2 1 1 1 1 2 1 2 1 1 1 1 2 2 2 2 2 2 2 1 1 1 1 1 1 1 3 1 3 2 2 2 3 1 2 1 1 1 1 1 1 1 1 2 2 1 2 4 4 4 2 4 4 4 3 3 2 3 2 2 2 4 3 4 4 4 4 4 4 3 4 4 4 4 4 4 4 3 4 3 4 4 4 4 4 4 4 2 4 3 4 2 4 4 4 4 4 4 4 4 4 4 4 3 3 4 2 4 4 4 4 4 4 2 4 4 4 4 2 4 4 4 4 4 4 4 4 2 2 2 3 4 2 3 4 2 4 4 4 4 4 4 2 4 4 4 2 4 4 4 4 4 4 4 4 4 4 3 3 3 3 4 4 4 3 2 3 4 4 4 4 4 4 4 4 2 4 4 4 4 4 4 4 2 4 3 4 4 3 4 4 4 4 4 4 1 1 1 1 1 1 1 1 1 1 1 1 1 1 1 1 1 1 1 1 1 1 1 1 1 1 1 1 1 1 1 1 1 1 1 1 1 1 1 1 1 1 1 1 1 1 1 1 1 1 1 1 1 1 1 1 1 1 1 1 1 1 1 1 1 1 1 1 1 1 1 1 1 1 1 1 1 1 1 1 1 1 1 1 1 1 1 1 1 1 1 1 1 1 1 1 1 1 1 1 1 1 1 1 1 1 1 1 1 1 1 1 1 1 1 1 1 1 1 1 1 1 1 1 1 1 1 1 1 1 1 1 1 1 1 1 1 1 1 1 1 1 1 1 1 1 1 1 1 1 1 1 1 1 1 1 1 1 1 1 1 1 1 1 1 1 1 1 1 1 1 1 1 1 1 1 1 1 1 1 1 1 1 1 1 1 1 1 1 1 1 1 1 1 1 1 1 1 1 1 1 1 1 1 1 1 1 1 1 1 1 1 1 1 1 1 1 1 1 1 1 1 1 1 1 1 1 2 1 2 2 1 2 4 2 2 2 2 2 1 1 1 1 1 1 1 1 1 1 1 1 1 1 1 1 1 1 1 1 1 1 2 1 2 2 1 2 4 2 2 2 2 2 1 3 3 3 2 2 2 4 3 2 3 3 2 2 3 3 3 4 4 2 2 2 2 2 2 2 2 3 3 3 3 3 3 3 3 3 2 2 2 4 3 2 3 3 2 2 3 3 3 4 4 2 2 2 2 2 2 2 2 3 3 3 3 3 3 3 4 3 4 4 3 3 4 2 4 2 4 3 3 2 2 2 2 4 3 3 2 2 2 2 2 3 2 3 2 2 2 2 2 3 2 3 3 4 3 4 2 2 2 2 2 2 2 2 2 2 2 2 3 3 3 2 3 2 2 3 3 4 3 4 4 3 3 4 2 4 2 2 3 3 3 2 2 2 2 2 3 2 3 2 2 2 2 2 3 4 2 3 3 4 3 3 4 4 2 2 2 2 2 2 2 2 2 2 2 2 2 2 2 2 2 2 3 3 3 3 3 3 3 1 1 1 1 1 1 1 2 2 1 1 2 2 2 2 2 2 1 2 2 2 2 2 2 1 2 1 1 1 1 1 1 1 1 1 1 1 1 1 1 2 1 2 1 1 2 1 2 1 1 1 2 1 1 1 1 2 2 3 2 3 2 1 1 2 1 1 2 2 2 1 1 1 3 2 3 2 3 2 3 2 3 1 1 1 1 1 1 1 1 1 1 1 1 1 1 1 1 1 1 1 2 2 1 2 2 3 3 3 2 1 1 1 1 1 1 1 1 1 2 1 2 1 1 1 2 2 3 2 1 2 2 1 1 1 1 2 3 3 1 2 1 1 1 1 1 2 2 2 2 1 2 2 2 1 2 2 2 2 2 2 2 2 1 1 1 1 1 1 1 1 1 1 1 1 1 1 1 2 1 1 2 1 2 1 2 1 1 1 2 1 1 2 2 3 2 3 1 1 2 1 1 2 2 2 2 1 1 1 3 2 3 2 3 2 3 3 2 1 1 1 1 1 1 1 1 1 1 1 1 1 1 1 1 2 2 1 3 3 1 2 1 1 1 1 1 1 1 1 2 1 2 2 2 1 2 1 2 1 1 3 2 3 1 2 1 1 1 1 1 1 1 1 1 2 1 2 2 2 2 2 2 1 1 1 1 1 1 1 1 1 1 2 1 2 2 1 1 1 1 2 1 1 3 1 1 1 2 1 3 2 3 3 1 1 1 1 1 1 1 1 1 1 1 2 2 3 1 1 2 1 1 1 1 1 1 2 2 1 2 1 1 1 1 3 1 1 3 2 1 2 2 3 1 1 3 1 1 2 1 2 2 2 2 2 2 1 1 1 1 1 1 1 1 1 1 2 1 2 2 1 1 1 1 2 1 1 3 1 1 1 2 1 3 2 3 3 1 1 1 1 1 1 1 1 1 1 1 2 2 3 1 1 2 1 1 1 1 1 1 2 2 1 2 1 1 1 1 3 1 1 3 2 1 2 2 3 1 1 3 1 1 1 1 2 1 2 2 2 2 2 2 2 2 1 1 1 1 2 1 1 1 1 1 2 2 1 1 1 1 1 1 1 1 1 1 1 1 1 1 1 1 1 1 1 1 1 1 2 1 1 1 2 1 1 2 2 2 2 1 1 1 1 1 2 2 1 1 2 1 1 2 1 1 2 1 1 2 1 1 1 1 2 1 2 2 1 1 2 1 1 1 1 1 1 1 2 2 2 1 1 2 1 1 2 1 1 2 1 2 1 1 1 1 1 1 1 1 1 1 1 1 1 2 2 2 2 2 2 2 2 1 1 2 2 2 1 1 1 2 2 2 2 2 2 2 2 2 2 2 2 2 2 2 2 1 1 1 1 1 1 1 1 1 1 1 1 1 1 1 2 2 2 1 1 1 1 2 2 2 2 1 2 1 1 1 2 1 2 1 1 1 1 1 2 2 2 2 2 2 1 1 1 1 1 1 2 1 1 1 1 1 1 1 1 1 1 1 1 1 1 1 2 2 1 1 1 2 2 2 2 1 1 1 2 2 2 2 1 2 2 2 2 1 2 2 2 1 1 2 1 1 1 1 1 2 2 2 2 2 2 2 2 2 1 2 2 2 2 1 1 2 2 2 1 1 1 1 1 2 2 2 1 1 1 2 2 1 2 1 1 2 2 1 2 1 2 1 2 1 1 1 1 1 1 1 1 1 2 2 2 2 2 2 2 2 1 1 1 1 1 1 1 1 1 1 1 1 1 1 1 1 2 2 2 2 2 2 2 2 2 2 2 2 2 2 2 2 2 2 2 2 2 2 2 2 2 2 2 2 2 2 2 2 1 2 2 1 2 1 2 2 1 1 2 1 2 1 2 1 1 1 1 1 1 1 1 1 1 1 1 1 1 1 1 1 1 1 1 1 1 1 1 1 1 1 1 2 3 3 2 2 2 2 2 2 2 2 2 2 2 3 2 2 1 2 2 1 1 1 1 1 1 1 1 1 1 3 3 2 3 2 2 3 3 3 3 2 2 2 2 2 2 2 2 2 3 3 3 2 2 1 2 1 1 1 2 1 1 1 1 1 1 1 1 3 3 2 3 1 2 2 2 2 1 2 3 3 2 2 2 2 2 2 2 2 2 2 2 3 2 2 1 2 1 1 1 2 2 1 1 1 1 1 1 1 1 3 3 2 3 2 2 2 2 2 3 3 2 2 1 2 1 1 1 1 3 3 3 3 2 2 1 1 1 1 1 1 2 3 2 2 2 2 2 3 3 2 3 2 2 1 1 2 2 1 1 2 2 2 1 1 1 2 2 2 1</vcount>
          <v>0 1 1 2 52 3 60 4 2 5 35 6 34 7 0 8 1 9 52 10 60 11 2 12 35 13 34 14 1 15 2 16 35 17 1 18 2 19 35 20 34 21 3 0 3 0 1 22 0 23 1 24 0 25 52 26 56 27 52 28 56 29 52 30 56 31 36 0 36 0 36 0 36 0 36 0 36 0 36 0 36 0 36 32 37 33 36 34 37 35 36 36 37 37 36 38 37 39 2 40 3 41 1 42 2 43 1 44 2 45 1 46 35 47 34 48 2 49 3 50 3 51 2 52 3 53 2 54 52 55 56 56 52 57 56 58 1 59 0 60 2 61 36 62 37 63 36 64 37 65 36 66 37 67 36 68 37 69 36 0 36 0 36 0 36 0 35 70 34 71 35 72 34 73 2 74 35 75 34 76 35 77 34 78 2 79 60 80 0 81 1 82 2 83 1 84 2 85 60 86 52 87 56 88 3 0 3 0 2 89 1 90 35 91 2 92 1 93 35 94 34 95 3 96 2 97 1 98 1 99 0 100 2 101 0 102 1 103 2 104 2 105 3 106 1 107 2 0 1 108 0 109 1 110 1 111 2 112 52 113 60 114 2 115 3 116 1 117 52 118 60 119 2 120 35 121 1 122 34 123 2 124 34 125 35 126 1 127 2 128 35 129 36 0 36 0 36 0 36 0 36 0 36 0 36 0 36 0 52 130 60 131 56 132 3 0 2 133 1 134 35 135 2 136 35 137 1 138 34 139 2 140 35 141 1 142 1 143 2 144 0 145 2 146 3 147 1 148 3 0 3 0 52 149 56 150 52 151 56 152 52 153 56 154 53 155 1 156 0 157 2 158 36 159 37 160 36 161 37 162 36 163 37 164 36 165 37 166 36 0 36 0 36 0 36 0 2 167 1 168 35 169 1 170 2 171 2 172 1 173 3 174 2 175 1 176 35 177 2 178 1 179 35 180 34 181 2 182 3 183 1 184 3 185 2 186 1 187 3 188 2 189 3 190 2 191 1 192 1 193 0 194 2 195 0 196 1 197 52 198 60 199 0 200 1 201 52 202 60 203 0 204 1 205 0 206 1 207 2 208 2 209 1 210 3 211 2 212 3 213 1 214 2 215 3 216 2 217 3 218 1 219 2 220 1 221 1 222 0 223 1 224 2 225 1 226 2 227 0 228 52 229 53 230 56 231 52 232 56 233 52 234 56 235 2 236 3 237 1 238 2 239 3 240 1 241 2 242 0 243 0 244 1 245 0 246 1 247 52 248 60 249 36 0 36 0 2 250 35 251 1 252 2 253 35 254 34 255 2 256 35 257 1 258 34 259 2 260 35 261 36 0 36 0 36 0 36 0 36 0 36 0 36 0 36 0 36 0 36 262 37 263 36 264 37 265 36 0 36 0 36 0 36 0 36 266 37 267 36 268 37 269 36 270 37 271 36 0 36 272 37 273 3 0 3 0 2 274 35 275 1 276 2 277 35 278 1 279 2 280 1 281 35 282 34 283 1 284 2 285 2 286 35 287 1 288 34 289 1 290 2 291 0 292 2 293 1 294 3 295 3 0 3 0 3 0 52 296 56 297 52 298 56 299 52 300 60 301 52 302 60 303 52 304 56 305 52 306 56 307 52 308 60 309 56 310 53 311 1 312 0 313 2 314 36 315 37 316 36 0 36 317 37 318 36 0 36 319 37 320 36 321 37 322 36 323 37 324 36 325 37 326 36 0 36 0 36 0 36 0 36 0 36 0 1 327 2 328 35 329 34 330 35 331 34 332 2 333 35 0 35 334 34 335 35 336 34 337 2 338 35 339 3 0 1 340 0 341 2 342 2 343 3 344 1 345 2 346 1 347 44 348 2 349 1 350 44 351 2 352 1 353 3 354 1 355 2 356 44 357 1 358 2 359 1 360 2 361 44 362 43 363 2 364 1 365 44 366 2 367 1 368 44 369 43 370 1 371 2 372 44 373 43 374 2 375 1 376 44 377 43 378 44 379 43 380 44 0 44 381 43 382 2 383 3 384 1 385 3 386 2 387 1 388 3 389 2 390 1 391 3 392 2 393 1 394 3 395 2 396 3 397 2 398 60 399 0 400 52 401 56 402 1 403 0 404 2 405 1 406 0 407 2 408 0 409 1 410 56 411 60 412 1 413 0 414 2 415 0 416 1 417 56 418 60 419 0 420 1 421 56 422 60 423 0 424 1 425 2 426 0 427 1 428 2 429 0 430 1 431 56 432 60 433 0 434 1 435 1 436 0 437 1 438 0 439 2 440 1 441 0 442 2 443 2 444 1 445 3 446 2 447 1 448 3 449 2 450 3 451 1 452 2 453 1 454 44 455 43 456 2 457 3 458 1 459 2 460 3 461 2 462 3 463 2 464 3 465 2 466 1 467 2 0 1 468 2 469 1 470 1 471 0 472 1 473 0 474 0 475 1 476 0 477 1 478 0 479 1 480 56 481 60 482 1 483 2 484 1 485 2 486 1 487 2 488 0 489 52 490 56 491 60 492 56 493 60 494 52 495 56 496 56 497 52 498 56 499 52 500 56 501 60 502 2 503 3 504 1 505 2 506 3 507 1 508 2 509 3 510 1 511 2 512 0 513 1 514 0 515 2 516 56 517 60 518 56 519 52 520 56 521 52 522 56 523 60 524 45 0 45 0 45 0 2 525 44 526 1 527 2 528 44 529 1 530 43 531 2 532 44 533 43 534 2 535 44 536 43 537 2 538 44 539 43 540 44 541 43 542 2 543 44 544 43 545 2 546 44 547 1 548 43 549 2 550 43 551 44 552 1 553 44 554 43 555 2 556 44 557 43 558 44 559 43 560 2 561 2 562 44 563 2 564 44 565 2 566 44 567 45 0 45 0 45 0 45 0 45 0 45 0 45 0 45 0 45 0 45 0 45 0 45 0 45 0 45 0 45 0 45 0 45 0 45 0 45 0 45 0 45 568 46 569 45 570 46 571 45 572 46 573 45 0 45 0 45 0 45 0 45 0 45 0 45 0 45 0 45 0 45 0 45 0 45 0 45 0 45 0 45 574 46 575 45 576 46 577 45 0 45 0 45 578 46 579 45 580 46 581 45 0 45 582 46 583 56 584 60 585 52 586 56 587 60 588 52 589 57 590 52 591 56 592 60 593 3 0 3 0 3 0 3 0 3 0 2 594 44 595 1 596 2 597 44 598 1 599 2 600 44 601 1 602 43 603 2 604 1 605 44 606 43 607 2 608 1 609 44 610 1 611 2 612 2 613 44 614 1 615 43 616 2 617 44 618 1 619 1 620 2 621 0 622 1 623 2 624 0 625 2 626 3 627 1 628 3 0 3 0 3 0 3 0 3 0 3 0 52 629 56 630 56 631 52 632 52 633 56 634 56 635 52 636 56 637 52 638 56 639 52 640 56 641 52 642 56 643 52 644 56 645 52 646 56 647 52 648 56 649 52 650 57 651 56 652 57 653 52 654 52 655 56 656 1 657 0 658 2 659 1 660 0 661 2 662 45 663 46 664 45 665 46 666 45 667 46 668 45 669 46 670 45 671 46 672 45 673 46 674 45 675 46 676 45 677 46 678 45 679 46 680 45 681 46 682 45 683 46 684 45 685 46 686 45 687 46 688 45 689 46 690 45 691 46 692 45 693 46 694 45 0 45 0 45 0 45 0 45 0 45 0 45 0 45 0 4 0 4 0 4 0 4 0 4 0 31 0 31 0 4 0 32 695 33 696 32 697 33 698 33 699 32 700 32 701 33 702 32 703 33 704 33 705 32 706 32 707 33 708 33 0 33 0 33 0 33 0 33 0 33 0 4 0 4 0 2 709 4 710 5 711 7 0 7 712 6 713 5 714 7 715 6 716 7 717 6 718 7 719 6 720 6 721 7 722 5 723 7 0 6 724 5 725 7 0 7 0 7 0 4 0 4 0 4 0 4 0 4 0 4 0 7 0 7 0 5 726 4 727 7 0 6 728 5 729 7 730 5 0 7 731 5 732 7 0 7 0 4 0 7 0 6 733 5 734 7 0 4 735 5 736 4 0 28 0 28 0 4 0 29 737 30 738 29 739 30 740 30 741 29 742 29 743 30 744 29 745 30 746 30 747 29 748 29 749 30 750 30 0 30 0 30 0 30 0 30 0 30 0 4 0 2 751 4 752 5 753 7 0 7 754 6 755 5 756 7 757 6 758 7 759 6 760 7 761 6 762 6 763 7 764 5 765 7 0 6 766 5 767 7 0 7 0 7 0 4 0 4 0 4 0 4 0 7 0 5 768 4 769 7 770 5 771 7 0 4 772 5 773 39 774 37 775 36 776 40 777 39 778 40 779 37 780 36 781 39 782 40 783 37 784 36 785 36 786 37 787 36 788 40 789 41 790 42 791 41 792 40 793 42 794 36 795 41 796 40 797 42 798 36 799 36 800 41 801 42 802 36 803 41 804 42 805 36 806 37 807 36 808 37 809 39 810 36 811 37 812 36 813 37 814 36 815 37 816 36 817 40 818 41 819 42 820 36 821 37 822 39 823 37 824 36 825 39 826 40 827 36 828 37 829 38 830 39 831 40 832 41 833 39 834 36 835 40 836 39 837 36 838 41 839 40 840 41 841 36 842 39 843 40 844 39 845 41 846 36 847 36 848 37 849 39 850 36 851 40 852 41 853 42 854 36 855 40 856 41 857 42 858 36 859 40 860 41 861 42 862 38 863 36 864 40 865 39 866 37 867 36 868 39 869 40 870 37 871 36 872 39 873 40 874 36 875 37 876 39 877 40 878 36 879 37 880 39 881 40 882 39 883 36 884 37 885 36 886 41 887 42 888 38 889 36 890 37 891 39 892 36 893 37 894 39 895 38 896 41 897 40 898 36 899 42 900 40 901 39 902 36 903 41 904 41 905 40 906 39 907 36 908 39 909 37 910 40 911 36 912 36 913 37 914 39 915 40 916 36 917 37 918 37 919 36 920 38 921 39 922 37 923 36 924 39 925 36 926 37 927 39 928 38 929 36 930 37 931 40 932 41 933 39 934 36 935 41 936 42 937 40 938 36 939 40 940 41 941 39 942 36 943 39 944 36 945 37 946 40 947 40 948 41 949 36 950 39 951 40 952 41 953 36 954 39 955 41 956 42 957 40 958 36 959 40 960 41 961 36 962 39 963 40 964 41 965 39 966 36 967 40 968 39 969 41 970 36 971 39 972 37 973 40 974 36 975 36 976 37 977 39 978 36 979 37 980 39 981 36 982 40 983 41 984 42 985 41 986 42 987 36 988 40 989 41 990 42 991 41 992 42 993 40 994 36 995 36 996 40 997 41 998 42 999 36 1000 40 1001 41 1002 42 1003 39 1004 40 1005 36 1006 38 1007 38 1008 36 1009 37 1010 40 1011 36 1012 37 1013 37 1014 36 1015 39 1016 40 1017 36 1018 37 1019 39 1020 40 1021 39 1022 36 1023 40 1024 37 1025 36 1026 37 1027 39 1028 40 1029 37 1030 36 1031 36 1032 40 1033 41 1034 42 1035 40 1036 41 1037 36 1038 39 1039 48 1040 49 1041 46 1042 45 1043 48 1044 46 1045 49 1046 45 1047 46 1048 45 1049 48 1050 49 1051 46 1052 45 1053 47 1054 48 1055 48 1056 46 1057 45 1058 49 1059 45 1060 46 1061 48 1062 49 1063 45 1064 46 1065 45 1066 46 1067 45 1068 46 1069 46 1070 45 1071 48 1072 45 1073 46 1074 47 1075 48 1076 45 1077 46 1078 45 1079 46 1080 48 1081 45 1082 46 1083 48 1084 47 1085 45 1086 46 1087 49 1088 50 1089 48 1090 45 1091 49 1092 50 1093 48 1094 45 1095 49 1096 50 1097 48 1098 45 1099 50 1100 49 1101 51 1102 45 1103 50 1104 51 1105 49 1106 45 1107 45 1108 49 1109 50 1110 51 1111 45 1112 46 1113 48 1114 45 1115 46 1116 49 1117 49 1118 48 1119 45 1120 50 1121 49 1122 50 1123 45 1124 48 1125 45 1126 46 1127 49 1128 50 1129 45 1130 48 1131 49 1132 50 1133 45 1134 48 1135 49 1136 50 1137 45 1138 48 1139 50 1140 49 1141 51 1142 45 1143 50 1144 51 1145 49 1146 45 1147 49 1148 50 1149 48 1150 45 1151 49 1152 48 1153 50 1154 45 1155 48 1156 46 1157 49 1158 45 1159 49 1160 48 1161 50 1162 45 1163 48 1164 49 1165 46 1166 45 1167 45 1168 46 1169 48 1170 45 1171 46 1172 48 1173 45 1174 46 1175 48 1176 45 1177 46 1178 48 1179 45 1180 49 1181 50 1182 51 1183 45 1184 49 1185 50 1186 51 1187 45 1188 49 1189 50 1190 51 1191 45 1192 50 1193 51 1194 50 1195 51 1196 45 1197 50 1198 51 1199 50 1200 51 1201 49 1202 45 1203 45 1204 49 1205 50 1206 51 1207 45 1208 49 1209 50 1210 51 1211 45 1212 49 1213 50 1214 51 1215 45 1216 49 1217 50 1218 51 1219 45 1220 49 1221 50 1222 51 1223 48 1224 49 1225 45 1226 47 1227 47 1228 45 1229 49 1230 48 1231 45 1232 46 1233 47 1234 45 1235 46 1236 49 1237 46 1238 45 1239 48 1240 49 1241 45 1242 46 1243 48 1244 49 1245 46 1246 45 1247 48 1248 49 1249 48 1250 45 1251 49 1252 46 1253 46 1254 45 1255 48 1256 49 1257 45 1258 46 1259 48 1260 49 1261 46 1262 45 1263 45 1264 46 1265 48 1266 49 1267 45 1268 46 1269 48 1270 49 1271 48 1272 45 1273 46 1274 45 1275 49 1276 50 1277 51 1278 45 1279 50 1280 51 1281 47 1282 45 1283 46 1284 48 1285 45 1286 46 1287 48 1288 47 1289 50 1290 49 1291 45 1292 51 1293 49 1294 50 1295 45 1296 48 1297 49 1298 48 1299 45 1300 50 1301 50 1302 49 1303 48 1304 45 1305 4 0 4 0 4 0 4 0 13 0 13 0 13 0 13 0 13 0 13 0 13 0 13 0 13 0 13 0 13 0 13 0 13 0 13 0 13 0 13 0 13 0 13 0 13 0 13 0 13 0 13 0 13 0 13 0 20 0 20 0 20 0 20 0 20 0 20 0 20 0 20 0 20 0 20 0 20 0 20 0 20 0 20 0 20 0 20 0 20 0 20 0 20 0 20 0 20 0 20 0 20 0 20 0 8 0 8 0 8 0 8 0 8 0 8 0 8 0 8 0 8 0 8 0 8 0 8 0 8 0 8 0 8 0 8 0 8 0 8 0 8 0 8 0 8 0 8 0 8 0 8 0 8 0 8 0 8 0 8 0 8 0 8 0 8 0 8 0 8 0 8 0 8 0 8 0 8 0 8 0 8 0 8 0 8 0 8 0 8 0 8 0 8 0 8 0 8 0 8 0 8 0 8 0 8 0 8 0 8 0 8 0 8 0 8 0 8 0 8 0 8 0 8 0 8 0 8 0 8 0 8 0 8 0 8 0 8 0 8 0 8 0 8 0 8 0 8 0 8 0 8 0 8 0 8 0 8 0 8 0 8 0 8 0 8 0 27 0 27 0 27 0 27 0 27 0 27 0 27 0 27 0 27 0 27 0 27 0 27 0 27 0 27 0 27 0 27 0 27 0 27 0 27 0 27 0 27 0 27 0 27 0 27 0 27 0 27 0 27 0 27 0 27 0 27 0 27 0 27 0 27 0 27 0 27 0 27 0 27 0 27 0 27 0 27 0 27 0 27 0 27 0 27 0 27 0 27 0 27 0 27 0 27 0 27 0 27 0 27 0 27 0 27 0 27 0 27 0 27 0 27 0 27 0 27 0 27 0 27 0 27 0 27 0 27 0 27 0 27 0 27 0 27 0 27 0 27 0 27 0 27 0 27 0 27 0 27 0 27 0 27 0 27 0 27 0 27 0 4 0 4 0 4 0 4 0 4 0 4 0 4 0 4 0 4 0 4 0 4 0 4 0 4 0 4 1306 10 1307 10 0 10 1308 4 1309 4 1310 10 1311 10 0 12 1312 4 1313 12 1314 4 1315 27 1316 10 1317 4 1318 12 1319 4 1320 12 1321 12 1322 4 1323 12 1324 4 1325 10 1326 4 1327 4 0 4 0 4 0 4 0 4 0 4 0 4 0 4 0 4 0 4 0 4 0 4 0 4 0 4 0 4 0 4 0 4 0 4 0 4 0 4 0 4 0 4 0 9 1328 4 1329 9 0 9 1330 4 1331 4 1332 9 1333 9 0 4 1334 9 1335 11 1336 4 1337 8 1338 9 1339 11 1340 4 1341 4 1342 11 1343 11 1344 4 1345 4 1346 11 1347 11 1348 4 1349 4 0 0 1350 1 1351 2 1352 0 1353 1 1354 2 1355 0 1356 1 1357 2 1358 0 1359 1 1360 0 1361 1 1362 0 1363 1 1364 0 1365 52 1366 56 1367 60 1368 52 1369 60 1370 56 1371 52 1372 60 1373 0 1374 52 1375 60 1376 0 1377 52 1378 60 1379 52 1380 60 1381 52 1382 60 1383 0 1384 52 1385 60 1386 0 1387 52 1388 60 1389 52 1390 60 1391 53 1392 52 1393 60 1394 56 1395 53 1396 60 1397 52 1398 0 1399 56 1400 52 1401 56 1402 52 1403 56 1404 52 1405 56 1406 52 1407 56 1408 52 1409 56 1410 52 1411 56 1412 52 1413 56 1414 52 1415 56 1416 52 1417 56 1418 53 1419 52 1420 56 1421 53 1422 52 1423 56 1424 53 1425 52 1426 56 1427 53 1428 0 1429 1 1430 2 1431 0 1432 1 1433 2 1434 0 1435 1 1436 2 1437 0 1438 1 1439 2 1440 0 1441 1 1442 2 1443 0 1444 1 1445 0 1446 1 1447 0 1448 1 1449 0 1450 56 1451 52 1452 60 1453 56 1454 60 1455 52 1456 56 1457 60 1458 0 1459 56 1460 60 1461 0 1462 56 1463 60 1464 56 1465 60 1466 56 1467 60 1468 0 1469 56 1470 60 1471 0 1472 56 1473 60 1474 56 1475 60 1476 57 1477 56 1478 60 1479 52 1480 57 1481 60 1482 56 1483 0 1484 52 1485 56 1486 52 1487 56 1488 52 1489 56 1490 52 1491 56 1492 52 1493 56 1494 52 1495 56 1496 52 1497 56 1498 52 1499 56 1500 52 1501 56 1502 52 1503 57 1504 56 1505 52 1506 57 1507 56 1508 52 1509 57 1510 56 1511 52 1512 57 1513 0 1514 1 1515 2 1516 0 1517 1 1518 2 1519 0 1520 1 1521 2 1522 60 1523 0 1524 52 1525 1 1526 0 1527 1 1528 2 1529 0 1530 1 1531 52 1532 60 1533 0 1534 1 1535 52 1536 60 1537 0 1538 1 1539 52 1540 0 1541 1 1542 2 1543 0 1544 1 1545 52 1546 60 1547 0 1548 1 1549 0 1550 1 1551 52 1552 60 1553 0 1554 1 1555 0 1556 1 1557 52 1558 60 1559 52 1560 53 1561 56 1562 52 1563 53 1564 56 1565 52 1566 56 1567 52 1568 56 1569 52 1570 56 1571 52 1572 56 1573 0 1574 52 1575 56 1576 60 1577 52 1578 60 1579 56 1580 0 1581 52 1582 60 1583 52 1584 56 1585 52 1586 60 1587 52 1588 60 1589 52 1590 60 1591 52 1592 56 1593 0 1594 52 1595 60 1596 52 1597 60 1598 0 1599 52 1600 60 1601 52 1602 56 1603 52 1604 60 1605 52 1606 60 1607 52 1608 60 1609 52 1610 56 1611 0 1612 52 1613 60 1614 52 1615 60 1616 0 1617 52 1618 60 1619 52 1620 56 1621 53 1622 52 1623 60 1624 56 1625 53 1626 52 1627 60 1628 56 1629 60 1630 52 1631 56 1632 53 1633 52 1634 56 1635 52 1636 56 1637 52 1638 56 1639 52 1640 56 1641 52 1642 56 1643 52 1644 56 1645 52 1646 56 1647 52 1648 56 1649 52 1650 56 1651 52 1652 56 1653 52 1654 56 1655 52 1656 56 1657 52 1658 56 1659 53 1660 52 1661 56 1662 53 1663 52 1664 56 1665 53 1666 52 1667 56 1668 52 1669 56 1670 53 1671 52 1672 56 1673 0 1674 1 1675 0 1676 1 1677 2 1678 0 1679 1 1680 2 1681 60 1682 0 1683 56 1684 1 1685 0 1686 1 1687 2 1688 0 1689 1 1690 56 1691 60 1692 0 1693 1 1694 56 1695 60 1696 0 1697 1 1698 56 1699 0 1700 1 1701 2 1702 0 1703 1 1704 56 1705 60 1706 0 1707 1 1708 0 1709 1 1710 56 1711 60 1712 0 1713 1 1714 0 1715 1 1716 56 1717 60 1718 52 1719 0 1720 56 1721 60 1722 52 1723 56 1724 60 1725 56 1726 52 1727 56 1728 60 1729 56 1730 60 1731 56 1732 60 1733 56 1734 52 1735 0 1736 56 1737 60 1738 56 1739 60 1740 0 1741 56 1742 60 1743 56 1744 52 1745 56 1746 60 1747 56 1748 60 1749 56 1750 60 1751 56 1752 52 1753 0 1754 56 1755 60 1756 0 1757 1 1758 56 1759 60 1760 56 1761 60 1762 0 1763 56 1764 60 1765 56 1766 52 1767 57 1768 56 1769 60 1770 52 1771 57 1772 60 1773 52 1774 56 1775 56 1776 60 1777 52 1778 60 1779 56 1780 52 1781 57 1782 60 1783 52 1784 56 1785 0 1786 52 1787 56 1788 56 1789 52 1790 56 1791 52 1792 52 1793 56 1794 56 1795 52 1796 56 1797 52 1798 56 1799 52 1800 56 1801 52 1802 56 1803 52 1804 56 1805 52 1806 56 1807 52 1808 56 1809 52 1810 56 1811 52 1812 56 1813 52 1814 56 1815 52 1816 56 1817 52 1818 56 1819 52 1820 56 1821 52 1822 56 1823 52 1824 57 1825 56 1826 52 1827 57 1828 56 1829 57 1830 52 1831 56 1832 52 1833 57 1834 56 1835 52 1836 57 1837 56 1838 57 1839 52 1840 0 1841 1 1842 2 1843 4 0 4 0 4 0 4 0 4 0 4 0 4 0 32 1844 33 1845 32 1846 33 1847 4 0 31 0 32 1848 33 1849 32 1850 33 1851 32 1852 33 1853 32 1854 33 1855 32 1856 33 1857 32 1858 33 1859 33 0 32 1860 33 1861 32 1862 33 1863 32 1864 33 1865 32 1866 33 1867 32 1868 33 1869 32 1870 33 1871 33 0 32 1872 33 1873 33 0 33 0 33 0 33 0 33 0 33 0 33 0 33 0 33 0 33 0 33 0 33 0 33 0 33 0 32 1874 33 1875 31 0 4 1876 31 1877 4 0 4 0 4 1878 31 1879 4 0 4 1880 31 1881 4 0 4 0 4 0 32 1882 33 1883 4 0 4 0 4 0 4 0 32 1884 33 1885 4 1886 31 1887 7 1888 6 1889 5 1890 7 1891 6 1892 6 1893 7 1894 5 1895 7 1896 6 1897 7 0 7 0 6 1898 7 1899 7 0 7 0 7 1900 6 1901 7 1902 6 1903 6 1904 7 1905 7 0 7 0 7 0 6 1906 7 1907 5 1908 4 1909 5 1910 4 1911 5 1912 6 1913 4 1914 5 1915 5 1916 4 1917 6 1918 6 1919 7 1920 5 1921 4 1922 6 1923 4 1924 5 1925 2 1926 4 1927 5 1928 7 0 7 0 7 0 7 0 4 0 4 0 4 0 4 0 4 0 4 0 4 0 4 0 4 0 4 0 4 0 4 0 7 0 7 0 7 0 4 1929 5 1930 4 1931 5 1932 5 0 5 1933 6 1934 5 1935 6 1936 6 1937 5 1938 7 1939 7 1940 6 1941 5 1942 7 1943 6 1944 5 1945 4 1946 5 1947 5 0 7 0 7 0 7 0 7 0 7 0 7 0 7 0 7 0 6 1948 7 1949 7 0 7 1950 6 1951 7 0 7 0 7 0 6 1952 7 1953 6 1954 5 1955 7 1956 5 1957 6 1958 4 1959 5 1960 4 0 4 1961 5 1962 4 1963 31 1964 4 0 4 0 4 0 4 0 7 1965 6 1966 7 1967 6 1968 5 1969 4 1970 5 1971 6 1972 7 0 5 1973 6 1974 7 0 4 0 4 0 4 0 4 0 29 1975 30 1976 29 1977 30 1978 29 1979 30 1980 29 1981 30 1982 28 0 29 1983 30 1984 29 1985 30 1986 29 1987 30 1988 30 0 29 1989 30 1990 29 1991 30 1992 29 1993 30 1994 29 1995 30 1996 29 1997 30 1998 29 1999 30 2000 29 2001 30 2002 29 2003 30 2004 30 0 30 0 30 0 30 0 30 0 30 0 30 0 30 0 30 0 30 0 30 0 30 0 30 0 30 0 30 0 29 2005 30 2006 4 0 4 0 4 2007 28 2008 28 0 4 2009 28 2010 4 0 4 2011 28 2012 4 0 4 0 4 0 29 2013 30 2014 4 0 4 0 4 2015 28 2016 29 2017 30 2018 6 2019 7 2020 5 2021 7 2022 6 2023 7 2024 6 2025 5 2026 7 0 7 0 7 2027 6 2028 7 0 7 0 6 2029 7 2030 7 2031 6 2032 7 2033 6 2034 6 2035 7 2036 7 0 7 0 7 0 6 2037 7 2038 5 2039 4 2040 5 2041 4 2042 5 2043 6 2044 4 2045 5 2046 5 2047 4 2048 6 2049 6 2050 7 2051 5 2052 4 2053 6 2054 2 2055 4 2056 5 2057 4 2058 5 2059 7 0 7 0 7 0 7 0 4 0 4 0 4 0 4 0 4 0 4 0 4 0 4 0 4 0 4 0 7 0 7 0 4 2060 5 2061 5 2062 6 2063 5 0 7 2064 6 2065 5 2066 6 2067 5 2068 7 2069 5 0 4 2070 5 2071 7 0 7 0 7 0 7 0 7 0 7 0 7 0 7 0 6 2072 7 2073 7 0 7 2074 6 2075 6 2076 5 2077 6 2078 7 2079 4 0 4 2080 5 2081 4 0 4 2082 28 2083 4 0 4 0 7 2084 6 2085 5 2086 7 2087 6 2088 4 2089 5 2090 6 2091 7 0 5 2092 6 2093 7 0 4 0 4 0 4 0 4 0 4 0 4 0 4 0 4 0 4 2094 31 2095 4 0 32 2096 31 2097 32 2098 33 2099 32 2100 33 2101 32 2102 33 2103 32 2104 33 2105 32 2106 33 2107 33 0 33 0 33 0 33 0 33 0 33 0 33 0 33 0 33 0 33 0 32 2108 33 2109 31 0 4 2110 31 2111 4 2112 31 2113 4 0 32 0 4 0 4 0 32 2114 33 2115 32 0 32 0 6 2116 7 2117 5 2118 7 0 7 0 7 0 7 2119 6 2120 7 0 7 2121 6 2122 5 2123 4 2124 5 2125 6 2126 4 2127 5 2128 2 2129 4 2130 5 2131 7 0 7 0 7 0 4 0 4 0 4 0 4 0 4 0 4 0 4 0 7 0 4 2132 5 2133 5 2134 6 2135 6 2136 7 2137 5 2138 5 0 7 0 4 2139 5 2140 7 0 7 0 7 0 7 0 7 0 7 0 6 2141 7 2142 4 2143 5 2144 4 0 4 2145 31 2146 5 0 4 0 4 0 4 0 7 2147 6 2148 5 2149 7 0 7 0 6 2150 5 2151 4 2152 4 2153 5 2154 7 0 7 2155 6 2156 5 2157 6 2158 7 2159 6 2160 5 2161 7 0 7 0 4 2162 5 2163 6 2164 4 0 4 0 4 2165 28 2166 4 0 29 2167 28 2168 29 2169 30 2170 29 2171 30 2172 29 2173 30 2174 29 2175 30 2176 29 2177 30 2178 30 0 30 0 30 0 30 0 30 0 30 0 30 0 30 0 30 0 30 0 29 2179 30 2180 28 0 4 2181 28 2182 4 2183 28 2184 4 0 29 0 4 0 4 0 29 2185 30 2186 29 0 29 0 6 2187 7 2188 5 2189 7 0 7 0 7 0 7 2190 6 2191 7 0 7 2192 6 2193 5 2194 4 2195 5 2196 6 2197 4 2198 5 2199 2 2200 4 2201 5 2202 7 0 7 0 7 0 4 0 4 0 4 0 4 0 4 0 4 0 4 0 7 0 4 2203 5 2204 5 2205 6 2206 6 2207 7 2208 5 2209 5 0 7 0 4 2210 5 2211 7 0 7 0 7 0 7 0 7 0 7 0 6 2212 7 2213 4 2214 5 2215 4 0 4 2216 28 2217 5 0 4 0 4 0 4 0 7 2218 6 2219 5 2220 7 0 7 0 6 2221 5 2222 4 2223 4 2224 5 2225 7 0 7 2226 6 2227 5 2228 6 2229 7 2230 6 2231 5 2232 7 0 7 0 4 2233 5 2234 6 2235 4 0 4 0 52 0 52 0 52 2236 56 2237 52 0 52 2238 53 2239 52 2240 53 2241 52 2242 53 2243 52 2244 53 2245 53 2246 54 2247 53 2248 54 2249 53 2250 54 2251 53 2252 54 2253 53 0 53 0 53 0 53 0 54 2254 55 2255 54 0 54 0 54 0 54 0 54 0 54 2256 55 2257 54 2258 55 2259 53 0 53 0 53 0 53 0 53 0 53 0 53 0 53 0 53 0 52 0 52 0 52 0 52 0 54 0 53 0 53 0 53 0 53 0 53 0 53 0 53 0 54 0 54 2260 55 2261 54 0 54 0 54 0 54 2262 55 2263 54 0 54 0 53 2264 54 2265 53 2266 54 2267 53 2268 54 2269 53 2270 54 2271 53 0 53 0 53 0 53 0 53 0 53 2272 54 2273 53 2274 54 2275 53 0 52 0 52 2276 53 2277 52 0 52 0 52 2278 53 2279 52 0 52 0 53 2280 52 2281 52 0 52 0 52 2282 53 2283 52 0 54 0 54 0 54 0 53 2284 54 2285 53 0 53 2286 54 2287 53 2288 54 2289 53 0 53 0 53 2290 54 2291 53 0 53 0 53 0 53 0 53 0 54 0 54 0 54 2292 55 2293 54 2294 55 2295 54 2296 55 2297 54 0 54 0 54 2298 55 2299 54 0 54 0 54 2300 55 2301 54 0 54 0 53 2302 54 2303 53 0 53 2304 54 2305 53 0 53 0 53 0 53 0 53 0 53 0 53 0 53 0 53 0 53 0 53 0 53 0 53 0 52 2306 53 2307 52 2308 53 2309 52 2310 53 2311 52 2312 53 2313 52 2314 53 2315 52 2316 53 2317 52 2318 53 2319 52 2320 53 2321 52 0 52 0 52 2322 53 2323 52 2324 53 2325 52 2326 53 2327 52 0 52 0 52 0 52 2328 53 2329 52 2330 53 2331 52 2332 53 2333 52 2334 53 2335 52 2336 53 2337 52 2338 53 2339 52 2340 53 2341 52 2342 53 2343 53 2344 54 2345 53 2346 54 2347 53 2348 54 2349 53 2350 54 2351 53 2352 54 2353 53 2354 54 2355 53 2356 54 2357 53 2358 54 2359 57 0 57 0 57 0 57 0 57 0 57 0 57 0 57 0 57 0 56 0 56 0 56 0 56 0 56 0 56 0 56 2360 57 2361 56 2362 57 2363 56 2364 57 2365 56 0 56 0 56 0 56 0 56 2366 57 2367 56 2368 57 2369 56 2370 57 2371 56 2372 57 2373 56 0 56 2374 52 2375 56 0 56 0 56 0 56 2376 57 2377 56 0 57 2378 56 2379 56 0 56 0 56 0 56 0 56 0 56 2380 57 2381 56 2382 57 2383 57 2384 58 2385 57 2386 58 2387 57 2388 58 2389 57 2390 58 2391 58 0 58 0 58 0 58 0 58 0 58 0 57 2392 58 2393 57 0 57 0 57 0 57 0 57 0 57 0 57 0 57 0 57 0 57 0 57 0 57 0 57 0 57 0 57 0 56 2394 57 2395 56 2396 57 2397 57 0 57 0 57 0 56 2398 57 2399 56 2400 57 2401 56 2402 57 2403 56 2404 57 2405 57 0 57 0 57 0 56 2406 57 2407 56 2408 57 2409 56 2410 57 2411 56 2412 57 2413 57 0 56 2414 57 2415 56 2416 57 2417 56 2418 57 2419 56 2420 57 2421 57 0 56 2422 57 2423 56 2424 57 2425 58 2426 59 2427 58 0 58 0 58 2428 59 2429 58 0 58 0 58 0 58 0 58 0 57 2430 58 2431 57 2432 58 2433 57 2434 58 2435 57 2436 58 2437 58 2438 59 2439 58 2440 59 2441 58 2442 59 2443 58 2444 59 2445 58 2446 59 2447 58 0 57 2448 58 2449 57 2450 58 2451 57 2452 58 2453 57 2454 58 2455 58 0 58 0 57 2456 58 2457 57 2458 58 2459 57 2460 58 2461 58 0 58 0 58 0 58 0 58 0 58 2462 59 2463 58 2464 59 2465 58 2466 59 2467 58 0 58 0 57 0 57 2468 58 2469 57 2470 58 2471 57 0 57 2472 58 2473 57 0 57 0 57 2474 58 2475 57 2476 58 2477 57 0 57 2478 58 2479 57 0 57 2480 58 2481 57 0 57 2482 58 2483 57 0 57 0 57 0 57 0 57 0 57 0 57 0 57 0 57 0 36 2484 35 2485 35 2486 36 2487 36 2488 35 2489 36 2490 35 2491 36 2492 35 2493 36 2494 35 2495 35 2496 36 2497 36 2498 35 2499 36 0 36 0 36 0 36 0 35 0 35 0 35 0 35 0 35 0 36 0 35 0 36 0 36 0 36 0 35 0 35 0 36 2500 35 2501 36 2502 35 2503 36 2504 35 2505 36 2506 35 2507 35 2508 36 2509 36 2510 35 2511 36 2512 35 2513 35 2514 36 2515 35 2516 36 2517 35 2518 36 2519 35 2520 36 2521 35 2522 36 2523 36 2524 35 2525 35 2526 36 2527 36 2528 35 2529 36 2530 35 2531 45 2532 44 2533 45 2534 44 2535 45 2536 44 2537 45 2538 44 2539 45 2540 44 2541 45 2542 44 2543 44 2544 45 2545 45 2546 44 2547 45 2548 44 2549 44 2550 45 2551 45 2552 44 2553 45 2554 44 2555 45 2556 44 2557 45 2558 44 2559 44 2560 45 2561 44 2562 45 2563 44 0 44 2564 45 2565 44 2566 45 2567 44 0 44 2568 45 2569 44 0 44 2570 45 2571 45 2572 44 2573 44 0 44 0 44 2574 45 2575 44 0 45 2576 44 2577 44 0 45 2578 44 2579 44 0 45 0 45 0 45 0 45 0 45 0 45 0 45 0 45 0 4 0 4 0 4 0 4 0 4 0 4 0 4 0 4 0 4 0 4 0 4 0 4 0 4 0 4 0 4 0 4 0 4 0 4 0 4 0 4 0 31 2580 4 0 31 2581 20 2582 4 0 20 2583 31 2584 4 0 31 2585 20 2586 4 0 20 2587 4 0 20 2588 4 0 20 2589 4 0 20 2590 4 0 4 0 20 2591 4 0 20 2592 20 2593 4 0 20 2594 4 0 20 2595 4 0 4 0 10 2596 20 2597 20 2598 4 0 4 0 27 2599 4 0 4 0 27 2600 4 0 27 2601 4 0 4 0 4 0 4 0 4 0 4 0 4 0 4 0 4 0 4 0 4 0 32 2602 31 2603 4 0 32 2604 31 2605 31 2606 4 0 31 2607 32 2608 4 0 31 2609 4 0 31 2610 4 0 4 0 31 2611 20 2612 4 0 31 2613 10 2614 20 2615 4 0 31 2616 4 0 31 2617 20 2618 20 2619 4 0 20 2620 4 0 20 2621 4 0 20 2622 4 0 4 0 20 2623 4 0 20 2624 4 0 20 2625 4 0 20 2626 20 2627 4 0 4 0 20 2628 10 2629 20 2630 10 2631 4 0 10 2632 4 0 20 2633 4 0 10 2634 4 0 27 2635 4 0 27 2636 4 0 4 0 4 0 4 0 4 0 12 2637 4 0 4 0 4 0 4 0 4 0 4 0 4 0 4 0 31 2638 4 0 12 2639 31 2640 4 0 12 2641 31 2642 4 0 31 2643 4 0 12 2644 4 0 4 0 27 2645 4 0 27 2646 4 0 27 2647 4 0 27 2648 4 0 4 0 28 2649 4 0 28 2650 13 2651 4 0 13 2652 28 2653 4 0 28 2654 13 2655 4 0 13 2656 4 0 13 2657 4 0 13 2658 4 0 13 2659 4 0 4 0 13 2660 4 0 13 2661 13 2662 4 0 13 2663 4 0 13 2664 4 0 4 0 9 2665 13 2666 13 2667 4 0 4 0 8 2668 4 0 4 0 8 2669 4 0 4 0 4 0 4 0 8 2670 4 0 8 2671 4 0 4 0 4 0 4 0 4 0 4 0 4 0 4 0 4 0 29 2672 28 2673 4 0 29 2674 28 2675 28 2676 4 0 28 2677 29 2678 4 0 28 2679 4 0 28 2680 4 0 13 2681 4 0 4 0 13 2682 4 0 13 2683 4 0 13 2684 9 2685 9 2686 4 0 13 2687 4 0 8 2688 8 2689 4 0 4 0 4 0 11 2690 4 0 4 0 4 0 4 0 28 2691 4 0 11 2692 28 2693 4 0 11 2694 4 0 28 2695 9 2696 4 0 28 2697 13 2698 13 2699 4 0 4 0 8 2700 4 0 4 0 4 0 4 0 4 0 4 0 4 0 9 2701 13 2702 9 2703 4 0 13 2704 4 0 4 0 13 2705 4 0 13 2706 13 2707 4 0 13 2708 4 0 13 2709 4 0 28 2710 4 0 28 2711 13 2712 28 2713 4 0 28 2714 4 0 11 2715 4 0 28 2716 4 0 8 2717 4 0 4 0 4 0 27 2718 4 0 27 2719 4 0 4 0 4 0 27 2720 4 0 27 2721 4 0 27 2722 4 0 4 0 4 0 4 0 8 2723 4 0 8 2724 4 0 8 2725 4 0</v>
        </vertex_weights>
      </skin>
    </controller>
  </library_controllers>
  <library_cameras>
    <camera id="Camera001-camera" name="Camera001">
      <optics>
        <technique_common>
          <perspective>
            <xfov>45</xfov>
            <znear>1</znear>
            <zfar>1000</zfar>
          </perspective>
        </technique_common>
      </optics>
      <extra>
        <technique profile="OpenCOLLADA3dsMax">
          <target sid="target" type="string">#Camera001.Target</target>
        </technique>
      </extra>
    </camera>
  </library_cameras>
  <library_lights>
    <light id="EnvironmentAmbientLight" name="EnvironmentAmbientLight">
      <technique_common>
        <ambient>
          <color>0 0 0</color>
        </ambient>
      </technique_common>
    </light>
    <light id="Omni001-light" name="Omni001">
      <technique_common>
        <point>
          <color>1 1 1</color>
          <constant_attenuation>1</constant_attenuation>
          <linear_attenuation>0</linear_attenuation>
          <quadratic_attenuation>0</quadratic_attenuation>
        </point>
      </technique_common>
      <extra>
        <technique profile="OpenCOLLADA3dsMax">
          <max_light>
            <affect_specular sid="affect_specular" type="int">1</affect_specular>
            <affect_diffuse sid="affect_diffuse" type="int">1</affect_diffuse>
            <decay_type sid="decay_type" type="int">0</decay_type>
            <multiplier sid="multiplier" type="float">1</multiplier>
            <decay_radius sid="decay_radius" type="float">40</decay_radius>
            <use_near_attenuation sid="use_near_attenuation" type="bool">0</use_near_attenuation>
            <use_far_attenuation sid="use_far_attenuation" type="bool">0</use_far_attenuation>
            <attenuation_near_start sid="attenuation_near_start" type="float">0</attenuation_near_start>
            <attenuation_near_end sid="attenuation_near_end" type="float">40</attenuation_near_end>
            <attenuation_far_start sid="attenuation_far_start" type="float">80</attenuation_far_start>
            <attenuation_far_end sid="attenuation_far_end" type="float">200</attenuation_far_end>
          </max_light>
        </technique>
      </extra>
    </light>
  </library_lights>
  <library_images>
    <image id="EidelWindTextureTest_png">
      <init_from>./images/0_EidelWindTextureTest.png</init_from>
    </image>
  </library_images>
  <library_visual_scenes>
    <visual_scene id="MaxScene">
      <node name="EnvironmentAmbientLight">
        <instance_light url="#EnvironmentAmbientLight"/>
      </node>
      <node id="node-EidelwindRigPelvis" name="EidelwindRigPelvis" type="JOINT">
        <matrix sid="matrix">0.01372004 0.01703222 0.9997609 -0.7761748 1.65775e-7 -0.999855 0.01703382 9.84618e-6 0.9999059 -2.3354e-4 -0.01371813 61.15477 0 0 0 1</matrix>
        <instance_geometry url="#geom-EidelwindRigPelvis">
          <bind_material>
            <technique_common>
              <instance_material symbol="ColorMaterial" target="#ColorEffectR253G106B26-material"/>
            </technique_common>
          </bind_material>
        </instance_geometry>
        <node id="node-EidelwindRigSpineSpineLower" name="EidelwindRigSpineSpineLower" sid="joint0" type="JOINT">
          <matrix sid="matrix">0.9979094 -0.06455769 0.003084372 6.640488 0.06447294 0.9976687 0.02237992 1.07288e-6 -0.004521954 -0.02213427 0.9997448 -4.76837e-7 0 0 0 1</matrix>
          <instance_geometry url="#geom-EidelwindRigSpineSpineLower">
            <bind_material>
              <technique_common>
                <instance_material symbol="ColorMaterial" target="#ColorEffectR253G127B36-material"/>
              </technique_common>
            </bind_material>
          </instance_geometry>
          <node id="node-EidelwindRigSpineSpineUpper" name="EidelwindRigSpineSpineUpper" sid="joint1" type="JOINT">
            <matrix sid="matrix">0.997789 0.0644092 0.01638108 10.41952 -0.06570838 0.9930297 0.09785052 0 -0.009964681 -0.09871058 0.9950662 1.19209e-7 0 0 0 1</matrix>
            <instance_geometry url="#geom-EidelwindRigSpineSpineUpper">
              <bind_material>
                <technique_common>
                  <instance_material symbol="ColorMaterial" target="#ColorEffectR255G220B77-material"/>
                </technique_common>
              </bind_material>
            </instance_geometry>
            <node id="node-EidelwindRigChest" name="EidelwindRigChest" sid="joint2" type="JOINT">
              <matrix sid="matrix">0.9946499 -0.102921 -0.008883039 10.41951 0.1031026 0.9943991 0.02323974 0 0.006441624 -0.02403129 0.9996904 0 0 0 0 1</matrix>
              <instance_geometry url="#geom-EidelwindRigChest">
                <bind_material>
                  <technique_common>
                    <instance_material symbol="ColorMaterial" target="#ColorEffectR255G241B87-material"/>
                  </technique_common>
                </bind_material>
              </instance_geometry>
              <node id="node-EidelwindRigSpine" name="EidelwindRigSpine" sid="joint3" type="JOINT">
                <matrix sid="matrix">0.9982899 0.05746866 -0.01071072 4.132278 -0.05814255 0.9951063 -0.07989424 -3.151425 0.006066759 0.08038035 0.9967459 0 0 0 0 1</matrix>
                <instance_geometry url="#geom-EidelwindRigSpine">
                  <bind_material>
                    <technique_common>
                      <instance_material symbol="ColorMaterial" target="#ColorEffectR216G134B57-material"/>
                    </technique_common>
                  </bind_material>
                </instance_geometry>
                <node id="node-EidelwindRigHead" name="EidelwindRigHead" sid="joint4" type="JOINT">
                  <matrix sid="matrix">0.9922855 0.1233401 -0.01250622 7.371788 -0.1239441 0.9891558 -0.07879351 0 0.00265231 0.07973576 0.9968123 0 0 0 0 1</matrix>
                  <instance_geometry url="#geom-EidelwindRigHead">
                    <bind_material>
                      <technique_common>
                        <instance_material symbol="ColorMaterial" target="#ColorEffectR176G26B26-material"/>
                      </technique_common>
                    </bind_material>
                  </instance_geometry>
                  <node id="node-EidelwindRigHair1" name="EidelwindRigHair1" sid="joint5" type="JOINT">
                    <matrix sid="matrix">-0.8636382 0.5026108 0.03888046 10.64077 -0.4983472 -0.8628491 0.08450742 -8.996209 0.07602245 0.05360779 0.9956642 -2.38419e-7 0 0 0 1</matrix>
                    <instance_geometry url="#geom-EidelwindRigHair1">
                      <bind_material>
                        <technique_common>
                          <instance_material symbol="ColorMaterial" target="#ColorEffectR182G24B24-material"/>
                        </technique_common>
                      </bind_material>
                    </instance_geometry>
                    <node id="node-EidelwindRigHair2" name="EidelwindRigHair2" sid="joint6" type="JOINT">
                      <matrix sid="matrix">0.9754226 0.1560939 -0.1555172 18.35634 -0.1544775 0.9877403 0.02250085 0 0.1571228 0.002076052 0.9875768 0 0 0 0 1</matrix>
                      <instance_geometry url="#geom-EidelwindRigHair2">
                        <bind_material>
                          <technique_common>
                            <instance_material symbol="ColorMaterial" target="#ColorEffectR216G13B13-material"/>
                          </technique_common>
                        </bind_material>
                      </instance_geometry>
                      <node id="node-EidelwindRigHair3" name="EidelwindRigHair3" sid="joint7" type="JOINT">
                        <matrix sid="matrix">0.9936231 0.1081139 0.03201388 12.90224 -0.1074131 0.9939517 -0.02286403 0 -0.03429221 0.01927949 0.999226 0 0 0 0 1</matrix>
                        <instance_geometry url="#geom-EidelwindRigHair3">
                          <bind_material>
                            <technique_common>
                              <instance_material symbol="ColorMaterial" target="#ColorEffectR249G2B2-material"/>
                            </technique_common>
                          </bind_material>
                        </instance_geometry>
                        <extra>
                          <technique profile="OpenCOLLADA">
                            <cast_shadows sid="cast_shadows" type="bool">1</cast_shadows>
                            <receive_shadows sid="receive_shadows" type="bool">1</receive_shadows>
                            <primary_visibility sid="primary_visibility" type="int">1</primary_visibility>
                            <secondary_visibility sid="secondary_visibility" type="int">1</secondary_visibility>
                          </technique>
                        </extra>
                      </node>
                      <extra>
                        <technique profile="OpenCOLLADA">
                          <cast_shadows sid="cast_shadows" type="bool">1</cast_shadows>
                          <receive_shadows sid="receive_shadows" type="bool">1</receive_shadows>
                          <primary_visibility sid="primary_visibility" type="int">1</primary_visibility>
                          <secondary_visibility sid="secondary_visibility" type="int">1</secondary_visibility>
                        </technique>
                      </extra>
                    </node>
                    <extra>
                      <technique profile="OpenCOLLADA">
                        <cast_shadows sid="cast_shadows" type="bool">1</cast_shadows>
                        <receive_shadows sid="receive_shadows" type="bool">1</receive_shadows>
                        <primary_visibility sid="primary_visibility" type="int">1</primary_visibility>
                        <secondary_visibility sid="secondary_visibility" type="int">1</secondary_visibility>
                      </technique>
                    </extra>
                  </node>
                  <node id="node-EidelwindRigEyeR" name="EidelwindRigEyeR" sid="joint8" type="JOINT">
                    <matrix>-2.98023e-8 -1 -1.86265e-9 6.573105 1 -3.72529e-8 2.79397e-9 5.107102 5.70435e-9 0 1 -5.678156 0 0 0 1</matrix>
                    <instance_geometry url="#geom-EidelwindRigEyeR">
                      <bind_material>
                        <technique_common>
                          <instance_material symbol="ColorMaterial" target="#ColorEffectR30G255B13-material"/>
                        </technique_common>
                      </bind_material>
                    </instance_geometry>
                    <extra>
                      <technique profile="OpenCOLLADA">
                        <cast_shadows sid="cast_shadows" type="bool">1</cast_shadows>
                        <receive_shadows sid="receive_shadows" type="bool">1</receive_shadows>
                        <primary_visibility sid="primary_visibility" type="int">1</primary_visibility>
                        <secondary_visibility sid="secondary_visibility" type="int">1</secondary_visibility>
                      </technique>
                    </extra>
                  </node>
                  <node id="node-EidelwindRigEyeLidTopR" name="EidelwindRigEyeLidTopR" sid="joint9" type="JOINT">
                    <matrix>0.3420201 -0.9396927 -1.86265e-9 6.573105 0.9396928 0.3420201 2.79397e-9 5.107102 3.72529e-9 -1.86265e-9 1 -5.678156 0 0 0 1</matrix>
                    <instance_geometry url="#geom-EidelwindRigEyeLidTopR">
                      <bind_material>
                        <technique_common>
                          <instance_material symbol="ColorMaterial" target="#ColorEffectR176G26B26-material"/>
                        </technique_common>
                      </bind_material>
                    </instance_geometry>
                    <extra>
                      <technique profile="OpenCOLLADA">
                        <cast_shadows sid="cast_shadows" type="bool">1</cast_shadows>
                        <receive_shadows sid="receive_shadows" type="bool">1</receive_shadows>
                        <primary_visibility sid="primary_visibility" type="int">1</primary_visibility>
                        <secondary_visibility sid="secondary_visibility" type="int">1</secondary_visibility>
                      </technique>
                    </extra>
                  </node>
                  <node id="node-EidelwindRigEyeLidTopL" name="EidelwindRigEyeLidTopL" sid="joint10" type="JOINT">
                    <matrix>0.3420201 -0.9396927 2.42144e-7 6.573128 0.9396928 0.3420201 8.56817e-8 5.107104 -1.56462e-7 2.01166e-7 1 5.678156 0 0 0 1</matrix>
                    <instance_geometry url="#geom-EidelwindRigEyeLidTopL">
                      <bind_material>
                        <technique_common>
                          <instance_material symbol="ColorMaterial" target="#ColorEffectR176G26B26-material"/>
                        </technique_common>
                      </bind_material>
                    </instance_geometry>
                    <extra>
                      <technique profile="OpenCOLLADA">
                        <cast_shadows sid="cast_shadows" type="bool">1</cast_shadows>
                        <receive_shadows sid="receive_shadows" type="bool">1</receive_shadows>
                        <primary_visibility sid="primary_visibility" type="int">1</primary_visibility>
                        <secondary_visibility sid="secondary_visibility" type="int">1</secondary_visibility>
                      </technique>
                    </extra>
                  </node>
                  <node id="node-EidelwindRigEyeLidBottomR" name="EidelwindRigEyeLidBottomR" sid="joint11" type="JOINT">
                    <matrix>-0.588303 0.8086406 -1.21072e-7 6.573105 0.8086406 0.5883029 -9.10368e-8 5.107102 1.86265e-9 -1.49012e-7 -1 -5.678156 0 0 0 1</matrix>
                    <instance_geometry url="#geom-EidelwindRigEyeLidBottomR">
                      <bind_material>
                        <technique_common>
                          <instance_material symbol="ColorMaterial" target="#ColorEffectR176G26B26-material"/>
                        </technique_common>
                      </bind_material>
                    </instance_geometry>
                    <extra>
                      <technique profile="OpenCOLLADA">
                        <cast_shadows sid="cast_shadows" type="bool">1</cast_shadows>
                        <receive_shadows sid="receive_shadows" type="bool">1</receive_shadows>
                        <primary_visibility sid="primary_visibility" type="int">1</primary_visibility>
                        <secondary_visibility sid="secondary_visibility" type="int">1</secondary_visibility>
                      </technique>
                    </extra>
                  </node>
                  <node id="node-EidelwindRigEyeLidBottomL" name="EidelwindRigEyeLidBottomL" sid="joint12" type="JOINT">
                    <matrix>-0.588303 0.8086406 -1.49012e-8 6.573128 0.8086406 0.5883029 -2.3644e-7 5.107104 -1.78814e-7 -1.49012e-7 -1 5.678156 0 0 0 1</matrix>
                    <instance_geometry url="#geom-EidelwindRigEyeLidBottomL">
                      <bind_material>
                        <technique_common>
                          <instance_material symbol="ColorMaterial" target="#ColorEffectR176G26B26-material"/>
                        </technique_common>
                      </bind_material>
                    </instance_geometry>
                    <extra>
                      <technique profile="OpenCOLLADA">
                        <cast_shadows sid="cast_shadows" type="bool">1</cast_shadows>
                        <receive_shadows sid="receive_shadows" type="bool">1</receive_shadows>
                        <primary_visibility sid="primary_visibility" type="int">1</primary_visibility>
                        <secondary_visibility sid="secondary_visibility" type="int">1</secondary_visibility>
                      </technique>
                    </extra>
                  </node>
                  <node id="node-EidelwindRigEyeBrowRMain" name="EidelwindRigEyeBrowRMain" sid="joint13" type="JOINT">
                    <matrix>-3.72529e-8 -1 -1.53668e-8 10.88686 0.9396928 -3.72529e-8 0.3420201 13.68346 -0.3420201 0 0.9396927 -6.844471 0 0 0 1</matrix>
                    <instance_geometry url="#geom-EidelwindRigEyeBrowRMain">
                      <bind_material>
                        <technique_common>
                          <instance_material symbol="ColorMaterial" target="#ColorEffectR30G255B13-material"/>
                        </technique_common>
                      </bind_material>
                    </instance_geometry>
                    <node id="node-EidelwindRigEyeBrowR1" name="EidelwindRigEyeBrowR1" sid="joint14" type="JOINT">
                      <matrix>1 -1.86265e-8 1.49012e-8 0.1370049 0 0.7660446 0.6427876 0.1789093 5.64614e-9 -0.6427874 0.7660446 3.553419 0 0 0 1</matrix>
                      <instance_geometry url="#geom-EidelwindRigEyeBrowR1">
                        <bind_material>
                          <technique_common>
                            <instance_material symbol="ColorMaterial" target="#ColorEffectR30G255B13-material"/>
                          </technique_common>
                        </bind_material>
                      </instance_geometry>
                      <extra>
                        <technique profile="OpenCOLLADA">
                          <cast_shadows sid="cast_shadows" type="bool">1</cast_shadows>
                          <receive_shadows sid="receive_shadows" type="bool">1</receive_shadows>
                          <primary_visibility sid="primary_visibility" type="int">1</primary_visibility>
                          <secondary_visibility sid="secondary_visibility" type="int">1</secondary_visibility>
                        </technique>
                      </extra>
                    </node>
                    <node id="node-EidelwindRigEyeBrowR2" name="EidelwindRigEyeBrowR2" sid="joint15" type="JOINT">
                      <matrix>1 -7.45058e-9 4.09782e-8 0.1370049 0 0.9659258 0.258819 -0.8867645 5.64614e-9 -0.2588189 0.9659258 2.159413 0 0 0 1</matrix>
                      <instance_geometry url="#geom-EidelwindRigEyeBrowR2">
                        <bind_material>
                          <technique_common>
                            <instance_material symbol="ColorMaterial" target="#ColorEffectR30G255B13-material"/>
                          </technique_common>
                        </bind_material>
                      </instance_geometry>
                      <extra>
                        <technique profile="OpenCOLLADA">
                          <cast_shadows sid="cast_shadows" type="bool">1</cast_shadows>
                          <receive_shadows sid="receive_shadows" type="bool">1</receive_shadows>
                          <primary_visibility sid="primary_visibility" type="int">1</primary_visibility>
                          <secondary_visibility sid="secondary_visibility" type="int">1</secondary_visibility>
                        </technique>
                      </extra>
                    </node>
                    <node id="node-EidelwindRigEyeBrowR3" name="EidelwindRigEyeBrowR3" sid="joint16" type="JOINT">
                      <matrix>1 1.49012e-8 5.40167e-8 0.1370049 0 0.9659258 -0.2588191 -0.9463577 5.64614e-9 0.258819 0.9659259 0.5069642 0 0 0 1</matrix>
                      <instance_geometry url="#geom-EidelwindRigEyeBrowR3">
                        <bind_material>
                          <technique_common>
                            <instance_material symbol="ColorMaterial" target="#ColorEffectR30G255B13-material"/>
                          </technique_common>
                        </bind_material>
                      </instance_geometry>
                      <extra>
                        <technique profile="OpenCOLLADA">
                          <cast_shadows sid="cast_shadows" type="bool">1</cast_shadows>
                          <receive_shadows sid="receive_shadows" type="bool">1</receive_shadows>
                          <primary_visibility sid="primary_visibility" type="int">1</primary_visibility>
                          <secondary_visibility sid="secondary_visibility" type="int">1</secondary_visibility>
                        </technique>
                      </extra>
                    </node>
                    <node id="node-EidelwindRigEyeBrowR4" name="EidelwindRigEyeBrowR4" sid="joint17" type="JOINT">
                      <matrix>1 7.45058e-9 -3.72529e-9 0.1370049 7.45058e-9 0.8660253 -0.5000001 -0.2346573 5.58794e-9 0.5000001 0.8660254 -0.9875603 0 0 0 1</matrix>
                      <instance_geometry url="#geom-EidelwindRigEyeBrowR4">
                        <bind_material>
                          <technique_common>
                            <instance_material symbol="ColorMaterial" target="#ColorEffectR30G255B13-material"/>
                          </technique_common>
                        </bind_material>
                      </instance_geometry>
                      <extra>
                        <technique profile="OpenCOLLADA">
                          <cast_shadows sid="cast_shadows" type="bool">1</cast_shadows>
                          <receive_shadows sid="receive_shadows" type="bool">1</receive_shadows>
                          <primary_visibility sid="primary_visibility" type="int">1</primary_visibility>
                          <secondary_visibility sid="secondary_visibility" type="int">1</secondary_visibility>
                        </technique>
                      </extra>
                    </node>
                    <node id="node-EidelwindRigEyeBrowR5" name="EidelwindRigEyeBrowR5" sid="joint18" type="JOINT">
                      <matrix>1 7.45058e-9 4.84288e-8 0.1370049 7.45058e-9 0.8191519 -0.5735765 0.6245041 5.58794e-9 0.5735765 0.819152 -2.229401 0 0 0 1</matrix>
                      <instance_geometry url="#geom-EidelwindRigEyeBrowR5">
                        <bind_material>
                          <technique_common>
                            <instance_material symbol="ColorMaterial" target="#ColorEffectR30G255B13-material"/>
                          </technique_common>
                        </bind_material>
                      </instance_geometry>
                      <extra>
                        <technique profile="OpenCOLLADA">
                          <cast_shadows sid="cast_shadows" type="bool">1</cast_shadows>
                          <receive_shadows sid="receive_shadows" type="bool">1</receive_shadows>
                          <primary_visibility sid="primary_visibility" type="int">1</primary_visibility>
                          <secondary_visibility sid="secondary_visibility" type="int">1</secondary_visibility>
                        </technique>
                      </extra>
                    </node>
                    <node id="node-EidelwindRigEyeBrowR6" name="EidelwindRigEyeBrowR6" sid="joint19" type="JOINT">
                      <matrix>1 7.45058e-9 4.84288e-8 0.1370087 7.45058e-9 0.8191519 -0.5735765 1.527313 5.58794e-9 0.5735765 0.819152 -3.518749 0 0 0 1</matrix>
                      <instance_geometry url="#geom-EidelwindRigEyeBrowR6">
                        <bind_material>
                          <technique_common>
                            <instance_material symbol="ColorMaterial" target="#ColorEffectR30G255B13-material"/>
                          </technique_common>
                        </bind_material>
                      </instance_geometry>
                      <extra>
                        <technique profile="OpenCOLLADA">
                          <cast_shadows sid="cast_shadows" type="bool">1</cast_shadows>
                          <receive_shadows sid="receive_shadows" type="bool">1</receive_shadows>
                          <primary_visibility sid="primary_visibility" type="int">1</primary_visibility>
                          <secondary_visibility sid="secondary_visibility" type="int">1</secondary_visibility>
                        </technique>
                      </extra>
                    </node>
                    <extra>
                      <technique profile="OpenCOLLADA">
                        <cast_shadows sid="cast_shadows" type="bool">1</cast_shadows>
                        <receive_shadows sid="receive_shadows" type="bool">1</receive_shadows>
                        <primary_visibility sid="primary_visibility" type="int">1</primary_visibility>
                        <secondary_visibility sid="secondary_visibility" type="int">1</secondary_visibility>
                      </technique>
                    </extra>
                  </node>
                  <node id="node-EidelwindRigEyeBrowLMain" name="EidelwindRigEyeBrowLMain" sid="joint20" type="JOINT">
                    <matrix>-3.72529e-8 -1 1.82539e-7 10.88686 0.9396927 -9.68575e-8 -0.3420201 13.68346 0.3420201 1.63913e-7 0.9396927 6.84447 0 0 0 1</matrix>
                    <instance_geometry url="#geom-EidelwindRigEyeBrowLMain">
                      <bind_material>
                        <technique_common>
                          <instance_material symbol="ColorMaterial" target="#ColorEffectR38G79B255-material"/>
                        </technique_common>
                      </bind_material>
                    </instance_geometry>
                    <node id="node-EidelwindRigEyeBrowL1" name="EidelwindRigEyeBrowL1" sid="joint21" type="JOINT">
                      <matrix>1 -2.6077e-8 -2.23517e-8 0.1370087 0 0.7660444 -0.6427878 0.1789017 4.35393e-8 0.6427876 0.7660443 -3.553418 0 0 0 1</matrix>
                      <instance_geometry url="#geom-EidelwindRigEyeBrowL1">
                        <bind_material>
                          <technique_common>
                            <instance_material symbol="ColorMaterial" target="#ColorEffectR38G79B255-material"/>
                          </technique_common>
                        </bind_material>
                      </instance_geometry>
                      <extra>
                        <technique profile="OpenCOLLADA">
                          <cast_shadows sid="cast_shadows" type="bool">1</cast_shadows>
                          <receive_shadows sid="receive_shadows" type="bool">1</receive_shadows>
                          <primary_visibility sid="primary_visibility" type="int">1</primary_visibility>
                          <secondary_visibility sid="secondary_visibility" type="int">1</secondary_visibility>
                        </technique>
                      </extra>
                    </node>
                    <node id="node-EidelwindRigEyeBrowL2" name="EidelwindRigEyeBrowL2" sid="joint22" type="JOINT">
                      <matrix>1 7.45058e-9 -4.47035e-8 0.1370087 0 0.9659258 -0.2588191 -0.8867569 4.35393e-8 0.258819 0.9659258 -2.159413 0 0 0 1</matrix>
                      <instance_geometry url="#geom-EidelwindRigEyeBrowL2">
                        <bind_material>
                          <technique_common>
                            <instance_material symbol="ColorMaterial" target="#ColorEffectR38G79B255-material"/>
                          </technique_common>
                        </bind_material>
                      </instance_geometry>
                      <extra>
                        <technique profile="OpenCOLLADA">
                          <cast_shadows sid="cast_shadows" type="bool">1</cast_shadows>
                          <receive_shadows sid="receive_shadows" type="bool">1</receive_shadows>
                          <primary_visibility sid="primary_visibility" type="int">1</primary_visibility>
                          <secondary_visibility sid="secondary_visibility" type="int">1</secondary_visibility>
                        </technique>
                      </extra>
                    </node>
                    <node id="node-EidelwindRigEyeBrowL3" name="EidelwindRigEyeBrowL3" sid="joint23" type="JOINT">
                      <matrix>1 2.98023e-8 -2.42144e-8 0.1370087 0 0.9659258 0.258819 -0.9463654 4.35393e-8 -0.258819 0.9659258 -0.5069642 0 0 0 1</matrix>
                      <instance_geometry url="#geom-EidelwindRigEyeBrowL3">
                        <bind_material>
                          <technique_common>
                            <instance_material symbol="ColorMaterial" target="#ColorEffectR38G79B255-material"/>
                          </technique_common>
                        </bind_material>
                      </instance_geometry>
                      <extra>
                        <technique profile="OpenCOLLADA">
                          <cast_shadows sid="cast_shadows" type="bool">1</cast_shadows>
                          <receive_shadows sid="receive_shadows" type="bool">1</receive_shadows>
                          <primary_visibility sid="primary_visibility" type="int">1</primary_visibility>
                          <secondary_visibility sid="secondary_visibility" type="int">1</secondary_visibility>
                        </technique>
                      </extra>
                    </node>
                    <node id="node-EidelwindRigEyeBrowL4" name="EidelwindRigEyeBrowL4" sid="joint24" type="JOINT">
                      <matrix>1 7.45058e-9 7.45058e-9 0.1370087 7.45058e-9 0.8660253 0.4999999 -0.2346649 4.37722e-8 -0.4999999 0.8660254 0.9875603 0 0 0 1</matrix>
                      <instance_geometry url="#geom-EidelwindRigEyeBrowL4">
                        <bind_material>
                          <technique_common>
                            <instance_material symbol="ColorMaterial" target="#ColorEffectR38G79B255-material"/>
                          </technique_common>
                        </bind_material>
                      </instance_geometry>
                      <extra>
                        <technique profile="OpenCOLLADA">
                          <cast_shadows sid="cast_shadows" type="bool">1</cast_shadows>
                          <receive_shadows sid="receive_shadows" type="bool">1</receive_shadows>
                          <primary_visibility sid="primary_visibility" type="int">1</primary_visibility>
                          <secondary_visibility sid="secondary_visibility" type="int">1</secondary_visibility>
                        </technique>
                      </extra>
                    </node>
                    <node id="node-EidelwindRigEyeBrowL5" name="EidelwindRigEyeBrowL5" sid="joint25" type="JOINT">
                      <matrix>1 3.35276e-8 -4.09782e-8 0.1370106 0 0.819152 0.5735764 0.6245117 4.35393e-8 -0.5735763 0.8191521 2.2294 0 0 0 1</matrix>
                      <instance_geometry url="#geom-EidelwindRigEyeBrowL5">
                        <bind_material>
                          <technique_common>
                            <instance_material symbol="ColorMaterial" target="#ColorEffectR38G79B255-material"/>
                          </technique_common>
                        </bind_material>
                      </instance_geometry>
                      <extra>
                        <technique profile="OpenCOLLADA">
                          <cast_shadows sid="cast_shadows" type="bool">1</cast_shadows>
                          <receive_shadows sid="receive_shadows" type="bool">1</receive_shadows>
                          <primary_visibility sid="primary_visibility" type="int">1</primary_visibility>
                          <secondary_visibility sid="secondary_visibility" type="int">1</secondary_visibility>
                        </technique>
                      </extra>
                    </node>
                    <node id="node-EidelwindRigEyeBrowL6" name="EidelwindRigEyeBrowL6" sid="joint26" type="JOINT">
                      <matrix>1 3.35276e-8 -4.09782e-8 0.1370106 0 0.819152 0.5735764 1.527321 4.35393e-8 -0.5735763 0.8191521 3.518746 0 0 0 1</matrix>
                      <instance_geometry url="#geom-EidelwindRigEyeBrowL6">
                        <bind_material>
                          <technique_common>
                            <instance_material symbol="ColorMaterial" target="#ColorEffectR38G79B255-material"/>
                          </technique_common>
                        </bind_material>
                      </instance_geometry>
                      <extra>
                        <technique profile="OpenCOLLADA">
                          <cast_shadows sid="cast_shadows" type="bool">1</cast_shadows>
                          <receive_shadows sid="receive_shadows" type="bool">1</receive_shadows>
                          <primary_visibility sid="primary_visibility" type="int">1</primary_visibility>
                          <secondary_visibility sid="secondary_visibility" type="int">1</secondary_visibility>
                        </technique>
                      </extra>
                    </node>
                    <extra>
                      <technique profile="OpenCOLLADA">
                        <cast_shadows sid="cast_shadows" type="bool">1</cast_shadows>
                        <receive_shadows sid="receive_shadows" type="bool">1</receive_shadows>
                        <primary_visibility sid="primary_visibility" type="int">1</primary_visibility>
                        <secondary_visibility sid="secondary_visibility" type="int">1</secondary_visibility>
                      </technique>
                    </extra>
                  </node>
                  <node id="node-EidelwindRigEyeL" name="EidelwindRigEyeL" sid="joint27" type="JOINT">
                    <matrix>-3.72529e-8 -1 1.49012e-7 6.573128 1 -3.72529e-8 1.53203e-7 5.107104 -1.47033e-7 1.50874e-7 1 5.678156 0 0 0 1</matrix>
                    <instance_geometry url="#geom-EidelwindRigEyeL">
                      <bind_material>
                        <technique_common>
                          <instance_material symbol="ColorMaterial" target="#ColorEffectR38G79B255-material"/>
                        </technique_common>
                      </bind_material>
                    </instance_geometry>
                    <extra>
                      <technique profile="OpenCOLLADA">
                        <cast_shadows sid="cast_shadows" type="bool">1</cast_shadows>
                        <receive_shadows sid="receive_shadows" type="bool">1</receive_shadows>
                        <primary_visibility sid="primary_visibility" type="int">1</primary_visibility>
                        <secondary_visibility sid="secondary_visibility" type="int">1</secondary_visibility>
                      </technique>
                    </extra>
                  </node>
                  <node id="node-EidelwindRigHeadFrontBangR1" name="EidelwindRigHeadFrontBangR1" sid="joint28" type="JOINT">
                    <matrix sid="matrix">-0.9975625 -0.06978169 -1.01518e-4 11.09028 -0.06978177 0.9975613 0.001451367 8.268123 -7.45058e-9 0.001454917 -0.999999 -12.28883 0 0 0 1</matrix>
                    <instance_geometry url="#geom-EidelwindRigHeadFrontBangR1">
                      <bind_material>
                        <technique_common>
                          <instance_material symbol="ColorMaterial" target="#ColorEffectR30G255B13-material"/>
                        </technique_common>
                      </bind_material>
                    </instance_geometry>
                    <node id="node-EidelwindRigHeadFrontBangR2" name="EidelwindRigHeadFrontBangR2" sid="joint29" type="JOINT">
                      <matrix sid="matrix">0.9999999 0 0 11.63696 9.31323e-10 0.9999999 -2.15368e-9 0 0 -2.08092e-9 1 0 0 0 0 1</matrix>
                      <instance_geometry url="#geom-EidelwindRigHeadFrontBangR2">
                        <bind_material>
                          <technique_common>
                            <instance_material symbol="ColorMaterial" target="#ColorEffectR30G255B13-material"/>
                          </technique_common>
                        </bind_material>
                      </instance_geometry>
                      <node id="node-EidelwindRigHeadFrontBangR3" name="EidelwindRigHeadFrontBangR3" sid="joint30" type="JOINT">
                        <matrix sid="matrix">0.9659258 0 0.258819 11.63695 0 0.9999999 -3.0268e-9 4.76837e-7 -0.2588191 -2.08092e-9 0.9659258 0 0 0 0 1</matrix>
                        <instance_geometry url="#geom-EidelwindRigHeadFrontBangR3">
                          <bind_material>
                            <technique_common>
                              <instance_material symbol="ColorMaterial" target="#ColorEffectR30G255B13-material"/>
                            </technique_common>
                          </bind_material>
                        </instance_geometry>
                        <extra>
                          <technique profile="OpenCOLLADA">
                            <cast_shadows sid="cast_shadows" type="bool">1</cast_shadows>
                            <receive_shadows sid="receive_shadows" type="bool">1</receive_shadows>
                            <primary_visibility sid="primary_visibility" type="int">1</primary_visibility>
                            <secondary_visibility sid="secondary_visibility" type="int">1</secondary_visibility>
                          </technique>
                        </extra>
                      </node>
                      <extra>
                        <technique profile="OpenCOLLADA">
                          <cast_shadows sid="cast_shadows" type="bool">1</cast_shadows>
                          <receive_shadows sid="receive_shadows" type="bool">1</receive_shadows>
                          <primary_visibility sid="primary_visibility" type="int">1</primary_visibility>
                          <secondary_visibility sid="secondary_visibility" type="int">1</secondary_visibility>
                        </technique>
                      </extra>
                    </node>
                    <extra>
                      <technique profile="OpenCOLLADA">
                        <cast_shadows sid="cast_shadows" type="bool">1</cast_shadows>
                        <receive_shadows sid="receive_shadows" type="bool">1</receive_shadows>
                        <primary_visibility sid="primary_visibility" type="int">1</primary_visibility>
                        <secondary_visibility sid="secondary_visibility" type="int">1</secondary_visibility>
                      </technique>
                    </extra>
                  </node>
                  <node id="node-EidelwindRigHeadFrontBangL1" name="EidelwindRigHeadFrontBangL1" sid="joint31" type="JOINT">
                    <matrix sid="matrix">-0.9969174 -0.07845902 -1.13992e-4 11.09028 -0.07845909 0.9969163 0.001450346 8.268123 -1.52737e-7 0.001454822 -0.999999 12.28883 0 0 0 1</matrix>
                    <instance_geometry url="#geom-EidelwindRigHeadFrontBangL1">
                      <bind_material>
                        <technique_common>
                          <instance_material symbol="ColorMaterial" target="#ColorEffectR38G79B255-material"/>
                        </technique_common>
                      </bind_material>
                    </instance_geometry>
                    <node id="node-EidelwindRigHeadFrontBangL2" name="EidelwindRigHeadFrontBangL2" sid="joint32" type="JOINT">
                      <matrix sid="matrix">0.9876883 -0.1564345 0 11.63696 0.1564345 0.9876883 1.1396e-9 -4.76837e-7 -1.86265e-9 -1.62981e-9 0.9999999 0 0 0 0 1</matrix>
                      <instance_geometry url="#geom-EidelwindRigHeadFrontBangL2">
                        <bind_material>
                          <technique_common>
                            <instance_material symbol="ColorMaterial" target="#ColorEffectR38G79B255-material"/>
                          </technique_common>
                        </bind_material>
                      </instance_geometry>
                      <node id="node-EidelwindRigHeadFrontBangL3" name="EidelwindRigHeadFrontBangL3" sid="joint33" type="JOINT">
                        <matrix sid="matrix">0.9237195 0.2824093 -0.258819 11.63696 -0.2923717 0.9563048 0 0 0.2475099 0.07567132 0.9659258 -9.53674e-7 0 0 0 1</matrix>
                        <instance_geometry url="#geom-EidelwindRigHeadFrontBangL3">
                          <bind_material>
                            <technique_common>
                              <instance_material symbol="ColorMaterial" target="#ColorEffectR38G79B255-material"/>
                            </technique_common>
                          </bind_material>
                        </instance_geometry>
                        <extra>
                          <technique profile="OpenCOLLADA">
                            <cast_shadows sid="cast_shadows" type="bool">1</cast_shadows>
                            <receive_shadows sid="receive_shadows" type="bool">1</receive_shadows>
                            <primary_visibility sid="primary_visibility" type="int">1</primary_visibility>
                            <secondary_visibility sid="secondary_visibility" type="int">1</secondary_visibility>
                          </technique>
                        </extra>
                      </node>
                      <extra>
                        <technique profile="OpenCOLLADA">
                          <cast_shadows sid="cast_shadows" type="bool">1</cast_shadows>
                          <receive_shadows sid="receive_shadows" type="bool">1</receive_shadows>
                          <primary_visibility sid="primary_visibility" type="int">1</primary_visibility>
                          <secondary_visibility sid="secondary_visibility" type="int">1</secondary_visibility>
                        </technique>
                      </extra>
                    </node>
                    <extra>
                      <technique profile="OpenCOLLADA">
                        <cast_shadows sid="cast_shadows" type="bool">1</cast_shadows>
                        <receive_shadows sid="receive_shadows" type="bool">1</receive_shadows>
                        <primary_visibility sid="primary_visibility" type="int">1</primary_visibility>
                        <secondary_visibility sid="secondary_visibility" type="int">1</secondary_visibility>
                      </technique>
                    </extra>
                  </node>
                  <extra>
                    <technique profile="OpenCOLLADA">
                      <cast_shadows sid="cast_shadows" type="bool">1</cast_shadows>
                      <receive_shadows sid="receive_shadows" type="bool">1</receive_shadows>
                      <primary_visibility sid="primary_visibility" type="int">1</primary_visibility>
                      <secondary_visibility sid="secondary_visibility" type="int">1</secondary_visibility>
                    </technique>
                  </extra>
                </node>
                <extra>
                  <technique profile="OpenCOLLADA">
                    <cast_shadows sid="cast_shadows" type="bool">1</cast_shadows>
                    <receive_shadows sid="receive_shadows" type="bool">1</receive_shadows>
                    <primary_visibility sid="primary_visibility" type="int">1</primary_visibility>
                    <secondary_visibility sid="secondary_visibility" type="int">1</secondary_visibility>
                  </technique>
                </extra>
              </node>
              <node id="node-EidelwindRigArmLCollarbone" name="EidelwindRigArmLCollarbone" sid="joint34" type="JOINT">
                <matrix sid="matrix">-0.008289031 0.01006271 -0.9999149 0 -0.1907315 0.9815754 0.01145926 -1.90735e-6 0.9816074 0.1908102 -0.006217035 3.305953 0 0 0 1</matrix>
                <instance_geometry url="#geom-EidelwindRigArmLCollarbone">
                  <bind_material>
                    <technique_common>
                      <instance_material symbol="ColorMaterial" target="#ColorEffectR38G79B255-material"/>
                    </technique_common>
                  </bind_material>
                </instance_geometry>
                <node id="node-EidelwindRigArmL1" name="EidelwindRigArmL1" sid="joint35" type="JOINT">
                  <matrix sid="matrix">0.4362699 -0.06447144 -0.8975031 5.136455 0.09657751 0.9950231 -0.02453119 0 0.8946181 -0.07597645 0.440325 7.62939e-6 0 0 0 1</matrix>
                  <instance_geometry url="#geom-EidelwindRigArmL1">
                    <bind_material>
                      <technique_common>
                        <instance_material symbol="ColorMaterial" target="#ColorEffectR38G79B255-material"/>
                      </technique_common>
                    </bind_material>
                  </instance_geometry>
                  <node id="node-EidelwindRigArmL2" name="EidelwindRigArmL2" sid="joint36" type="JOINT">
                    <matrix sid="matrix">0.9737017 -0.2278275 5.36442e-7 13.02649 0.2278276 0.9737017 -1.29336e-4 5.96046e-8 2.89381e-5 1.26064e-4 1 3.8147e-6 0 0 0 1</matrix>
                    <instance_geometry url="#geom-EidelwindRigArmL2">
                      <bind_material>
                        <technique_common>
                          <instance_material symbol="ColorMaterial" target="#ColorEffectR38G79B255-material"/>
                        </technique_common>
                      </bind_material>
                    </instance_geometry>
                    <node id="node-EidelwindRigArmLPalm" name="EidelwindRigArmLPalm" sid="joint37" type="JOINT">
                      <matrix sid="matrix">0.9456292 0.01172978 -0.3250349 16.47033 0.3217822 -0.1792104 0.9296989 0 -0.04734445 -0.9837409 -0.1732411 0 0 0 0 1</matrix>
                      <instance_geometry url="#geom-EidelwindRigArmLPalm">
                        <bind_material>
                          <technique_common>
                            <instance_material symbol="ColorMaterial" target="#ColorEffectR38G79B255-material"/>
                          </technique_common>
                        </bind_material>
                      </instance_geometry>
                      <node id="node-EidelwindRigArmLThumb1" name="EidelwindRigArmLThumb1" sid="joint38" type="JOINT">
                        <matrix sid="matrix">0.9022365 0.02224809 -0.430667 2.187229 -0.4310497 0.01672523 -0.9021734 -1.812943 -0.01286861 0.9996125 0.02468016 1.508682 0 0 0 1</matrix>
                        <instance_geometry url="#geom-EidelwindRigArmLThumb1">
                          <bind_material>
                            <technique_common>
                              <instance_material symbol="ColorMaterial" target="#ColorEffectR38G79B255-material"/>
                            </technique_common>
                          </bind_material>
                        </instance_geometry>
                        <extra>
                          <technique profile="OpenCOLLADA">
                            <cast_shadows sid="cast_shadows" type="bool">1</cast_shadows>
                            <receive_shadows sid="receive_shadows" type="bool">1</receive_shadows>
                            <primary_visibility sid="primary_visibility" type="int">1</primary_visibility>
                            <secondary_visibility sid="secondary_visibility" type="int">1</secondary_visibility>
                          </technique>
                        </extra>
                      </node>
                      <node id="node-EidelwindRigArmLDigit21" name="EidelwindRigArmLDigit21" sid="joint39" type="JOINT">
                        <matrix sid="matrix">0.9999464 0.01035649 2.98023e-8 2.314159 -0.01035652 0.9999464 1.49012e-8 0.2587242 0 0 1 0 0 0 0 1</matrix>
                        <instance_geometry url="#geom-EidelwindRigArmLDigit21">
                          <bind_material>
                            <technique_common>
                              <instance_material symbol="ColorMaterial" target="#ColorEffectR38G79B255-material"/>
                            </technique_common>
                          </bind_material>
                        </instance_geometry>
                        <node id="node-EidelwindRigArmLDigit22" name="EidelwindRigArmLDigit22" sid="joint40" type="JOINT">
                          <matrix sid="matrix">0.9973105 0.0732915 0 2.049694 -0.07329157 0.9973105 -1.49012e-8 0 0 1.49012e-8 0.9999999 0 0 0 0 1</matrix>
                          <instance_geometry url="#geom-EidelwindRigArmLDigit22">
                            <bind_material>
                              <technique_common>
                                <instance_material symbol="ColorMaterial" target="#ColorEffectR38G79B255-material"/>
                              </technique_common>
                            </bind_material>
                          </instance_geometry>
                          <node id="node-EidelwindRigArmLDigit23" name="EidelwindRigArmLDigit23" sid="joint41" type="JOINT">
                            <matrix sid="matrix">0.9913158 0.131503 0 2.04969 -0.131503 0.9913157 0 0 0 -1.49012e-8 0.9999999 -3.8147e-6 0 0 0 1</matrix>
                            <instance_geometry url="#geom-EidelwindRigArmLDigit23">
                              <bind_material>
                                <technique_common>
                                  <instance_material symbol="ColorMaterial" target="#ColorEffectR38G79B255-material"/>
                                </technique_common>
                              </bind_material>
                            </instance_geometry>
                            <node id="node-EidelwindRigArmLDigit24" name="EidelwindRigArmLDigit24" sid="joint42" type="JOINT">
                              <matrix sid="matrix">0.9908472 0.1349878 0 2.04969 -0.1349879 0.9908471 -7.45058e-9 0 -5.96046e-8 -7.45058e-9 0.9999999 0 0 0 0 1</matrix>
                              <instance_geometry url="#geom-EidelwindRigArmLDigit24">
                                <bind_material>
                                  <technique_common>
                                    <instance_material symbol="ColorMaterial" target="#ColorEffectR38G79B255-material"/>
                                  </technique_common>
                                </bind_material>
                              </instance_geometry>
                              <extra>
                                <technique profile="OpenCOLLADA">
                                  <cast_shadows sid="cast_shadows" type="bool">1</cast_shadows>
                                  <receive_shadows sid="receive_shadows" type="bool">1</receive_shadows>
                                  <primary_visibility sid="primary_visibility" type="int">1</primary_visibility>
                                  <secondary_visibility sid="secondary_visibility" type="int">1</secondary_visibility>
                                </technique>
                              </extra>
                            </node>
                            <extra>
                              <technique profile="OpenCOLLADA">
                                <cast_shadows sid="cast_shadows" type="bool">1</cast_shadows>
                                <receive_shadows sid="receive_shadows" type="bool">1</receive_shadows>
                                <primary_visibility sid="primary_visibility" type="int">1</primary_visibility>
                                <secondary_visibility sid="secondary_visibility" type="int">1</secondary_visibility>
                              </technique>
                            </extra>
                          </node>
                          <extra>
                            <technique profile="OpenCOLLADA">
                              <cast_shadows sid="cast_shadows" type="bool">1</cast_shadows>
                              <receive_shadows sid="receive_shadows" type="bool">1</receive_shadows>
                              <primary_visibility sid="primary_visibility" type="int">1</primary_visibility>
                              <secondary_visibility sid="secondary_visibility" type="int">1</secondary_visibility>
                            </technique>
                          </extra>
                        </node>
                        <extra>
                          <technique profile="OpenCOLLADA">
                            <cast_shadows sid="cast_shadows" type="bool">1</cast_shadows>
                            <receive_shadows sid="receive_shadows" type="bool">1</receive_shadows>
                            <primary_visibility sid="primary_visibility" type="int">1</primary_visibility>
                            <secondary_visibility sid="secondary_visibility" type="int">1</secondary_visibility>
                          </technique>
                        </extra>
                      </node>
                      <extra>
                        <technique profile="OpenCOLLADA">
                          <cast_shadows sid="cast_shadows" type="bool">1</cast_shadows>
                          <receive_shadows sid="receive_shadows" type="bool">1</receive_shadows>
                          <primary_visibility sid="primary_visibility" type="int">1</primary_visibility>
                          <secondary_visibility sid="secondary_visibility" type="int">1</secondary_visibility>
                        </technique>
                      </extra>
                    </node>
                    <extra>
                      <technique profile="OpenCOLLADA">
                        <cast_shadows sid="cast_shadows" type="bool">1</cast_shadows>
                        <receive_shadows sid="receive_shadows" type="bool">1</receive_shadows>
                        <primary_visibility sid="primary_visibility" type="int">1</primary_visibility>
                        <secondary_visibility sid="secondary_visibility" type="int">1</secondary_visibility>
                      </technique>
                    </extra>
                  </node>
                  <extra>
                    <technique profile="OpenCOLLADA">
                      <cast_shadows sid="cast_shadows" type="bool">1</cast_shadows>
                      <receive_shadows sid="receive_shadows" type="bool">1</receive_shadows>
                      <primary_visibility sid="primary_visibility" type="int">1</primary_visibility>
                      <secondary_visibility sid="secondary_visibility" type="int">1</secondary_visibility>
                    </technique>
                  </extra>
                </node>
                <extra>
                  <technique profile="OpenCOLLADA">
                    <cast_shadows sid="cast_shadows" type="bool">1</cast_shadows>
                    <receive_shadows sid="receive_shadows" type="bool">1</receive_shadows>
                    <primary_visibility sid="primary_visibility" type="int">1</primary_visibility>
                    <secondary_visibility sid="secondary_visibility" type="int">1</secondary_visibility>
                  </technique>
                </extra>
              </node>
              <node id="node-EidelwindRigArmRCollarbone" name="EidelwindRigArmRCollarbone" sid="joint43" type="JOINT">
                <matrix sid="matrix">0.0124456 -0.01062223 0.999866 0 -0.2110226 0.9773948 0.01301017 0 -0.977402 -0.2111562 0.009922735 -3.305953 0 0 0 1</matrix>
                <instance_geometry url="#geom-EidelwindRigArmRCollarbone">
                  <bind_material>
                    <technique_common>
                      <instance_material symbol="ColorMaterial" target="#ColorEffectR30G255B13-material"/>
                    </technique_common>
                  </bind_material>
                </instance_geometry>
                <node id="node-EidelwindRigArmR1" name="EidelwindRigArmR1" sid="joint44" type="JOINT">
                  <matrix sid="matrix">0.3794772 -0.3210087 0.8677271 5.136455 0.2548539 0.9378636 0.2355017 0 -0.8894081 0.1317762 0.4377083 0 0 0 0 1</matrix>
                  <instance_geometry url="#geom-EidelwindRigArmR1">
                    <bind_material>
                      <technique_common>
                        <instance_material symbol="ColorMaterial" target="#ColorEffectR30G255B13-material"/>
                      </technique_common>
                    </bind_material>
                  </instance_geometry>
                  <node id="node-EidelwindRigArmR2" name="EidelwindRigArmR2" sid="joint45" type="JOINT">
                    <matrix sid="matrix">0.8302017 -0.557463 -5.06639e-7 13.02648 0.557463 0.8302017 1.29339e-4 0 -7.17342e-5 -1.07631e-4 0.9999999 0 0 0 0 1</matrix>
                    <instance_geometry url="#geom-EidelwindRigArmR2">
                      <bind_material>
                        <technique_common>
                          <instance_material symbol="ColorMaterial" target="#ColorEffectR30G255B13-material"/>
                        </technique_common>
                      </bind_material>
                    </instance_geometry>
                    <node id="node-EidelwindRigArmRPalm" name="EidelwindRigArmRPalm" sid="joint46" type="JOINT">
                      <matrix sid="matrix">0.9304839 0.1495108 -0.3344341 16.47033 -0.3507641 0.100305 -0.9310765 0 -0.1056605 0.983659 0.1457752 0 0 0 0 1</matrix>
                      <instance_geometry url="#geom-EidelwindRigArmRPalm">
                        <bind_material>
                          <technique_common>
                            <instance_material symbol="ColorMaterial" target="#ColorEffectR30G255B13-material"/>
                          </technique_common>
                        </bind_material>
                      </instance_geometry>
                      <node id="node-EidelwindRigArmRThumb1" name="EidelwindRigArmRThumb1" sid="joint47" type="JOINT">
                        <matrix sid="matrix">0.8934816 0.01275034 0.4489182 2.187229 -0.4490176 0.04444903 0.8924168 -1.812954 -0.00857529 -0.9989302 0.04543957 -1.508676 0 0 0 1</matrix>
                        <instance_geometry url="#geom-EidelwindRigArmRThumb1">
                          <bind_material>
                            <technique_common>
                              <instance_material symbol="ColorMaterial" target="#ColorEffectR30G255B13-material"/>
                            </technique_common>
                          </bind_material>
                        </instance_geometry>
                        <extra>
                          <technique profile="OpenCOLLADA">
                            <cast_shadows sid="cast_shadows" type="bool">1</cast_shadows>
                            <receive_shadows sid="receive_shadows" type="bool">1</receive_shadows>
                            <primary_visibility sid="primary_visibility" type="int">1</primary_visibility>
                            <secondary_visibility sid="secondary_visibility" type="int">1</secondary_visibility>
                          </technique>
                        </extra>
                      </node>
                      <node id="node-EidelwindRigArmRDigit21" name="EidelwindRigArmRDigit21" sid="joint48" type="JOINT">
                        <matrix sid="matrix">0.9999461 -0.01037258 0 2.314175 0.01037255 0.9999461 0 0.2587242 -1.49012e-8 7.45058e-9 0.9999999 9.53674e-7 0 0 0 1</matrix>
                        <instance_geometry url="#geom-EidelwindRigArmRDigit21">
                          <bind_material>
                            <technique_common>
                              <instance_material symbol="ColorMaterial" target="#ColorEffectR30G255B13-material"/>
                            </technique_common>
                          </bind_material>
                        </instance_geometry>
                        <node id="node-EidelwindRigArmRDigit22" name="EidelwindRigArmRDigit22" sid="joint49" type="JOINT">
                          <matrix sid="matrix">0.9986155 0.05260357 0 2.04969 -0.0526036 0.9986156 0 0 0 -1.11759e-8 1 9.53674e-7 0 0 0 1</matrix>
                          <instance_geometry url="#geom-EidelwindRigArmRDigit22">
                            <bind_material>
                              <technique_common>
                                <instance_material symbol="ColorMaterial" target="#ColorEffectR30G255B13-material"/>
                              </technique_common>
                            </bind_material>
                          </instance_geometry>
                          <node id="node-EidelwindRigArmRDigit23" name="EidelwindRigArmRDigit23" sid="joint50" type="JOINT">
                            <matrix sid="matrix">0.9938285 0.1109268 0 2.04969 -0.1109268 0.9938285 -1.11759e-8 0 -1.49012e-8 0 1 9.53674e-7 0 0 0 1</matrix>
                            <instance_geometry url="#geom-EidelwindRigArmRDigit23">
                              <bind_material>
                                <technique_common>
                                  <instance_material symbol="ColorMaterial" target="#ColorEffectR30G255B13-material"/>
                                </technique_common>
                              </bind_material>
                            </instance_geometry>
                            <node id="node-EidelwindRigArmRDigit24" name="EidelwindRigArmRDigit24" sid="joint51" type="JOINT">
                              <matrix sid="matrix">0.9934323 0.1144206 0 2.04969 -0.1144207 0.9934323 0 0 -1.49012e-8 -1.11759e-8 1 0 0 0 0 1</matrix>
                              <instance_geometry url="#geom-EidelwindRigArmRDigit24">
                                <bind_material>
                                  <technique_common>
                                    <instance_material symbol="ColorMaterial" target="#ColorEffectR30G255B13-material"/>
                                  </technique_common>
                                </bind_material>
                              </instance_geometry>
                              <extra>
                                <technique profile="OpenCOLLADA">
                                  <cast_shadows sid="cast_shadows" type="bool">1</cast_shadows>
                                  <receive_shadows sid="receive_shadows" type="bool">1</receive_shadows>
                                  <primary_visibility sid="primary_visibility" type="int">1</primary_visibility>
                                  <secondary_visibility sid="secondary_visibility" type="int">1</secondary_visibility>
                                </technique>
                              </extra>
                            </node>
                            <extra>
                              <technique profile="OpenCOLLADA">
                                <cast_shadows sid="cast_shadows" type="bool">1</cast_shadows>
                                <receive_shadows sid="receive_shadows" type="bool">1</receive_shadows>
                                <primary_visibility sid="primary_visibility" type="int">1</primary_visibility>
                                <secondary_visibility sid="secondary_visibility" type="int">1</secondary_visibility>
                              </technique>
                            </extra>
                          </node>
                          <extra>
                            <technique profile="OpenCOLLADA">
                              <cast_shadows sid="cast_shadows" type="bool">1</cast_shadows>
                              <receive_shadows sid="receive_shadows" type="bool">1</receive_shadows>
                              <primary_visibility sid="primary_visibility" type="int">1</primary_visibility>
                              <secondary_visibility sid="secondary_visibility" type="int">1</secondary_visibility>
                            </technique>
                          </extra>
                        </node>
                        <extra>
                          <technique profile="OpenCOLLADA">
                            <cast_shadows sid="cast_shadows" type="bool">1</cast_shadows>
                            <receive_shadows sid="receive_shadows" type="bool">1</receive_shadows>
                            <primary_visibility sid="primary_visibility" type="int">1</primary_visibility>
                            <secondary_visibility sid="secondary_visibility" type="int">1</secondary_visibility>
                          </technique>
                        </extra>
                      </node>
                      <extra>
                        <technique profile="OpenCOLLADA">
                          <cast_shadows sid="cast_shadows" type="bool">1</cast_shadows>
                          <receive_shadows sid="receive_shadows" type="bool">1</receive_shadows>
                          <primary_visibility sid="primary_visibility" type="int">1</primary_visibility>
                          <secondary_visibility sid="secondary_visibility" type="int">1</secondary_visibility>
                        </technique>
                      </extra>
                    </node>
                    <extra>
                      <technique profile="OpenCOLLADA">
                        <cast_shadows sid="cast_shadows" type="bool">1</cast_shadows>
                        <receive_shadows sid="receive_shadows" type="bool">1</receive_shadows>
                        <primary_visibility sid="primary_visibility" type="int">1</primary_visibility>
                        <secondary_visibility sid="secondary_visibility" type="int">1</secondary_visibility>
                      </technique>
                    </extra>
                  </node>
                  <extra>
                    <technique profile="OpenCOLLADA">
                      <cast_shadows sid="cast_shadows" type="bool">1</cast_shadows>
                      <receive_shadows sid="receive_shadows" type="bool">1</receive_shadows>
                      <primary_visibility sid="primary_visibility" type="int">1</primary_visibility>
                      <secondary_visibility sid="secondary_visibility" type="int">1</secondary_visibility>
                    </technique>
                  </extra>
                </node>
                <extra>
                  <technique profile="OpenCOLLADA">
                    <cast_shadows sid="cast_shadows" type="bool">1</cast_shadows>
                    <receive_shadows sid="receive_shadows" type="bool">1</receive_shadows>
                    <primary_visibility sid="primary_visibility" type="int">1</primary_visibility>
                    <secondary_visibility sid="secondary_visibility" type="int">1</secondary_visibility>
                  </technique>
                </extra>
              </node>
              <extra>
                <technique profile="OpenCOLLADA">
                  <cast_shadows sid="cast_shadows" type="bool">1</cast_shadows>
                  <receive_shadows sid="receive_shadows" type="bool">1</receive_shadows>
                  <primary_visibility sid="primary_visibility" type="int">1</primary_visibility>
                  <secondary_visibility sid="secondary_visibility" type="int">1</secondary_visibility>
                </technique>
              </extra>
            </node>
            <extra>
              <technique profile="OpenCOLLADA">
                <cast_shadows sid="cast_shadows" type="bool">1</cast_shadows>
                <receive_shadows sid="receive_shadows" type="bool">1</receive_shadows>
                <primary_visibility sid="primary_visibility" type="int">1</primary_visibility>
                <secondary_visibility sid="secondary_visibility" type="int">1</secondary_visibility>
              </technique>
            </extra>
          </node>
          <extra>
            <technique profile="OpenCOLLADA">
              <cast_shadows sid="cast_shadows" type="bool">1</cast_shadows>
              <receive_shadows sid="receive_shadows" type="bool">1</receive_shadows>
              <primary_visibility sid="primary_visibility" type="int">1</primary_visibility>
              <secondary_visibility sid="secondary_visibility" type="int">1</secondary_visibility>
            </technique>
          </extra>
        </node>
        <node id="node-EidelwindRigLegL1" name="EidelwindRigLegL1" sid="joint52" type="JOINT">
          <matrix sid="matrix">-0.9920242 -0.1244514 0.02000167 3.8147e-6 -0.1248389 0.9919862 -0.01945996 -0.6341787 -0.01741945 -0.02180173 -0.9996105 8.0982 0 0 0 1</matrix>
          <instance_geometry url="#geom-EidelwindRigLegL1">
            <bind_material>
              <technique_common>
                <instance_material symbol="ColorMaterial" target="#ColorEffectR38G79B255-material"/>
              </technique_common>
            </bind_material>
          </instance_geometry>
          <node id="node-EidelwindRigLegL2" name="EidelwindRigLegL2" sid="joint53" type="JOINT">
            <matrix sid="matrix">0.8007953 0.5953 -0.06591477 27.95872 -0.5955845 0.8031046 0.01739927 0 0.06329427 0.02532458 0.9976737 0 0 0 0 1</matrix>
            <instance_geometry url="#geom-EidelwindRigLegL2">
              <bind_material>
                <technique_common>
                  <instance_material symbol="ColorMaterial" target="#ColorEffectR38G79B255-material"/>
                </technique_common>
              </bind_material>
            </instance_geometry>
            <node id="node-EidelwindRigLegLAnkle" name="EidelwindRigLegLAnkle" sid="joint54" type="JOINT">
              <matrix sid="matrix">0.8909182 -0.4459739 0.08586216 27.96788 0.4431746 0.8950202 0.05035204 -1.90735e-6 -0.09930422 -0.006807627 0.9950339 2.38419e-7 0 0 0 1</matrix>
              <instance_geometry url="#geom-EidelwindRigLegLAnkle">
                <bind_material>
                  <technique_common>
                    <instance_material symbol="ColorMaterial" target="#ColorEffectR38G79B255-material"/>
                  </technique_common>
                </bind_material>
              </instance_geometry>
              <node id="node-EidelwindRigLegLDigit11" name="EidelwindRigLegLDigit11" sid="joint55" type="JOINT">
                <matrix sid="matrix">-0.290762 -0.9567952 7.82625e-6 10.44681 0.9567951 -0.290762 -2.89683e-6 3.8147e-6 5.03253e-6 6.5512e-6 1 -2.38419e-7 0 0 0 1</matrix>
                <instance_geometry url="#geom-EidelwindRigLegLDigit11">
                  <bind_material>
                    <technique_common>
                      <instance_material symbol="ColorMaterial" target="#ColorEffectR38G79B255-material"/>
                    </technique_common>
                  </bind_material>
                </instance_geometry>
                <extra>
                  <technique profile="OpenCOLLADA">
                    <cast_shadows sid="cast_shadows" type="bool">1</cast_shadows>
                    <receive_shadows sid="receive_shadows" type="bool">1</receive_shadows>
                    <primary_visibility sid="primary_visibility" type="int">1</primary_visibility>
                    <secondary_visibility sid="secondary_visibility" type="int">1</secondary_visibility>
                  </technique>
                </extra>
              </node>
              <extra>
                <technique profile="OpenCOLLADA">
                  <cast_shadows sid="cast_shadows" type="bool">1</cast_shadows>
                  <receive_shadows sid="receive_shadows" type="bool">1</receive_shadows>
                  <primary_visibility sid="primary_visibility" type="int">1</primary_visibility>
                  <secondary_visibility sid="secondary_visibility" type="int">1</secondary_visibility>
                </technique>
              </extra>
            </node>
            <extra>
              <technique profile="OpenCOLLADA">
                <cast_shadows sid="cast_shadows" type="bool">1</cast_shadows>
                <receive_shadows sid="receive_shadows" type="bool">1</receive_shadows>
                <primary_visibility sid="primary_visibility" type="int">1</primary_visibility>
                <secondary_visibility sid="secondary_visibility" type="int">1</secondary_visibility>
              </technique>
            </extra>
          </node>
          <extra>
            <technique profile="OpenCOLLADA">
              <cast_shadows sid="cast_shadows" type="bool">1</cast_shadows>
              <receive_shadows sid="receive_shadows" type="bool">1</receive_shadows>
              <primary_visibility sid="primary_visibility" type="int">1</primary_visibility>
              <secondary_visibility sid="secondary_visibility" type="int">1</secondary_visibility>
            </technique>
          </extra>
        </node>
        <node id="node-EidelwindRigLegR1" name="EidelwindRigLegR1" sid="joint56" type="JOINT">
          <matrix sid="matrix">-0.837688 0.5435776 -0.05293658 0 0.5398467 0.8388052 0.07051072 -0.6341787 0.08273156 0.03048829 -0.9961054 -8.0982 0 0 0 1</matrix>
          <instance_geometry url="#geom-EidelwindRigLegR1">
            <bind_material>
              <technique_common>
                <instance_material symbol="ColorMaterial" target="#ColorEffectR30G255B13-material"/>
              </technique_common>
            </bind_material>
          </instance_geometry>
          <node id="node-EidelwindRigLegR2" name="EidelwindRigLegR2" sid="joint57" type="JOINT">
            <matrix sid="matrix">0.8811351 0.4699927 0.05204042 27.95872 -0.4702171 0.8825091 -0.008605096 3.8147e-6 -0.0499705 -0.01688806 0.9986081 0 0 0 0 1</matrix>
            <instance_geometry url="#geom-EidelwindRigLegR2">
              <bind_material>
                <technique_common>
                  <instance_material symbol="ColorMaterial" target="#ColorEffectR30G255B13-material"/>
                </technique_common>
              </bind_material>
            </instance_geometry>
            <node id="node-EidelwindRigLegRAnkle" name="EidelwindRigLegRAnkle" sid="joint58" type="JOINT">
              <matrix sid="matrix">0.9886196 -0.1157991 -0.09603019 27.96788 0.106091 0.9892443 -0.1006967 1.90735e-6 0.106658 0.08936284 0.9902718 4.76837e-7 0 0 0 1</matrix>
              <instance_geometry url="#geom-EidelwindRigLegRAnkle">
                <bind_material>
                  <technique_common>
                    <instance_material symbol="ColorMaterial" target="#ColorEffectR30G255B13-material"/>
                  </technique_common>
                </bind_material>
              </instance_geometry>
              <node id="node-EidelwindRigLegRDigit11" name="EidelwindRigLegRDigit11" sid="joint59" type="JOINT">
                <matrix sid="matrix">0.1917098 -0.9814516 -7.16621e-6 10.44681 0.9814516 0.1917098 4.1936e-6 0 -2.74198e-6 -7.83724e-6 1 0 0 0 0 1</matrix>
                <instance_geometry url="#geom-EidelwindRigLegRDigit11">
                  <bind_material>
                    <technique_common>
                      <instance_material symbol="ColorMaterial" target="#ColorEffectR30G255B13-material"/>
                    </technique_common>
                  </bind_material>
                </instance_geometry>
                <extra>
                  <technique profile="OpenCOLLADA">
                    <cast_shadows sid="cast_shadows" type="bool">1</cast_shadows>
                    <receive_shadows sid="receive_shadows" type="bool">1</receive_shadows>
                    <primary_visibility sid="primary_visibility" type="int">1</primary_visibility>
                    <secondary_visibility sid="secondary_visibility" type="int">1</secondary_visibility>
                  </technique>
                </extra>
              </node>
              <extra>
                <technique profile="OpenCOLLADA">
                  <cast_shadows sid="cast_shadows" type="bool">1</cast_shadows>
                  <receive_shadows sid="receive_shadows" type="bool">1</receive_shadows>
                  <primary_visibility sid="primary_visibility" type="int">1</primary_visibility>
                  <secondary_visibility sid="secondary_visibility" type="int">1</secondary_visibility>
                </technique>
              </extra>
            </node>
            <extra>
              <technique profile="OpenCOLLADA">
                <cast_shadows sid="cast_shadows" type="bool">1</cast_shadows>
                <receive_shadows sid="receive_shadows" type="bool">1</receive_shadows>
                <primary_visibility sid="primary_visibility" type="int">1</primary_visibility>
                <secondary_visibility sid="secondary_visibility" type="int">1</secondary_visibility>
              </technique>
            </extra>
          </node>
          <extra>
            <technique profile="OpenCOLLADA">
              <cast_shadows sid="cast_shadows" type="bool">1</cast_shadows>
              <receive_shadows sid="receive_shadows" type="bool">1</receive_shadows>
              <primary_visibility sid="primary_visibility" type="int">1</primary_visibility>
              <secondary_visibility sid="secondary_visibility" type="int">1</secondary_visibility>
            </technique>
          </extra>
        </node>
        <node id="node-EidelwindRigPelvisHelper" name="EidelwindRigPelvisHelper" sid="joint60" type="JOINT">
          <matrix>1 -1.44064e-9 -8.10251e-8 0 -1.44064e-9 1 -1.36424e-11 0 -8.10251e-8 -1.36424e-11 1 0 0 0 0 1</matrix>
          <instance_geometry url="#geom-EidelwindRigPelvisHelper">
            <bind_material>
              <technique_common>
                <instance_material symbol="ColorMaterial" target="#ColorEffectR253G106B26-material"/>
              </technique_common>
            </bind_material>
          </instance_geometry>
          <extra>
            <technique profile="OpenCOLLADA">
              <cast_shadows sid="cast_shadows" type="bool">1</cast_shadows>
              <receive_shadows sid="receive_shadows" type="bool">1</receive_shadows>
              <primary_visibility sid="primary_visibility" type="int">1</primary_visibility>
              <secondary_visibility sid="secondary_visibility" type="int">1</secondary_visibility>
            </technique>
          </extra>
        </node>
        <extra>
          <technique profile="OpenCOLLADA">
            <cast_shadows sid="cast_shadows" type="bool">1</cast_shadows>
            <receive_shadows sid="receive_shadows" type="bool">1</receive_shadows>
            <primary_visibility sid="primary_visibility" type="int">1</primary_visibility>
            <secondary_visibility sid="secondary_visibility" type="int">1</secondary_visibility>
          </technique>
        </extra>
      </node>
      <node id="node-EidelwindRigLegLPlatform" name="EidelwindRigLegLPlatform">
        <matrix sid="matrix">0 1.49012e-7 1 3.9807 -0.3171765 -0.9483666 1.49012e-7 25.41736 0.9483666 -0.3171765 0 2.84296 0 0 0 1</matrix>
        <extra>
          <technique profile="OpenCOLLADA">
            <cast_shadows sid="cast_shadows" type="bool">1</cast_shadows>
            <receive_shadows sid="receive_shadows" type="bool">1</receive_shadows>
            <primary_visibility sid="primary_visibility" type="int">1</primary_visibility>
            <secondary_visibility sid="secondary_visibility" type="int">1</secondary_visibility>
          </technique>
        </extra>
      </node>
      <node id="node-EidelwindRigLegRPlatform" name="EidelwindRigLegRPlatform">
        <matrix sid="matrix">0 1.50996e-7 1 -3.94893 1.62921e-7 -1 1.50996e-7 -20.01416 1 1.62921e-7 0 -0.1983539 0 0 0 1</matrix>
        <extra>
          <technique profile="OpenCOLLADA">
            <cast_shadows sid="cast_shadows" type="bool">1</cast_shadows>
            <receive_shadows sid="receive_shadows" type="bool">1</receive_shadows>
            <primary_visibility sid="primary_visibility" type="int">1</primary_visibility>
            <secondary_visibility sid="secondary_visibility" type="int">1</secondary_visibility>
          </technique>
        </extra>
      </node>
      <node id="node-EidelwindRigArmLIKTarget" name="EidelwindRigArmLIKTarget">
        <matrix sid="matrix">-0.04567575 -0.9989562 -3.54886e-4 40.13902 -8.27134e-4 -3.17454e-4 0.9999999 -18.42254 -0.998956 0.04567599 -8.11815e-4 3.01003e-6 0 0 0 1</matrix>
        <extra>
          <technique profile="OpenCOLLADA">
            <cast_shadows sid="cast_shadows" type="bool">1</cast_shadows>
            <receive_shadows sid="receive_shadows" type="bool">1</receive_shadows>
            <primary_visibility sid="primary_visibility" type="int">1</primary_visibility>
            <secondary_visibility sid="secondary_visibility" type="int">1</secondary_visibility>
          </technique>
        </extra>
      </node>
      <node id="node-EidelwindRigArmRIKTarget" name="EidelwindRigArmRIKTarget">
        <matrix sid="matrix">0.3601629 0.9328892 -3.54618e-4 -39.52984 -8.8504e-4 -3.83854e-5 -0.9999998 27.49175 -0.932889 0.3601631 8.11815e-4 -2.896936 0 0 0 1</matrix>
        <extra>
          <technique profile="OpenCOLLADA">
            <cast_shadows sid="cast_shadows" type="bool">1</cast_shadows>
            <receive_shadows sid="receive_shadows" type="bool">1</receive_shadows>
            <primary_visibility sid="primary_visibility" type="int">1</primary_visibility>
            <secondary_visibility sid="secondary_visibility" type="int">1</secondary_visibility>
          </technique>
        </extra>
      </node>
      <node id="node-Torso" name="Torso">
        <node>
          <matrix>39.37008 0 0 0 0 7.03992e-6 -39.37007 0 0 39.37007 7.03992e-6 0 0 0 0 1</matrix>
          <instance_controller url="#geom-Torso-skin1">
            <skeleton>#node-EidelwindRigLegR1</skeleton>
            <skeleton>#node-EidelwindRigLegL1</skeleton>
            <skeleton>#node-EidelwindRigSpineSpineLower</skeleton>
            <skeleton>#node-EidelwindRigPelvisHelper</skeleton>
            <bind_material>
              <technique_common>
                <instance_material symbol="Glasses" target="#Glasses-material"/>
                <instance_material symbol="EidelwindMaterial" target="#EidelwindMaterial-material">
                  <bind_vertex_input semantic="CHANNEL1" input_semantic="TEXCOORD" input_set="0"/>
                </instance_material>
              </technique_common>
            </bind_material>
          </instance_controller>
        </node>
        <extra>
          <technique profile="OpenCOLLADA">
            <cast_shadows sid="cast_shadows" type="bool">1</cast_shadows>
            <receive_shadows sid="receive_shadows" type="bool">1</receive_shadows>
            <primary_visibility sid="primary_visibility" type="int">1</primary_visibility>
            <secondary_visibility sid="secondary_visibility" type="int">1</secondary_visibility>
          </technique>
        </extra>
      </node>
      <node id="node-Camera001" name="Camera001">
        <matrix>0.9986298 0.001370043 -0.0523185 -5.995318 -0.05233659 0.02614122 -0.9982874 -270.6931 1.95578e-8 0.9996573 0.02617712 66.95375 0 0 0 1</matrix>
        <instance_camera url="#Camera001-camera"/>
        <extra>
          <technique profile="OpenCOLLADA">
            <cast_shadows sid="cast_shadows" type="bool">1</cast_shadows>
            <receive_shadows sid="receive_shadows" type="bool">1</receive_shadows>
            <primary_visibility sid="primary_visibility" type="int">1</primary_visibility>
            <secondary_visibility sid="secondary_visibility" type="int">1</secondary_visibility>
          </technique>
        </extra>
      </node>
      <node id="node-Camera001.Target" name="Camera001.Target">
        <translate>3.394389 -91.52876 62.2557</translate>
        <rotate>-0.9992966 0.02616781 0.02686204 -88.5403</rotate>
        <extra>
          <technique profile="OpenCOLLADA">
            <cast_shadows sid="cast_shadows" type="bool">1</cast_shadows>
            <receive_shadows sid="receive_shadows" type="bool">1</receive_shadows>
            <primary_visibility sid="primary_visibility" type="int">1</primary_visibility>
            <secondary_visibility sid="secondary_visibility" type="int">1</secondary_visibility>
          </technique>
        </extra>
      </node>
      <node id="node-Omni001" name="Omni001">
        <translate>-31.4336 -117.9301 123.8172</translate>
        <instance_light url="#Omni001-light"/>
        <extra>
          <technique profile="OpenCOLLADA">
            <cast_shadows sid="cast_shadows" type="bool">1</cast_shadows>
            <receive_shadows sid="receive_shadows" type="bool">1</receive_shadows>
            <primary_visibility sid="primary_visibility" type="int">1</primary_visibility>
            <secondary_visibility sid="secondary_visibility" type="int">1</secondary_visibility>
          </technique>
        </extra>
      </node>
    </visual_scene>
  </library_visual_scenes>
  <library_animations>
    <animation>
      <source id="node-EidelwindRigPelvis_matrix-input">
        <float_array id="node-EidelwindRigPelvis_matrix-input-array" count="31">0 0.03333333 0.06666667 0.1 0.1333333 0.1666667 0.2 0.2333333 0.2666667 0.3 0.3333333 0.3666667 0.4 0.4333333 0.4666667 0.5 0.5333333 0.5666667 0.6 0.6333333 0.6666667 0.7 0.7333333 0.7666667 0.8 0.8333333 0.8666667 0.9 0.9333333 0.9666667 1</float_array>
        <technique_common>
          <accessor source="#node-EidelwindRigPelvis_matrix-input-array" count="31" stride="1">
            <param name="TIME" type="float"/>
          </accessor>
        </technique_common>
      </source>
      <source id="node-EidelwindRigPelvis_matrix-output">
        <float_array id="node-EidelwindRigPelvis_matrix-output-array" count="496">0.01372003 0.0170322 0.9997609 -0.7761748 1.65775e-7 -0.9998551 0.01703381 9.84618e-6 0.999906 -2.3354e-4 -0.01371812 61.15477 0 0 0 1 0.0265749 0.01584184 0.9995214 -1.503533 1.65775e-7 -0.9998745 0.01584744 9.81819e-6 0.9996469 -4.2098e-4 -0.02657163 61.65708 0 0 0 1 0.03824996 0.01397651 0.9991704 -2.164343 1.69035e-7 -0.9999023 0.01398676 9.83268e-6 0.9992681 -5.34825e-4 -0.03824627 62.35847 0 0 0 1 0.04830157 0.01154929 0.9987662 -2.733514 1.69501e-7 -0.9999333 0.01156276 9.8744e-6 0.9988328 -5.58333e-4 -0.04829847 63.14207 0 0 0 1 0.05642169 0.008645832 0.9983696 -3.193495 1.71363e-7 -0.9999625 0.008659601 9.92843e-6 0.998407 -4.8842e-4 -0.05641949 63.9 0 0 0 1 0.06218832 0.005383491 0.9980499 -3.520291 1.72295e-7 -0.9999855 0.005393922 9.97931e-6 0.9980644 -3.35268e-4 -0.06218731 64.51517 0 0 0 1 0.06526309 0.001840174 0.9978663 -3.694586 1.72528e-7 -0.9999983 0.001844048 1.00121e-5 0.9978681 -1.20179e-4 -0.06526303 64.87828 0 0 0 1 0.06526553 -0.001834154 0.9978662 -3.694726 1.72528e-7 -0.9999983 -0.001838088 1.00122e-5 0.9978679 1.20138e-4 -0.06526541 64.8786 0 0 0 1 0.06219536 -0.005377829 0.9980495 -3.520688 1.71596e-7 -0.9999855 -0.005388259 9.97937e-6 0.9980641 3.35299e-4 -0.06219446 64.51596 0 0 0 1 0.05643266 -0.008640646 0.998369 -3.194114 1.71363e-7 -0.9999626 -0.008654475 9.92851e-6 0.9984065 4.88567e-4 -0.05643045 63.9011 0 0 0 1 0.04831606 -0.01154476 0.9987654 -2.734323 1.69966e-7 -0.9999332 -0.01155829 9.87448e-6 0.9988322 5.58623e-4 -0.0483129 63.1433 0 0 0 1 0.03826689 -0.01397287 0.9991698 -2.165309 1.68569e-7 -0.9999023 -0.01398307 9.83273e-6 0.9992676 5.3526e-4 -0.0382632 62.35966 0 0 0 1 0.02659416 -0.01583915 0.999521 -1.504623 1.67638e-7 -0.9998746 -0.01584476 9.81818e-6 0.9996464 4.21546e-4 -0.02659094 61.65805 0 0 0 1 0.01374095 -0.01703059 0.9997605 -0.7773557 1.63913e-7 -0.999855 -0.0170322 9.84609e-6 0.9999056 2.34205e-4 -0.01373898 61.15534 0 0 0 1 0 -0.01745223 0.9998477 0 1.63913e-7 -0.9998477 -0.01745223 9.93193e-6 1 1.62981e-7 0 60.96176 0 0 0 1 -0.01369917 -0.01703315 0.9997611 0.7749937 1.60187e-7 -0.9998548 -0.01703476 1.00803e-5 0.9999061 -2.33202e-4 0.0136972 61.1542 0 0 0 1 -0.02657496 -0.01584154 0.9995214 1.503533 1.58325e-7 -0.9998744 -0.01584714 1.02722e-5 0.9996468 -4.20979e-4 0.02657169 61.65708 0 0 0 1 -0.0382328 -0.01397961 0.9991712 2.163377 1.56928e-7 -0.9999021 -0.01398986 1.0486e-5 0.9992688 -5.34716e-4 0.0382291 62.35728 0 0 0 1 -0.04830169 -0.01154899 0.9987661 2.733513 1.546e-7 -0.9999333 -0.01156246 1.06999e-5 0.9988328 -5.58333e-4 0.04829835 63.14207 0 0 0 1 -0.05641078 -0.008650362 0.9983702 3.192875 1.53668e-7 -0.9999625 -0.008664131 1.08926e-5 0.9984077 -4.88599e-4 0.05640858 63.89889 0 0 0 1 -0.06218826 -0.005383193 0.9980499 3.520291 1.53203e-7 -0.9999855 -0.005393624 1.10424e-5 0.9980644 -3.35268e-4 0.06218737 64.51517 0 0 0 1 -0.06526052 -0.001845538 0.9978667 3.694445 1.52679e-7 -0.9999982 -0.001849472 1.11278e-5 0.9978682 -1.20547e-4 0.06526046 64.87798 0 0 0 1 -0.06526553 0.001834452 0.9978662 3.694726 1.52679e-7 -0.9999983 0.001838386 1.1128e-5 0.9978679 1.20137e-4 0.06526541 64.8786 0 0 0 1 -0.06220233 0.005372762 0.9980491 3.521085 1.53435e-7 -0.9999855 0.005383193 1.10428e-5 0.9980636 3.35003e-4 0.06220132 64.51676 0 0 0 1 -0.0564326 0.008640944 0.998369 3.194115 1.54134e-7 -0.9999626 0.008654773 1.08931e-5 0.9984065 4.88566e-4 0.05643039 63.9011 0 0 0 1 -0.0483303 0.01154088 0.9987648 2.735133 1.55531e-7 -0.9999333 0.01155441 1.07005e-5 0.9988314 5.58584e-4 0.04832708 63.14453 0 0 0 1 -0.03826701 0.01397317 0.9991699 2.165309 1.56928e-7 -0.9999023 0.01398342 1.04866e-5 0.9992676 5.3526e-4 0.03826314 62.35966 0 0 0 1 -0.02661347 0.01583701 0.9995205 1.505713 1.59256e-7 -0.9998745 0.01584267 1.02729e-5 0.9996458 4.21788e-4 0.02661001 61.65903 0 0 0 1 -0.01374101 0.01703089 0.9997605 0.7773557 1.6205e-7 -0.999855 0.0170325 1.00808e-5 0.9999056 2.34204e-4 0.01373893 61.15534 0 0 0 1 0 0.01745253 0.9998477 0 1.62981e-7 -0.9998477 0.01745253 9.93193e-6 1 1.62981e-7 0 60.96176 0 0 0 1 0.01372003 0.0170322 0.9997609 -0.7761748 1.65775e-7 -0.9998551 0.01703381 9.84618e-6 0.999906 -2.3354e-4 -0.01371812 61.15477 0 0 0 1</float_array>
        <technique_common>
          <accessor source="#node-EidelwindRigPelvis_matrix-output-array" count="31" stride="16">
            <param name="TRANSFORM" type="float4x4"/>
          </accessor>
        </technique_common>
      </source>
      <source id="node-EidelwindRigPelvis_matrix-interpolation">
        <Name_array id="node-EidelwindRigPelvis_matrix-interpolation-array" count="31">LINEAR LINEAR LINEAR LINEAR LINEAR LINEAR LINEAR LINEAR LINEAR LINEAR LINEAR LINEAR LINEAR LINEAR LINEAR LINEAR LINEAR LINEAR LINEAR LINEAR LINEAR LINEAR LINEAR LINEAR LINEAR LINEAR LINEAR LINEAR LINEAR LINEAR LINEAR</Name_array>
        <technique_common>
          <accessor source="#node-EidelwindRigPelvis_matrix-interpolation-array" count="31" stride="1">
            <param name="INTERPOLATION" type="name"/>
          </accessor>
        </technique_common>
      </source>
      <source id="node-EidelwindRigSpineSpineLower_matrix-input">
        <float_array id="node-EidelwindRigSpineSpineLower_matrix-input-array" count="31">0 0.03333333 0.06666667 0.1 0.1333333 0.1666667 0.2 0.2333333 0.2666667 0.3 0.3333333 0.3666667 0.4 0.4333333 0.4666667 0.5 0.5333333 0.5666667 0.6 0.6333333 0.6666667 0.7 0.7333333 0.7666667 0.8 0.8333333 0.8666667 0.9 0.9333333 0.9666667 1</float_array>
        <technique_common>
          <accessor source="#node-EidelwindRigSpineSpineLower_matrix-input-array" count="31" stride="1">
            <param name="TIME" type="float"/>
          </accessor>
        </technique_common>
      </source>
      <source id="node-EidelwindRigSpineSpineLower_matrix-output">
        <float_array id="node-EidelwindRigSpineSpineLower_matrix-output-array" count="496">0.9979094 -0.06455767 0.003084361 6.640488 0.06447291 0.9976687 0.02237987 1.07288e-6 -0.004521906 -0.02213424 0.9997448 -4.76837e-7 0 0 0 1 0.9980546 -0.0620414 0.006156623 6.640488 0.06190317 0.9978708 0.02054405 1.08033e-6 -0.007418036 -0.02012294 0.99977 0 0 0 0 1 0.9982678 -0.05827921 0.008073687 6.640488 0.05812782 0.9981495 0.01786398 1.08033e-6 -0.009099781 -0.01736372 0.9998078 0 0 0 0 1 0.9985141 -0.05380386 0.008664429 6.640488 0.05367475 0.998453 0.01450097 1.08033e-6 -0.009431064 -0.01401436 0.9998571 -4.76837e-7 0 0 0 1 0.9987563 -0.04919052 0.008108735 6.640491 0.04910385 0.9987376 0.01056766 1.08778e-6 -0.008618295 -0.01015633 0.9999114 0 0 0 0 1 0.9989536 -0.04520672 0.006942689 6.640488 0.04516386 0.9989603 0.006206154 1.08406e-6 -0.007215917 -0.005886137 0.9999566 9.53674e-7 0 0 0 1 0.999071 -0.04268491 0.005964994 6.64048 0.04267674 0.9990881 0.001492202 1.08127e-6 -0.006023228 -0.001236259 0.9999812 0 0 0 0 1 0.9990786 -0.04250532 0.00597912 6.64048 0.04252618 0.9990897 -0.003403961 1.08127e-6 -0.005829095 0.003655076 0.9999765 0 0 0 0 1 0.9989758 -0.04470008 0.007022082 6.640488 0.04475677 0.9989648 -0.008132934 1.08406e-6 -0.006651282 0.008438885 0.9999424 0 0 0 0 1 0.9987912 -0.04844456 0.008338689 6.640488 0.04854625 0.9987431 -0.01246309 1.08033e-6 -0.007724404 0.01285284 0.9998875 4.76837e-7 0 0 0 1 0.9985562 -0.05293661 0.009137213 6.640484 0.0530802 0.9984581 -0.01626092 1.08033e-6 -0.008262276 0.01672244 0.9998261 0 0 0 0 1 0.9983099 -0.05743736 0.008851468 6.640488 0.0575999 0.9981521 -0.01935595 1.08033e-6 -0.00772345 0.01983308 0.9997734 -4.76837e-7 0 0 0 1 0.9980888 -0.06136846 0.007244825 6.640484 0.06151211 0.9978716 -0.02163469 1.08033e-6 -0.005901455 0.02203899 0.9997396 2.38419e-7 0 0 0 1 0.9979286 -0.06418144 0.004411935 6.640488 0.06426626 0.9976687 -0.02296131 1.08406e-6 -0.002928018 0.02319729 0.9997265 0 0 0 0 1 0.9978604 -0.0653764 7.08225e-4 6.640484 0.06537514 0.9975901 -0.02322906 1.07585e-6 8.12185e-4 0.02322566 0.9997298 0 0 0 0 1 0.997909 -0.06456106 -0.003078699 6.640488 0.06447637 0.997668 -0.02238202 1.08406e-6 0.004516541 0.02213674 0.9997447 1.19209e-7 0 0 0 1 0.9980546 -0.0620414 -0.006156563 6.640491 0.06190317 0.9978707 -0.02054405 1.08033e-6 0.007417917 0.02012294 0.99977 0 0 0 0 1 0.9982673 -0.05828553 -0.00807166 6.64048 0.05813413 0.998149 -0.01786875 1.08033e-6 0.009097993 0.01736855 0.9998077 -4.76837e-7 0 0 0 1 0.9985141 -0.05380386 -0.00866419 6.640491 0.05367475 0.9984532 -0.01450097 1.08033e-6 0.009430944 0.01401436 0.9998574 -9.53674e-7 0 0 0 1 0.9987561 -0.04919791 -0.008110284 6.640484 0.04911112 0.9987375 -0.01057416 1.08033e-6 0.008620321 0.01016271 0.9999113 4.76837e-7 0 0 0 1 0.9989535 -0.04520672 -0.006942689 6.640488 0.04516392 0.9989603 -0.006206154 1.08033e-6 0.007216036 0.005886137 0.9999566 0 0 0 0 1 0.9990708 -0.04268711 -0.005965948 6.64048 0.04267895 0.9990879 -0.001499772 1.0822e-6 0.006024301 0.00124377 0.9999811 -4.76837e-7 0 0 0 1 0.9990786 -0.04250466 -0.00597912 6.64048 0.04252552 0.9990897 0.003403961 1.08127e-6 0.005828857 -0.003655076 0.9999765 0 0 0 0 1 0.998976 -0.04469531 -0.007019996 6.64048 0.044752 0.9989653 0.008125841 1.07661e-6 0.006649553 -0.008431673 0.9999425 0 0 0 0 1 0.9987912 -0.04844456 -0.00833863 6.640488 0.04854625 0.9987431 0.01246309 1.07661e-6 0.007724344 -0.01285284 0.9998875 -4.76837e-7 0 0 0 1 0.9985564 -0.05292958 -0.009136795 6.640488 0.05307316 0.9984584 0.01625549 1.08033e-6 0.008262276 -0.01671695 0.9998262 0 0 0 0 1 0.99831 -0.05743741 -0.008851587 6.640484 0.0575999 0.998152 0.01935595 1.07288e-6 0.007723391 -0.01983308 0.9997735 -9.53674e-7 0 0 0 1 0.9980893 -0.06136304 -0.007248282 6.640488 0.0615068 0.9978723 0.02163189 1.08406e-6 0.005905508 -0.02203637 0.99974 0 0 0 0 1 0.9979286 -0.06418144 -0.004411935 6.640488 0.0642662 0.9976685 0.02296131 1.08033e-6 0.002928018 -0.02319729 0.9997265 0 0 0 0 1 0.9978604 -0.0653764 -7.08153e-4 6.640484 0.06537514 0.9975901 0.02322906 1.08204e-6 -8.12144e-4 -0.02322566 0.9997298 0 0 0 0 1 0.9979094 -0.06455767 0.003084361 6.640488 0.06447291 0.9976687 0.02237987 1.07288e-6 -0.004521906 -0.02213424 0.9997448 -4.76837e-7 0 0 0 1</float_array>
        <technique_common>
          <accessor source="#node-EidelwindRigSpineSpineLower_matrix-output-array" count="31" stride="16">
            <param name="TRANSFORM" type="float4x4"/>
          </accessor>
        </technique_common>
      </source>
      <source id="node-EidelwindRigSpineSpineLower_matrix-interpolation">
        <Name_array id="node-EidelwindRigSpineSpineLower_matrix-interpolation-array" count="31">LINEAR LINEAR LINEAR LINEAR LINEAR LINEAR LINEAR LINEAR LINEAR LINEAR LINEAR LINEAR LINEAR LINEAR LINEAR LINEAR LINEAR LINEAR LINEAR LINEAR LINEAR LINEAR LINEAR LINEAR LINEAR LINEAR LINEAR LINEAR LINEAR LINEAR LINEAR</Name_array>
        <technique_common>
          <accessor source="#node-EidelwindRigSpineSpineLower_matrix-interpolation-array" count="31" stride="1">
            <param name="INTERPOLATION" type="name"/>
          </accessor>
        </technique_common>
      </source>
      <source id="node-EidelwindRigSpineSpineUpper_matrix-input">
        <float_array id="node-EidelwindRigSpineSpineUpper_matrix-input-array" count="31">0 0.03333333 0.06666667 0.1 0.1333333 0.1666667 0.2 0.2333333 0.2666667 0.3 0.3333333 0.3666667 0.4 0.4333333 0.4666667 0.5 0.5333333 0.5666667 0.6 0.6333333 0.6666667 0.7 0.7333333 0.7666667 0.8 0.8333333 0.8666667 0.9 0.9333333 0.9666667 1</float_array>
        <technique_common>
          <accessor source="#node-EidelwindRigSpineSpineUpper_matrix-input-array" count="31" stride="1">
            <param name="TIME" type="float"/>
          </accessor>
        </technique_common>
      </source>
      <source id="node-EidelwindRigSpineSpineUpper_matrix-output">
        <float_array id="node-EidelwindRigSpineSpineUpper_matrix-output-array" count="496">0.997789 0.06440919 0.01638108 10.41952 -0.06570833 0.9930297 0.0978505 0 -0.009964644 -0.09871053 0.9950662 1.19209e-7 0 0 0 1 0.997306 0.06797587 0.02756959 10.41952 -0.0701946 0.9934959 0.0896539 -4.76837e-7 -0.02129596 -0.09134763 0.9955911 0 0 0 0 1 0.9965663 0.07374978 0.0376386 10.41952 -0.07649499 0.9940434 0.07762879 -2.38419e-7 -0.03168916 -0.08024138 0.9962719 0 0 0 0 1 0.9956699 0.08076006 0.04602885 10.41952 -0.08355641 0.9945431 0.06246757 0 -0.0407328 -0.06604313 0.9969848 0 0 0 0 1 0.9947411 0.08804005 0.05234044 10.41952 -0.09040629 0.9949014 0.04470133 2.38419e-7 -0.04813802 -0.04919815 0.9976284 0 0 0 0 1 0.9939424 0.09446507 0.05616247 10.41952 -0.09598827 0.9950667 0.02506756 -2.38419e-7 -0.0535174 -0.03030669 0.9981069 0 0 0 0 1 0.9934465 0.09892201 0.05725479 10.41951 -0.099316 0.9950473 0.00407058 2.38419e-7 -0.0565685 -0.009730219 0.9983513 4.76837e-7 0 0 0 1 0.993418 0.1002056 0.05549526 10.41951 -0.09938496 0.9948977 -0.01736193 0 -0.05695176 0.01173222 0.9983084 0 0 0 0 1 0.9938623 0.0980454 0.05122911 10.41951 -0.09617984 0.9946495 -0.03769993 0 -0.05465137 0.03254133 0.9979748 0 0 0 0 1 0.994624 0.0932548 0.04501467 10.41951 -0.09068471 0.9942977 -0.05611056 0 -0.04999047 0.05172681 0.9974093 4.76837e-7 0 0 0 1 0.9955369 0.08671975 0.0372284 10.41952 -0.0838744 0.9938585 -0.07217967 -2.38419e-7 -0.04325932 0.068735 0.9966966 0 0 0 0 1 0.9964386 0.07945752 0.02822107 10.41951 -0.07679951 0.993393 -0.08527451 4.76837e-7 -0.0348103 0.08280342 0.9959579 0 0 0 0 1 0.9972056 0.07246863 0.01814603 10.41951 -0.07043457 0.9929881 -0.09493815 0 -0.02489894 0.09339469 0.9953176 0 0 0 0 1 0.9977331 0.06690311 0.00721246 10.41952 -0.06584185 0.9927489 -0.100569 0 -0.01388853 0.09986621 0.9949041 0 0 0 0 1 0.997946 0.06390029 -0.004517138 10.41952 -0.0640282 0.9927578 -0.1016513 0 -0.00201106 0.1017317 0.9948103 0 0 0 0 1 0.9977895 0.06440573 -0.01636308 10.41951 -0.06570327 0.9930288 -0.09786009 4.76837e-7 0.009946048 0.09871888 0.9950658 0 0 0 0 1 0.9973063 0.06797587 -0.02756971 10.41951 -0.0701946 0.9934962 -0.0896539 -4.76837e-7 0.02129596 0.09134763 0.9955914 0 0 0 0 1 0.9965673 0.07373946 -0.03762394 10.41951 -0.07648426 0.9940422 -0.07765018 0 0.03167414 0.08026123 0.9962701 2.38419e-7 0 0 0 1 0.99567 0.08076006 -0.04602909 10.41951 -0.08355641 0.9945435 -0.06246757 0 0.04073292 0.06604319 0.996985 -4.76837e-7 0 0 0 1 0.994742 0.08802896 -0.05233222 10.41951 -0.09039628 0.9949004 -0.04473072 0 0.04812794 0.04922616 0.9976274 0 0 0 0 1 0.9939427 0.09446507 -0.05616247 10.41952 -0.09598833 0.9950667 -0.02506756 -2.38419e-7 0.0535174 0.03030663 0.9981068 4.76837e-7 0 0 0 1 0.9934469 0.09891724 -0.05725538 10.4195 -0.09931319 0.9950476 -0.004104018 0 0.05656582 0.00976336 0.9983509 0 0 0 0 1 0.993418 0.1002056 -0.0554952 10.41951 -0.0993849 0.9948978 0.01736187 0 0.05695188 -0.01173222 0.9983084 0 0 0 0 1 0.9938613 0.09805107 -0.05123728 10.4195 -0.09618693 0.99465 0.03766947 0 0.05465692 -0.03250992 0.9979758 -4.76837e-7 0 0 0 1 0.9946242 0.0932548 -0.04501473 10.41951 -0.09068471 0.9942979 0.05611062 0 0.04999053 -0.05172681 0.9974094 -9.53674e-7 0 0 0 1 0.9955355 0.08673083 -0.03724169 10.41951 -0.08388549 0.9938597 0.07215678 0 0.04327106 -0.06871056 0.9966978 0 0 0 0 1 0.9964387 0.07945752 -0.02822113 10.41951 -0.07679945 0.9933934 0.08527457 2.38419e-7 0.03481024 -0.08280342 0.995958 0 0 0 0 1 0.9972045 0.07247871 -0.01816236 10.41952 -0.07044339 0.9929887 0.09492605 0 0.02491509 -0.09338122 0.9953183 0 0 0 0 1 0.9977332 0.06690305 -0.007212281 10.41952 -0.06584185 0.9927492 0.100569 4.76837e-7 0.01388847 -0.09986621 0.9949042 0 0 0 0 1 0.9979461 0.06390023 0.004517138 10.41952 -0.06402814 0.9927577 0.1016513 0 0.00201106 -0.1017317 0.9948101 0 0 0 0 1 0.997789 0.06440919 0.01638108 10.41952 -0.06570833 0.9930297 0.0978505 0 -0.009964644 -0.09871053 0.9950662 1.19209e-7 0 0 0 1</float_array>
        <technique_common>
          <accessor source="#node-EidelwindRigSpineSpineUpper_matrix-output-array" count="31" stride="16">
            <param name="TRANSFORM" type="float4x4"/>
          </accessor>
        </technique_common>
      </source>
      <source id="node-EidelwindRigSpineSpineUpper_matrix-interpolation">
        <Name_array id="node-EidelwindRigSpineSpineUpper_matrix-interpolation-array" count="31">LINEAR LINEAR LINEAR LINEAR LINEAR LINEAR LINEAR LINEAR LINEAR LINEAR LINEAR LINEAR LINEAR LINEAR LINEAR LINEAR LINEAR LINEAR LINEAR LINEAR LINEAR LINEAR LINEAR LINEAR LINEAR LINEAR LINEAR LINEAR LINEAR LINEAR LINEAR</Name_array>
        <technique_common>
          <accessor source="#node-EidelwindRigSpineSpineUpper_matrix-interpolation-array" count="31" stride="1">
            <param name="INTERPOLATION" type="name"/>
          </accessor>
        </technique_common>
      </source>
      <source id="node-EidelwindRigChest_matrix-input">
        <float_array id="node-EidelwindRigChest_matrix-input-array" count="31">0 0.03333333 0.06666667 0.1 0.1333333 0.1666667 0.2 0.2333333 0.2666667 0.3 0.3333333 0.3666667 0.4 0.4333333 0.4666667 0.5 0.5333333 0.5666667 0.6 0.6333333 0.6666667 0.7 0.7333333 0.7666667 0.8 0.8333333 0.8666667 0.9 0.9333333 0.9666667 1</float_array>
        <technique_common>
          <accessor source="#node-EidelwindRigChest_matrix-input-array" count="31" stride="1">
            <param name="TIME" type="float"/>
          </accessor>
        </technique_common>
      </source>
      <source id="node-EidelwindRigChest_matrix-output">
        <float_array id="node-EidelwindRigChest_matrix-output-array" count="496">0.9946499 -0.102921 -0.008882999 10.41951 0.1031026 0.9943991 0.02323973 0 0.006441593 -0.02403128 0.9996904 0 0 0 0 1 0.9945926 -0.1036706 -0.006153702 10.41951 0.1037857 0.9943356 0.02292329 0 0.003742337 -0.02343797 0.9997183 0 0 0 0 1 0.9944837 -0.1048656 -0.002330303 10.41951 0.1048915 0.994247 0.02169615 0 4.15901e-5 -0.02182084 0.9997618 0 0 0 0 1 0.9943227 -0.1063768 0.002539813 10.4195 0.1063068 0.9941384 0.01969474 -2.38419e-7 -0.004620015 -0.01931291 0.999803 1.19209e-7 0 0 0 1 0.9941207 -0.1079718 0.008140027 10.41951 0.1078221 0.994025 0.0170024 0 -0.009927093 -0.0160247 0.9998224 -2.38419e-7 0 0 0 1 0.9939166 -0.109278 0.01373326 10.41952 0.1090915 0.9939379 0.01366674 0 -0.01514345 -0.01208543 0.9998122 -2.38419e-7 0 0 0 1 0.9937734 -0.1098995 0.01835244 10.41952 0.1097372 0.9939141 0.009628593 4.76837e-7 -0.01929885 -0.007554709 0.9997853 -2.38419e-7 0 0 0 1 0.9937639 -0.109525 0.02091711 10.41951 0.1094458 0.9939808 0.004898488 0 -0.02132773 -0.002578675 0.9997692 0 0 0 0 1 0.9938895 -0.1083369 0.02114456 10.41952 0.1083652 0.9941112 -1.90712e-4 0 -0.02099925 0.002480864 0.9997767 0 0 0 0 1 0.9940798 -0.1068387 0.0197888 10.41952 0.1069617 0.9942495 -0.005268156 -2.38419e-7 -0.01911228 0.007353603 0.9997905 -2.38419e-7 0 0 0 1 0.9942722 -0.1053979 0.01771736 10.41951 0.1055866 0.9943591 -0.01007199 2.38419e-7 -0.01655572 0.01188504 0.9997923 0 0 0 0 1 0.9944322 -0.1042161 0.01560348 10.41951 0.1044407 0.9944276 -0.01434284 0 -0.01402163 0.01589262 0.9997754 -1.19209e-7 0 0 0 1 0.9945495 -0.1033514 0.01377481 10.41951 0.1035904 0.9944586 -0.01793783 0 -0.01184457 0.01926696 0.9997444 0 0 0 0 1 0.9946252 -0.1028147 0.01225966 10.4195 0.1030529 0.9944606 -0.02069926 0 -0.0100634 0.02185142 0.9997106 0 0 0 0 1 0.9946603 -0.1026401 0.01077783 10.41952 0.1028614 0.994441 -0.02251452 0 -0.008407175 0.02350288 0.9996883 0 0 0 0 1 0.99465 -0.1029195 0.008886575 10.41952 0.1031013 0.9943994 -0.02323943 0 -0.006444752 0.02403128 0.9996904 0 0 0 0 1 0.9945926 -0.1036707 0.006153702 10.41951 0.1037858 0.9943355 -0.02292329 0 -0.003742218 0.02343797 0.9997182 0 0 0 0 1 0.994484 -0.1048637 0.002337038 10.41951 0.1048897 0.9942472 -0.02169871 0 -4.83e-5 0.02182412 0.9997619 1.19209e-7 0 0 0 1 0.9943228 -0.1063768 -0.002539873 10.41951 0.1063068 0.9941384 -0.01969474 0 0.004620015 0.01931291 0.9998029 0 0 0 0 1 0.9941211 -0.1079689 -0.008131265 10.41951 0.1078194 0.9940252 -0.01700705 0 0.009918689 0.01603037 0.9998223 0 0 0 0 1 0.9939165 -0.109278 -0.01373332 10.41952 0.1090915 0.9939379 -0.01366674 0 0.01514351 0.01208543 0.9998124 -2.38419e-7 0 0 0 1 0.9937735 -0.1098994 -0.01834625 10.41951 0.109737 0.993914 -0.009635448 0 0.01929372 0.00756216 0.9997853 0 0 0 0 1 0.9937639 -0.1095257 -0.02091717 10.41951 0.1094465 0.9939807 -0.004898548 0 0.02132779 0.002578675 0.9997692 2.38419e-7 0 0 0 1 0.9938892 -0.108339 -0.0211457 10.41952 0.108367 0.9941109 1.82716e-4 4.76837e-7 0.02100133 -0.002473056 0.9997764 0 0 0 0 1 0.9940794 -0.1068386 -0.0197888 10.41952 0.1069617 0.9942491 0.005268156 2.38419e-7 0.01911216 -0.007353603 0.9997903 0 0 0 0 1 0.9942721 -0.1053998 -0.01772058 10.41951 0.1055884 0.9943588 0.01006489 0 0.01655995 -0.01187837 0.9997923 1.19209e-7 0 0 0 1 0.9944323 -0.1042161 -0.01560342 10.41952 0.1044406 0.9944276 0.01434284 0 0.01402181 -0.01589262 0.9997752 1.19209e-7 0 0 0 1 0.9945495 -0.1033525 -0.01377731 10.41951 0.1035915 0.9944584 0.01793283 -1.19209e-7 0.01184761 -0.01926225 0.9997444 -1.78814e-7 0 0 0 1 0.9946252 -0.1028147 -0.01225984 10.4195 0.1030528 0.9944606 0.02069926 0 0.01006352 -0.02185142 0.9997104 0 0 0 0 1 0.9946603 -0.1026401 -0.01077806 10.41952 0.1028615 0.994441 0.02251452 0 0.008407115 -0.02350288 0.9996885 0 0 0 0 1 0.9946499 -0.102921 -0.008882999 10.41951 0.1031026 0.9943991 0.02323973 0 0.006441593 -0.02403128 0.9996904 0 0 0 0 1</float_array>
        <technique_common>
          <accessor source="#node-EidelwindRigChest_matrix-output-array" count="31" stride="16">
            <param name="TRANSFORM" type="float4x4"/>
          </accessor>
        </technique_common>
      </source>
      <source id="node-EidelwindRigChest_matrix-interpolation">
        <Name_array id="node-EidelwindRigChest_matrix-interpolation-array" count="31">LINEAR LINEAR LINEAR LINEAR LINEAR LINEAR LINEAR LINEAR LINEAR LINEAR LINEAR LINEAR LINEAR LINEAR LINEAR LINEAR LINEAR LINEAR LINEAR LINEAR LINEAR LINEAR LINEAR LINEAR LINEAR LINEAR LINEAR LINEAR LINEAR LINEAR LINEAR</Name_array>
        <technique_common>
          <accessor source="#node-EidelwindRigChest_matrix-interpolation-array" count="31" stride="1">
            <param name="INTERPOLATION" type="name"/>
          </accessor>
        </technique_common>
      </source>
      <source id="node-EidelwindRigSpine_matrix-input">
        <float_array id="node-EidelwindRigSpine_matrix-input-array" count="31">0 0.03333333 0.06666667 0.1 0.1333333 0.1666667 0.2 0.2333333 0.2666667 0.3 0.3333333 0.3666667 0.4 0.4333333 0.4666667 0.5 0.5333333 0.5666667 0.6 0.6333333 0.6666667 0.7 0.7333333 0.7666667 0.8 0.8333333 0.8666667 0.9 0.9333333 0.9666667 1</float_array>
        <technique_common>
          <accessor source="#node-EidelwindRigSpine_matrix-input-array" count="31" stride="1">
            <param name="TIME" type="float"/>
          </accessor>
        </technique_common>
      </source>
      <source id="node-EidelwindRigSpine_matrix-output">
        <float_array id="node-EidelwindRigSpine_matrix-output-array" count="496">0.99829 0.05746865 -0.01071071 4.132278 -0.05814254 0.9951063 -0.07989424 -3.151425 0.006066739 0.08038032 0.996746 0 0 0 0 1 0.9982495 0.05562847 -0.02008175 4.132286 -0.05696558 0.995656 -0.07365185 -3.151424 0.01589727 0.07466697 0.9970817 -1.19209e-7 0 0 0 1 0.9983907 0.0483908 -0.0295642 4.132271 -0.0502181 0.9966496 -0.0645582 -3.151424 0.02634108 0.065939 0.9974758 0 0 0 0 1 0.9986242 0.03548872 -0.03860461 4.132286 -0.03752094 0.9978756 -0.05325734 -3.151424 0.03663259 0.05463254 0.9978343 -1.19209e-7 0 0 0 1 0.9987309 0.01942765 -0.04646867 4.132278 -0.02129799 0.998969 -0.04009908 -3.151425 0.0456416 0.04103785 0.9981147 -1.19209e-7 0 0 0 1 0.9986205 0.004390358 -0.05232715 4.132278 -0.005725324 0.9996613 -0.02538973 -3.151424 0.05219781 0.02565431 0.9983073 0 0 0 0 1 0.9984416 -0.005212664 -0.05556315 4.132278 0.004712343 0.9999471 -0.009132087 -3.151423 0.05560773 0.008856058 0.9984133 0 0 0 0 1 0.9984357 -0.005329966 -0.05565184 4.132286 0.005801618 0.9999483 0.008317887 -3.151424 0.05560469 -0.008627772 0.9984152 -1.19209e-7 0 0 0 1 0.9986073 0.004075527 -0.05260151 4.132286 -0.002725064 0.9996659 0.02571916 -3.151424 0.05268847 -0.02553999 0.9982844 1.19209e-7 0 0 0 1 0.9987186 0.01901471 -0.04689985 4.132278 -0.01704746 0.9989725 0.04199403 -3.151423 0.04765009 -0.04114067 0.9980165 -3.57628e-7 0 0 0 1 0.9986222 0.03509932 -0.03901392 4.132271 -0.03287011 0.9978682 0.05638092 -3.151424 0.04090958 -0.05502086 0.9976468 0 0 0 0 1 0.9984038 0.04812103 -0.02956897 4.132278 -0.04601961 0.99662 0.06805163 -3.151423 0.03274357 -0.06658226 0.9972434 -1.19209e-7 0 0 0 1 0.9982737 0.05550336 -0.0192117 4.132286 -0.05388194 0.9956086 0.07655364 -3.151424 0.02337622 -0.07538634 0.9968804 0 0 0 0 1 0.9983105 0.05743849 -0.008784949 4.132278 -0.05653464 0.9950681 0.08150851 -3.151423 0.01342308 -0.08087408 0.996634 0 0 0 0 1 0.9983594 0.05724549 0.00123465 4.132286 -0.05715143 0.9949359 0.0826767 -3.151424 0.003504633 -0.08261162 0.9965756 1.19209e-7 0 0 0 1 0.9982901 0.05747056 0.01069605 4.132286 -0.05814337 0.9951056 0.07990145 -3.151423 -0.006051838 -0.08038669 0.9967452 -1.19209e-7 0 0 0 1 0.9982492 0.05563139 0.02008181 4.132286 -0.05696851 0.9956557 0.07365185 -3.151422 -0.01589715 -0.07466697 0.9970816 0 0 0 0 1 0.998391 0.04839462 0.02954864 4.132278 -0.05022126 0.9966484 0.06457465 -3.151423 -0.02632445 -0.06595474 0.9974752 0 0 0 0 1 0.9986243 0.03548872 0.03860467 4.132278 -0.03752094 0.9978758 0.05325734 -3.151424 -0.03663253 -0.05463254 0.9978343 0 0 0 0 1 0.9987311 0.01944369 0.04645586 4.132278 -0.02131456 0.9989675 0.04012131 -3.151423 -0.04562777 -0.04106056 0.9981142 1.19209e-7 0 0 0 1 0.9986203 0.004390358 0.05232709 4.132286 -0.005725324 0.9996614 0.02538979 -3.151424 -0.05219793 -0.02565431 0.9983071 -1.19209e-7 0 0 0 1 0.9984417 -0.005203545 0.05556052 4.132278 0.004701733 0.9999471 0.009158551 -3.151423 -0.05560535 -0.008883059 0.9984134 0 0 0 0 1 0.9984357 -0.005329906 0.05565196 4.132286 0.005801618 0.9999483 -0.008317887 -3.151423 -0.05560457 0.008627772 0.9984152 1.19209e-7 0 0 0 1 0.998607 0.004052698 0.05260753 4.132286 -0.002703487 0.9996663 -0.02569252 -3.151425 -0.05269402 0.02551448 0.9982848 2.38419e-7 0 0 0 1 0.9987185 0.01901465 0.04690003 4.132286 -0.01704746 0.9989725 -0.04199403 -3.151424 -0.04765021 0.04114067 0.9980164 1.19209e-7 0 0 0 1 0.9986228 0.0350641 0.03902482 4.132278 -0.03283518 0.9978706 -0.05635994 -3.151424 -0.04091805 0.05500096 0.9976476 1.19209e-7 0 0 0 1 0.9984037 0.04812103 0.02956902 4.132278 -0.04601955 0.9966199 -0.06805163 -3.151423 -0.03274381 0.06658226 0.9972434 0 0 0 0 1 0.9982736 0.05549573 0.01922798 4.132278 -0.0538733 0.9956097 -0.07654303 -3.151423 -0.02339136 0.07537502 0.9968807 -1.19209e-7 0 0 0 1 0.9983102 0.05743843 0.008784949 4.132278 -0.05653458 0.9950677 -0.08150845 -3.151422 -0.01342326 0.08087408 0.9966339 0 0 0 0 1 0.9983595 0.05724555 -0.001234531 4.132286 -0.05715149 0.9949364 -0.08267676 -3.151424 -0.003504455 0.08261168 0.9965756 -1.19209e-7 0 0 0 1 0.99829 0.05746865 -0.01071071 4.132278 -0.05814254 0.9951063 -0.07989424 -3.151425 0.006066739 0.08038032 0.996746 0 0 0 0 1</float_array>
        <technique_common>
          <accessor source="#node-EidelwindRigSpine_matrix-output-array" count="31" stride="16">
            <param name="TRANSFORM" type="float4x4"/>
          </accessor>
        </technique_common>
      </source>
      <source id="node-EidelwindRigSpine_matrix-interpolation">
        <Name_array id="node-EidelwindRigSpine_matrix-interpolation-array" count="31">LINEAR LINEAR LINEAR LINEAR LINEAR LINEAR LINEAR LINEAR LINEAR LINEAR LINEAR LINEAR LINEAR LINEAR LINEAR LINEAR LINEAR LINEAR LINEAR LINEAR LINEAR LINEAR LINEAR LINEAR LINEAR LINEAR LINEAR LINEAR LINEAR LINEAR LINEAR</Name_array>
        <technique_common>
          <accessor source="#node-EidelwindRigSpine_matrix-interpolation-array" count="31" stride="1">
            <param name="INTERPOLATION" type="name"/>
          </accessor>
        </technique_common>
      </source>
      <source id="node-EidelwindRigHead_matrix-input">
        <float_array id="node-EidelwindRigHead_matrix-input-array" count="31">0 0.03333333 0.06666667 0.1 0.1333333 0.1666667 0.2 0.2333333 0.2666667 0.3 0.3333333 0.3666667 0.4 0.4333333 0.4666667 0.5 0.5333333 0.5666667 0.6 0.6333333 0.6666667 0.7 0.7333333 0.7666667 0.8 0.8333333 0.8666667 0.9 0.9333333 0.9666667 1</float_array>
        <technique_common>
          <accessor source="#node-EidelwindRigHead_matrix-input-array" count="31" stride="1">
            <param name="TIME" type="float"/>
          </accessor>
        </technique_common>
      </source>
      <source id="node-EidelwindRigHead_matrix-output">
        <float_array id="node-EidelwindRigHead_matrix-output-array" count="496">0.9922856 0.1233401 -0.01250618 7.371788 -0.1239441 0.9891558 -0.07879346 0 0.002652287 0.07973575 0.9968124 0 0 0 0 1 0.9950576 0.0966683 -0.02271187 7.37178 -0.09807646 0.9925417 -0.07240331 -4.76837e-7 0.01554346 0.07427299 0.9971171 0 0 0 0 1 0.9974634 0.06398361 -0.03119218 7.371796 -0.06587332 0.9957812 -0.0638796 0 0.02697342 0.06577235 0.9974699 0 0 0 0 1 0.9987614 0.03217405 -0.03795343 7.371788 -0.0341798 0.9979861 -0.05343985 4.76837e-7 0.03615754 0.05467087 0.9978497 0 0 0 0 1 0.9990591 0.004889369 -0.04309207 7.371788 -0.006661057 0.9991341 -0.04106611 0 0.04285401 0.04131454 0.9982268 0 0 0 0 1 0.9987972 -0.01534903 -0.04656881 7.371796 0.0141071 0.999539 -0.02688026 0 0.04696005 0.02619093 0.9985533 -4.76837e-7 0 0 0 1 0.9984733 -0.02668249 -0.04836511 7.371788 0.0261861 0.9995982 -0.01086759 0 0.0486356 0.009584486 0.9987707 0 0 0 0 1 0.9984679 -0.02678942 -0.04842305 7.371788 0.02713966 0.9996101 0.006589174 -9.53674e-7 0.04822754 -0.007893204 0.9988054 -4.76837e-7 0 0 0 1 0.9987837 -0.01562881 -0.04676371 7.37178 0.0167762 0.9995653 0.02424561 0 0.0463646 -0.02500063 0.9986117 4.76837e-7 0 0 0 1 0.9990464 0.004514396 -0.04343032 7.371773 -0.002730548 0.9991535 0.04104506 0 0.04357892 -0.04088735 0.9982131 4.76837e-7 0 0 0 1 0.9987591 0.03179025 -0.03833401 7.371788 -0.02960824 0.9979802 0.05620402 0 0.04004329 -0.05499929 0.9976832 0 0 0 0 1 0.9974785 0.06366592 -0.03135997 7.37178 -0.06139564 0.9957466 0.06869608 0 0.0356003 -0.06659752 0.9971446 0 0 0 0 1 0.9950859 0.09646308 -0.02233785 7.371788 -0.09446799 0.9924927 0.07767736 0 0.02966326 -0.07518541 0.9967282 0 0 0 0 1 0.9923098 0.1232491 -0.01144707 7.371788 -0.1219029 0.9891197 0.0823518 0 0.02147245 -0.08032304 0.9965375 0 0 0 0 1 0.990916 0.1344825 7.13216e-4 7.37178 -0.1340824 0.9875295 0.08250939 0 0.01039159 -0.08185553 0.9965901 0 0 0 0 1 0.992282 0.1233707 0.01248872 7.371788 -0.1239732 0.9891516 0.07880169 0 -0.002631247 -0.07974177 0.9968119 0 0 0 0 1 0.9950579 0.09666544 0.02271157 7.371788 -0.0980736 0.9925418 0.07240343 -4.76837e-7 -0.01554328 -0.07427299 0.9971169 0 0 0 0 1 0.9974596 0.06404757 0.03118205 7.371788 -0.06593686 0.995776 0.06389379 0 -0.0269581 -0.06578755 0.9974695 2.38419e-7 0 0 0 1 0.9987613 0.03217405 0.03795337 7.37178 -0.0341798 0.9979857 0.05343979 4.76837e-7 -0.0361576 -0.05467087 0.9978495 0 0 0 0 1 0.999059 0.004936277 0.0430876 7.371788 -0.006708621 0.9991331 0.04108607 0 -0.04284733 -0.04133647 0.9982259 -4.76837e-7 0 0 0 1 0.9987972 -0.01534903 0.04656887 7.371796 0.01410716 0.999539 0.02688026 0 -0.04695993 -0.02619099 0.9985533 0 0 0 0 1 0.9984736 -0.02667361 0.04836344 7.371788 0.02617597 0.9995979 0.01089394 0 -0.0486344 -0.009611368 0.9987703 0 0 0 0 1 0.9984679 -0.02678942 0.04842287 7.371788 0.02713966 0.9996101 -0.006589114 0 -0.0482276 0.007893204 0.9988054 0 0 0 0 1 0.9987832 -0.01565116 0.04676842 7.371788 0.01679748 0.9995654 -0.02421873 0 -0.04636901 0.02497482 0.9986121 0 0 0 0 1 0.9990464 0.004514396 0.04343026 7.37178 -0.002730548 0.9991535 -0.04104506 0 -0.04357892 0.04088735 0.9982131 0 0 0 0 1 0.9987598 0.03175497 0.03834551 7.371788 -0.0295732 0.9979823 -0.05618298 0 -0.04005223 0.05497932 0.9976838 0 0 0 0 1 0.9974787 0.06366592 0.03135991 7.37178 -0.06139564 0.9957467 -0.06869614 9.53674e-7 -0.03560018 0.06659752 0.9971448 0 0 0 0 1 0.9950901 0.09641522 0.02235364 7.371796 -0.09441936 0.9924984 -0.07766658 -4.76837e-7 -0.02967429 0.07517462 0.9967287 0 0 0 0 1 0.9923098 0.1232491 0.01144701 7.371788 -0.1219029 0.9891198 -0.0823518 0 -0.02147221 0.0803231 0.9965375 0 0 0 0 1 0.9909157 0.1344825 -7.13211e-4 7.37178 -0.1340823 0.9875292 -0.08250939 0 -0.01039177 0.08185547 0.99659 0 0 0 0 1 0.9922856 0.1233401 -0.01250618 7.371788 -0.1239441 0.9891558 -0.07879346 0 0.002652287 0.07973575 0.9968124 0 0 0 0 1</float_array>
        <technique_common>
          <accessor source="#node-EidelwindRigHead_matrix-output-array" count="31" stride="16">
            <param name="TRANSFORM" type="float4x4"/>
          </accessor>
        </technique_common>
      </source>
      <source id="node-EidelwindRigHead_matrix-interpolation">
        <Name_array id="node-EidelwindRigHead_matrix-interpolation-array" count="31">LINEAR LINEAR LINEAR LINEAR LINEAR LINEAR LINEAR LINEAR LINEAR LINEAR LINEAR LINEAR LINEAR LINEAR LINEAR LINEAR LINEAR LINEAR LINEAR LINEAR LINEAR LINEAR LINEAR LINEAR LINEAR LINEAR LINEAR LINEAR LINEAR LINEAR LINEAR</Name_array>
        <technique_common>
          <accessor source="#node-EidelwindRigHead_matrix-interpolation-array" count="31" stride="1">
            <param name="INTERPOLATION" type="name"/>
          </accessor>
        </technique_common>
      </source>
      <source id="node-EidelwindRigHair1_matrix-input">
        <float_array id="node-EidelwindRigHair1_matrix-input-array" count="31">0 0.03333333 0.06666667 0.1 0.1333333 0.1666667 0.2 0.2333333 0.2666667 0.3 0.3333333 0.3666667 0.4 0.4333333 0.4666667 0.5 0.5333333 0.5666667 0.6 0.6333333 0.6666667 0.7 0.7333333 0.7666667 0.8 0.8333333 0.8666667 0.9 0.9333333 0.9666667 1</float_array>
        <technique_common>
          <accessor source="#node-EidelwindRigHair1_matrix-input-array" count="31" stride="1">
            <param name="TIME" type="float"/>
          </accessor>
        </technique_common>
      </source>
      <source id="node-EidelwindRigHair1_matrix-output">
        <float_array id="node-EidelwindRigHair1_matrix-output-array" count="496">-0.8636382 0.5026108 0.0388804 10.64077 -0.4983472 -0.8628491 0.0845074 -8.99621 0.07602244 0.05360776 0.9956642 -2.38419e-7 0 0 0 1 -0.8702189 0.4910391 0.03999602 10.64077 -0.4869452 -0.8696113 0.08161151 -8.996209 0.07485556 0.05154395 0.9958614 -4.76837e-7 0 0 0 1 -0.8857499 0.4624139 0.04025548 10.64076 -0.4588654 -0.8854073 0.07413899 -8.996208 0.06992548 0.04719674 0.9964352 4.76837e-7 0 0 0 1 -0.9053078 0.4229571 0.03904873 10.64078 -0.4201849 -0.9052238 0.06335806 -8.996211 0.06214565 0.04095083 0.9972267 0 0 0 0 1 -0.9245762 0.3792967 0.03595364 10.64076 -0.3773755 -0.9246815 0.05051523 -8.996209 0.05240589 0.03313714 0.9980759 -1.90735e-6 0 0 0 1 -0.940389 0.3386868 0.03097534 10.64076 -0.3375505 -0.9405912 0.03670662 -8.99621 0.0415672 0.02406281 0.9988458 0 0 0 0 1 -0.9508061 0.3088027 0.02467072 10.64075 -0.3082833 -0.9510229 0.02273684 -8.996212 0.0304836 0.01401275 0.9994371 9.53674e-7 0 0 0 1 -0.9545668 0.2974457 0.01811218 10.64075 -0.297325 -0.9547331 0.00909233 -8.99621 0.01999694 0.003293931 0.9997947 -1.90735e-6 0 0 0 1 -0.951645 0.3070203 0.010499 10.64077 -0.3070809 -0.9516721 -0.004693925 -8.996211 0.008550643 -0.007691025 0.999934 -9.53674e-7 0 0 0 1 -0.9434584 0.3314887 0.001173973 10.64077 -0.3314493 -0.9432786 -0.01915115 -8.996209 -0.005240797 -0.01845753 0.999816 9.53674e-7 0 0 0 1 -0.9307503 0.3655579 -0.008428573 10.64075 -0.3650938 -0.9303511 -0.03394907 -8.996213 -0.02025204 -0.02852088 0.999388 -1.90735e-6 0 0 0 1 -0.9146394 0.4039037 -0.01721554 10.64076 -0.4027248 -0.914036 -0.04848253 -8.996209 -0.03531801 -0.03741085 0.9986757 -4.76837e-7 0 0 0 1 -0.8969692 0.4414126 -0.02451771 10.64077 -0.4393388 -0.8961902 -0.06184566 -8.996211 -0.04927194 -0.04470211 0.9977846 0 0 0 0 1 -0.8804055 0.4732673 -0.03006678 10.64075 -0.4702899 -0.8794969 -0.07288599 -8.996208 -0.06093835 -0.05002903 0.996887 0 0 0 0 1 -0.8682224 0.4950142 -0.03392034 10.64076 -0.4913282 -0.8672618 -0.08033233 -8.996211 -0.06918358 -0.05308032 0.9961908 -6.25849e-7 0 0 0 1 -0.863839 0.5024693 -0.03614968 10.64075 -0.4984704 -0.8629307 -0.08293318 -8.996209 -0.07286608 -0.05362135 0.9958993 4.76837e-7 0 0 0 1 -0.8691463 0.4931626 -0.03708648 10.64076 -0.4893226 -0.8684088 -0.0801866 -8.996212 -0.07175117 -0.05154669 0.9960898 0 0 0 0 1 -0.8818597 0.470062 -0.03694379 10.64075 -0.4667419 -0.881372 -0.07304233 -8.99621 -0.06689566 -0.04716992 0.9966444 4.76837e-7 0 0 0 1 -0.8985621 0.4374217 -0.03532755 10.64078 -0.4348465 -0.8983268 -0.06258797 -8.996209 -0.05911296 -0.04087716 0.997414 0 0 0 0 1 -0.9160838 0.3997137 -0.0319193 10.64076 -0.3979578 -0.916045 -0.04990863 -8.996208 -0.04918879 -0.03301793 0.9982435 0 0 0 0 1 -0.9318848 0.3617714 -0.02668327 10.64076 -0.3607699 -0.9319599 -0.03599476 -8.996209 -0.03788965 -0.02391642 0.9989956 0 0 0 0 1 -0.9442036 0.3287562 -0.01996654 10.64077 -0.3283365 -0.9443128 -0.02164697 -8.996207 -0.02597111 -0.01388347 0.9995663 1.90735e-6 0 0 0 1 -0.9519503 0.3059964 -0.01251173 10.64076 -0.3059236 -0.9520272 -0.007423639 -8.996211 -0.01418304 -0.003239333 0.9998942 -1.90735e-6 0 0 0 1 -0.9544044 0.2984675 -0.005442202 10.64075 -0.2984988 -0.9543895 0.006302356 -8.996207 -0.003312826 0.007639467 0.9999654 0 0 0 0 1 -0.9502311 0.3115376 0.002219557 10.64077 -0.3114334 -0.9500564 0.02004224 -8.996209 0.008352577 0.01835352 0.9997967 -9.53674e-7 0 0 0 1 -0.9394636 0.3424682 0.01110416 10.64075 -0.3419299 -0.9390994 0.03429734 -8.996212 0.02217358 0.02842426 0.99935 -9.53674e-7 0 0 0 1 -0.9233396 0.3834804 0.01966261 10.64076 -0.3822187 -0.9227935 0.04859143 -8.99621 0.03677856 0.03735089 0.9986253 0 0 0 0 1 -0.9038885 0.4269227 0.02687627 10.64077 -0.4247444 -0.9031835 0.06205922 -8.996213 0.05076867 0.0446791 0.9977106 -9.53674e-7 0 0 0 1 -0.8844116 0.4655881 0.03230524 10.64075 -0.4624706 -0.8835864 0.07345539 -8.996209 0.06274443 0.05002456 0.9967752 0 0 0 0 1 -0.8693681 0.4928513 0.03600108 10.64077 -0.4889884 -0.8684931 0.08130067 -8.996211 0.07133579 0.05307614 0.9960391 -8.9407e-7 0 0 0 1 -0.8636927 0.5025727 0.03815412 10.64077 -0.4983801 -0.8628711 0.08408832 -8.99621 0.07518273 0.05361109 0.9957277 -2.38419e-7 0 0 0 1</float_array>
        <technique_common>
          <accessor source="#node-EidelwindRigHair1_matrix-output-array" count="31" stride="16">
            <param name="TRANSFORM" type="float4x4"/>
          </accessor>
        </technique_common>
      </source>
      <source id="node-EidelwindRigHair1_matrix-interpolation">
        <Name_array id="node-EidelwindRigHair1_matrix-interpolation-array" count="31">LINEAR LINEAR LINEAR LINEAR LINEAR LINEAR LINEAR LINEAR LINEAR LINEAR LINEAR LINEAR LINEAR LINEAR LINEAR LINEAR LINEAR LINEAR LINEAR LINEAR LINEAR LINEAR LINEAR LINEAR LINEAR LINEAR LINEAR LINEAR LINEAR LINEAR LINEAR</Name_array>
        <technique_common>
          <accessor source="#node-EidelwindRigHair1_matrix-interpolation-array" count="31" stride="1">
            <param name="INTERPOLATION" type="name"/>
          </accessor>
        </technique_common>
      </source>
      <source id="node-EidelwindRigHair2_matrix-input">
        <float_array id="node-EidelwindRigHair2_matrix-input-array" count="31">0 0.03333333 0.06666667 0.1 0.1333333 0.1666667 0.2 0.2333333 0.2666667 0.3 0.3333333 0.3666667 0.4 0.4333333 0.4666667 0.5 0.5333333 0.5666667 0.6 0.6333333 0.6666667 0.7 0.7333333 0.7666667 0.8 0.8333333 0.8666667 0.9 0.9333333 0.9666667 1</float_array>
        <technique_common>
          <accessor source="#node-EidelwindRigHair2_matrix-input-array" count="31" stride="1">
            <param name="TIME" type="float"/>
          </accessor>
        </technique_common>
      </source>
      <source id="node-EidelwindRigHair2_matrix-output">
        <float_array id="node-EidelwindRigHair2_matrix-output-array" count="496">0.9754226 0.1560938 -0.1555172 18.35634 -0.1544774 0.9877403 0.02250081 0 0.1571228 0.002076029 0.9875769 0 0 0 0 1 0.9744192 0.1593713 -0.1584541 18.35634 -0.1571245 0.9872182 0.02668958 0 0.1606825 -0.001109898 0.9870055 1.01328e-6 0 0 0 1 0.9749559 0.1590027 -0.1554983 18.35635 -0.1565119 0.9872733 0.02821171 3.8147e-6 0.158005 -0.003167867 0.9874333 0 0 0 0 1 0.976354 0.1583433 -0.1471751 18.35635 -0.155924 0.9873746 0.02790617 0 0.1497357 -0.00429815 0.9887167 0 0 0 0 1 0.9778593 0.1608523 -0.1338572 18.35634 -0.1586958 0.9869666 0.0266987 3.8147e-6 0.136407 -0.004864931 0.990641 0 0 0 0 1 0.9786666 0.1697958 -0.1156764 18.35634 -0.1680002 0.9854654 0.02517139 3.8147e-6 0.1182691 -0.005200743 0.992968 -9.53674e-7 0 0 0 1 0.9776853 0.1885515 -0.09262967 18.35635 -0.187166 0.9820472 0.02350288 3.8147e-6 0.09539818 -0.005641281 0.9954233 -9.53674e-7 0 0 0 1 0.9732711 0.2203923 -0.06457889 18.35634 -0.2194686 0.97539 0.02115392 0 0.06765174 -0.006415486 0.9976884 9.53674e-7 0 0 0 1 0.9634946 0.265542 -0.03413802 18.35635 -0.2651152 0.9640746 0.0165534 0 0.03730738 -0.006898581 0.99928 1.90735e-6 0 0 0 1 0.9479774 0.3183062 -0.004465937 18.35634 -0.3182654 0.947968 0.007991969 0 0.006777644 -0.006154894 0.9999581 2.86102e-6 0 0 0 1 0.9271183 0.3740341 0.023467 18.35635 -0.3740204 0.9274066 -0.005131304 0 -0.02368265 -0.004019737 0.9997115 -9.53674e-7 0 0 0 1 0.9022439 0.4284887 0.04850643 18.35633 -0.4279075 0.9035467 -0.02231949 -3.8147e-6 -0.05339175 -6.18688e-4 0.9985734 -2.86102e-6 0 0 0 1 0.875744 0.4777143 0.06972414 18.35635 -0.4758825 0.878508 -0.04194575 0 -0.08129125 0.003553211 0.9966841 1.90735e-6 0 0 0 1 0.8507362 0.5184264 0.08650165 18.35635 -0.5148257 0.8550872 -0.06148958 0 -0.1058442 0.007778167 0.9943522 0 0 0 0 1 0.8308398 0.5476732 0.09879094 18.35634 -0.5422182 0.8366181 -0.07791155 0 -0.1253203 0.01116579 0.9920536 0 0 0 0 1 0.8200942 0.5622033 0.1066451 18.35635 -0.5554494 0.8269005 -0.08781701 0 -0.1375557 0.01278227 0.9904116 1.19209e-7 0 0 0 1 0.8226048 0.5579696 0.1095044 18.35634 -0.5510915 0.8297716 -0.08818817 0 -0.1400702 0.01219701 0.9900663 0 0 0 0 1 0.8370645 0.5365931 0.1067303 18.35634 -0.5307357 0.8437812 -0.07970625 3.8147e-6 -0.1328269 0.01007372 0.991088 0 0 0 0 1 0.8599796 0.5007987 0.09816277 18.35635 -0.4966105 0.8655344 -0.06502866 0 -0.1175295 0.00717467 0.9930436 0 0 0 0 1 0.8874738 0.4532237 0.08353596 18.35634 -0.4507659 0.891386 -0.04733651 3.8147e-6 -0.09591698 0.004354715 0.9953798 -9.53674e-7 0 0 0 1 0.9157463 0.3968113 0.06284189 18.35634 -0.3956954 0.9178966 -0.02983927 3.8147e-6 -0.06952297 0.00245893 0.9975772 0 0 0 0 1 0.9415052 0.3350178 0.03649067 18.35635 -0.3346759 0.9422094 -0.01528638 0 -0.03950321 0.002179682 0.9992171 0 0 0 0 1 0.9623058 0.271918 0.005269169 18.35634 -0.2718899 0.9623126 -0.005492687 3.8147e-6 -0.006564199 0.003853023 0.999971 -9.53674e-7 0 0 0 1 0.9763849 0.2139951 -0.02963823 18.35635 -0.2141109 0.976809 -7.56312e-4 0 0.02878904 0.00708431 0.9995604 0 0 0 0 1 0.9831444 0.1710529 -0.06455826 18.35634 -0.1713769 0.9852052 5.26022e-4 0 0.06369322 0.01054662 0.9979138 0 0 0 0 1 0.984701 0.1451058 -0.09648245 18.35634 -0.1456882 0.98933 0.001018285 0 0.09560066 0.01305359 0.9953342 -9.53674e-7 0 0 0 1 0.9832022 0.1329287 -0.1250735 18.35635 -0.1336348 0.9910268 0.002764701 0 0.124319 0.01399582 0.9921438 2.86102e-6 0 0 0 1 0.979977 0.1311538 -0.1498139 18.35635 -0.1316192 0.991277 0.006848454 -3.8147e-6 0.1494053 0.01300698 0.9886907 0 0 0 0 1 0.9759526 0.1363981 -0.1700375 18.35635 -0.136129 0.9906023 0.01329565 0 0.170253 0.01017105 0.9853481 4.76837e-7 0 0 0 1 0.971917 0.1453151 -0.1850984 18.35635 -0.1438928 0.9893671 0.02116805 -3.8147e-6 0.1862064 0.006060659 0.982492 -4.76837e-7 0 0 0 1 0.9687934 0.1539277 -0.1942821 18.35635 -0.1512848 0.9880806 0.02845919 0 0.196347 0.001820743 0.9805328 1.19209e-7 0 0 0 1</float_array>
        <technique_common>
          <accessor source="#node-EidelwindRigHair2_matrix-output-array" count="31" stride="16">
            <param name="TRANSFORM" type="float4x4"/>
          </accessor>
        </technique_common>
      </source>
      <source id="node-EidelwindRigHair2_matrix-interpolation">
        <Name_array id="node-EidelwindRigHair2_matrix-interpolation-array" count="31">LINEAR LINEAR LINEAR LINEAR LINEAR LINEAR LINEAR LINEAR LINEAR LINEAR LINEAR LINEAR LINEAR LINEAR LINEAR LINEAR LINEAR LINEAR LINEAR LINEAR LINEAR LINEAR LINEAR LINEAR LINEAR LINEAR LINEAR LINEAR LINEAR LINEAR LINEAR</Name_array>
        <technique_common>
          <accessor source="#node-EidelwindRigHair2_matrix-interpolation-array" count="31" stride="1">
            <param name="INTERPOLATION" type="name"/>
          </accessor>
        </technique_common>
      </source>
      <source id="node-EidelwindRigHair3_matrix-input">
        <float_array id="node-EidelwindRigHair3_matrix-input-array" count="31">0 0.03333333 0.06666667 0.1 0.1333333 0.1666667 0.2 0.2333333 0.2666667 0.3 0.3333333 0.3666667 0.4 0.4333333 0.4666667 0.5 0.5333333 0.5666667 0.6 0.6333333 0.6666667 0.7 0.7333333 0.7666667 0.8 0.8333333 0.8666667 0.9 0.9333333 0.9666667 1</float_array>
        <technique_common>
          <accessor source="#node-EidelwindRigHair3_matrix-input-array" count="31" stride="1">
            <param name="TIME" type="float"/>
          </accessor>
        </technique_common>
      </source>
      <source id="node-EidelwindRigHair3_matrix-output">
        <float_array id="node-EidelwindRigHair3_matrix-output-array" count="496">0.9936231 0.1081139 0.03201383 12.90224 -0.107413 0.9939517 -0.02286398 0 -0.03429216 0.01927947 0.999226 0 0 0 0 1 0.9930046 0.115692 0.02360767 12.90224 -0.1152944 0.9931761 -0.01756381 0 -0.02547848 0.01471906 0.999567 1.90735e-6 0 0 0 1 0.9919407 0.1260097 0.01323759 12.90224 -0.1258708 0.9919875 -0.01084458 0 -0.01449793 0.0090909 0.9998536 0 0 0 0 1 0.990522 0.1373445 0.001643419 12.90224 -0.1373378 0.9905178 -0.003664553 0 -0.002131104 0.00340408 0.999992 -9.53674e-7 0 0 0 1 0.988929 0.1480163 -0.01051509 12.90224 -0.1479891 0.9889835 0.003312349 0 0.01088958 -0.001719594 0.9999392 0 0 0 0 1 0.9874882 0.1560679 -0.02258092 12.90225 -0.1558848 0.9877278 0.009665429 0 0.02381229 -0.006024479 0.9996983 9.53674e-7 0 0 0 1 0.9865956 0.1595937 -0.0340451 12.90224 -0.1591503 0.9871347 0.01537984 0 0.0360617 -0.009755432 0.999302 -2.38419e-7 0 0 0 1 0.9866545 0.1566272 -0.04450738 12.90224 -0.1558378 0.9875653 0.02070575 -3.8147e-6 0.04719692 -0.01349347 0.9987944 -9.53674e-7 0 0 0 1 0.9876329 0.1472412 -0.0538634 12.90224 -0.1460135 0.9889389 0.02608048 0 0.05710792 -0.01789313 0.9982078 0 0 0 0 1 0.9890921 0.1335561 -0.06212627 12.90224 -0.1317769 0.9907653 0.0319221 -1.90735e-6 0.06581598 -0.02338707 0.9975576 -9.53674e-7 0 0 0 1 0.9906454 0.1176554 -0.06913107 12.90224 -0.1152113 0.9926005 0.03835254 -1.90735e-6 0.07313203 -0.03002905 0.9968701 9.53674e-7 0 0 0 1 0.9920129 0.101723 -0.07458162 12.90224 -0.09854739 0.9941098 0.04509943 -1.90735e-6 0.07872986 -0.03738945 0.9961946 -1.90735e-6 0 0 0 1 0.9930922 0.08769482 -0.07795619 12.90224 -0.08382391 0.9951425 0.05161845 -9.53674e-7 0.0821042 -0.04472732 0.9956195 0 0 0 0 1 0.9938766 0.07759845 -0.07866382 12.90225 -0.07321882 0.9956793 0.05711197 9.53674e-7 0.08275586 -0.05100256 0.9952639 9.53674e-7 0 0 0 1 0.9944115 0.07330262 -0.07597523 12.90224 -0.0687654 0.9957839 0.06070905 9.53674e-7 0.08010494 -0.05514532 0.9952597 0 0 0 0 1 0.9946632 0.07614612 -0.06961905 12.90224 -0.07189768 0.9955068 0.06162083 0 0.07399839 -0.05628651 0.9956688 9.53674e-7 0 0 0 1 0.994602 0.0848366 -0.05974566 12.90224 -0.08126097 0.9948896 0.05993306 0 0.06452506 -0.05475449 0.996413 -9.53674e-7 0 0 0 1 0.9941206 0.09747773 -0.0471425 12.90224 -0.09478485 0.9939025 0.0563367 9.53674e-7 0.0523467 -0.05153709 0.9972984 0 0 0 0 1 0.9931426 0.1121928 -0.03287541 12.90224 -0.1104241 0.9925535 0.05141848 -9.53674e-7 0.03839939 -0.04743564 0.9981359 4.76837e-7 0 0 0 1 0.9917298 0.1270767 -0.01798284 12.90224 -0.1261485 0.9909569 0.04572385 1.90735e-6 0.02363061 -0.04307723 0.9987923 -9.53674e-7 0 0 0 1 0.9901234 0.1401564 -0.003422439 12.90224 -0.1399127 0.9893694 0.03965008 0 0.0089432 -0.03877961 0.9992077 -5.96046e-7 0 0 0 1 0.9887292 0.1493831 0.009961545 12.90224 -0.1496361 0.9881775 0.03337973 0 -0.00485742 -0.0344941 0.9993932 4.76837e-7 0 0 0 1 0.9880356 0.1527236 0.02147269 12.90224 -0.1532743 0.9878176 0.02688914 0 -0.01710462 -0.02985864 0.9994077 -9.53674e-7 0 0 0 1 0.9881955 0.1500607 0.03084981 12.90225 -0.1507191 0.9883695 0.02024567 0 -0.027453 -0.02465629 0.9993189 0 0 0 0 1 0.9889615 0.1431702 0.03817743 12.90224 -0.1437759 0.9895167 0.01360881 0 -0.03582864 -0.0189476 0.9991784 9.53674e-7 0 0 0 1 0.9900499 0.1338115 0.04354017 12.90224 -0.1342509 0.9909204 0.007314801 0 -0.04216605 -0.01308733 0.9990249 0 0 0 0 1 0.9912111 0.1236689 0.04697489 12.90224 -0.123892 0.9922939 0.001857519 0 -0.04638308 -0.007661044 0.9988944 1.90735e-6 0 0 0 1 0.9922541 0.1143968 0.04842549 12.90224 -0.1144261 0.9934294 -0.002172768 0 -0.04835605 -0.003385126 0.9988245 0 0 0 0 1 0.9930403 0.1076764 0.04771155 12.90224 -0.1076005 0.9941854 -0.004163503 0 -0.04788255 -9.99212e-4 0.9988524 -1.90735e-6 0 0 0 1 0.993446 0.1052783 0.04451239 12.90224 -0.1052244 0.994442 -0.003560006 -3.8147e-6 -0.04464006 -0.001147031 0.9990025 -1.90735e-6 0 0 0 1 0.9933431 0.1084925 0.03872072 12.90224 -0.108565 0.9940896 -2.31899e-4 0 -0.03851711 -0.003973364 0.9992501 -1.90735e-6 0 0 0 1</float_array>
        <technique_common>
          <accessor source="#node-EidelwindRigHair3_matrix-output-array" count="31" stride="16">
            <param name="TRANSFORM" type="float4x4"/>
          </accessor>
        </technique_common>
      </source>
      <source id="node-EidelwindRigHair3_matrix-interpolation">
        <Name_array id="node-EidelwindRigHair3_matrix-interpolation-array" count="31">LINEAR LINEAR LINEAR LINEAR LINEAR LINEAR LINEAR LINEAR LINEAR LINEAR LINEAR LINEAR LINEAR LINEAR LINEAR LINEAR LINEAR LINEAR LINEAR LINEAR LINEAR LINEAR LINEAR LINEAR LINEAR LINEAR LINEAR LINEAR LINEAR LINEAR LINEAR</Name_array>
        <technique_common>
          <accessor source="#node-EidelwindRigHair3_matrix-interpolation-array" count="31" stride="1">
            <param name="INTERPOLATION" type="name"/>
          </accessor>
        </technique_common>
      </source>
      <source id="node-EidelwindRigHeadFrontBangR1_matrix-input">
        <float_array id="node-EidelwindRigHeadFrontBangR1_matrix-input-array" count="31">0 0.03333333 0.06666667 0.1 0.1333333 0.1666667 0.2 0.2333333 0.2666667 0.3 0.3333333 0.3666667 0.4 0.4333333 0.4666667 0.5 0.5333333 0.5666667 0.6 0.6333333 0.6666667 0.7 0.7333333 0.7666667 0.8 0.8333333 0.8666667 0.9 0.9333333 0.9666667 1</float_array>
        <technique_common>
          <accessor source="#node-EidelwindRigHeadFrontBangR1_matrix-input-array" count="31" stride="1">
            <param name="TIME" type="float"/>
          </accessor>
        </technique_common>
      </source>
      <source id="node-EidelwindRigHeadFrontBangR1_matrix-output">
        <float_array id="node-EidelwindRigHeadFrontBangR1_matrix-output-array" count="496">-0.9975625 -0.06978166 -1.01518e-4 11.09028 -0.06978172 0.9975613 0.001451313 8.268123 0 0.001454889 -0.999999 -12.28883 0 0 0 1 -0.9989909 -0.04163753 -0.016837 11.09026 -0.04165613 0.9991318 7.54108e-4 8.268122 0.01679098 0.00145471 -0.9998581 -12.28883 0 0 0 1 -0.9993072 -0.009335458 -0.03603023 11.09026 -0.009381771 0.9999555 0.001116693 8.268122 0.03601825 0.001453936 -0.9993501 -12.28883 0 0 0 1 -0.9981778 0.02297717 -0.05579376 11.09029 0.02286022 0.9997348 0.002733051 8.268124 0.0558418 0.001452624 -0.9984385 -12.28883 0 0 0 1 -0.9959268 0.05114829 -0.07425427 11.09026 0.05089861 0.9986901 0.005251705 8.268125 0.07442563 0.001450836 -0.9972255 -12.28884 0 0 0 1 -0.9934387 0.07105439 -0.08961355 11.09028 0.07063651 0.9974713 0.007830381 8.268123 0.0899434 0.001448988 -0.9959457 -12.28883 0 0 0 1 -0.9918619 0.07860493 -0.1001561 11.09027 0.07806134 0.9969047 0.009341835 8.268124 0.1005804 0.001447498 -0.9949279 -12.28883 0 0 0 1 -0.9919603 0.07188034 -0.1041547 11.09026 0.07133579 0.9974123 0.008948802 8.268124 0.1045286 0.001446902 -0.994521 -12.28884 0 0 0 1 -0.9933474 0.05411791 -0.1016471 11.09027 0.05368918 0.9985339 0.006950914 8.268126 0.1018744 0.001447319 -0.9947963 -12.28883 0 0 0 1 -0.9951203 0.02897214 -0.09432047 11.09027 0.02870613 0.9995792 0.004176378 8.268123 0.09440171 0.001448392 -0.9955332 -12.28883 0 0 0 1 -0.9965626 1.20615e-4 -0.08284288 11.09027 0 0.999999 0.001454889 8.268126 0.08284294 0.001449882 -0.9965616 -12.28884 0 0 0 1 -0.9972752 -0.02873593 -0.06794369 11.09027 -0.02876812 0.9995859 -5.04434e-4 8.268121 0.06793022 0.001451551 -0.997689 -12.28883 0 0 0 1 -0.9972737 -0.05389648 -0.05040425 11.09028 -0.05390119 0.9985457 -0.001267194 8.268123 0.05039924 0.001453042 -0.9987281 -12.28883 0 0 0 1 -0.9969452 -0.07168346 -0.03101652 11.09026 -0.07169407 0.9974265 -7.71851e-4 8.268124 0.03099209 0.001454174 -0.9995186 -12.28883 0 0 0 1 -0.9968629 -0.07844376 -0.01053816 11.09027 -0.07845473 0.9969175 6.30048e-4 8.268122 0.01045626 0.00145483 -0.9999444 -12.28884 0 0 0 1 -0.9975079 -0.06979686 0.01032924 11.09026 -0.06977796 0.9975603 0.002180993 8.268118 -0.01045626 0.00145483 -0.9999443 -12.28883 0 0 0 1 -0.9983972 -0.0474258 0.03088831 11.09026 -0.04735809 0.9988738 0.0029217 8.268123 -0.03099209 0.001454174 -0.9995186 -12.28884 0 0 0 1 -0.9985897 -0.01678788 0.05036783 11.09028 -0.01669335 0.999858 0.002297103 8.26812 -0.05039924 0.001453042 -0.9987282 -12.28883 0 0 0 1 -0.9975506 0.01661592 0.06794488 11.09027 0.01667612 0.9998608 3.19277e-4 8.268124 -0.06793016 0.001451551 -0.9976889 -12.28883 0 0 0 1 -0.9954434 0.04726052 0.08281874 11.09027 0.04721814 0.9988813 -0.002471864 8.26812 -0.082843 0.001449882 -0.9965614 -12.28883 0 0 0 1 -0.9931074 0.06964486 0.09427297 11.09027 0.06947028 0.9975708 -0.005136132 8.268122 -0.09440177 0.001448392 -0.995533 -12.28883 0 0 0 1 -0.9917306 0.07831132 0.1016743 11.09027 0.07805097 0.9969278 -0.006542503 8.26812 -0.1018743 0.001447319 -0.9947963 -12.28883 0 0 0 1 -0.9919603 0.07157695 0.1043636 11.09027 0.07133579 0.9974341 -0.006046473 8.268122 -0.1045283 0.001446902 -0.994521 -12.28883 0 0 0 1 -0.9933881 0.05382245 0.1014073 11.09027 0.05369138 0.9985495 -0.004023849 8.268121 -0.1014768 0.001447379 -0.9948369 -12.28883 0 0 0 1 -0.99524 0.02869945 0.09313404 11.09027 0.02870959 0.9995871 -0.001231074 8.268122 -0.09313082 0.001448571 -0.9956529 -12.28883 0 0 0 1 -0.9967384 -1.17315e-4 0.0807017 11.09027 0 0.999999 0.001454889 8.268124 -0.08070182 0.001450121 -0.9967373 -12.28884 0 0 0 1 -0.9974441 -0.02892982 0.06533396 11.09027 -0.028773 0.9995803 0.003340184 8.268122 -0.06540304 0.00145179 -0.9978579 -12.28883 0 0 0 1 -0.9973697 -0.05404013 0.04830557 11.09028 -0.05390638 0.9985377 0.004067838 8.268124 -0.04845482 0.001453161 -0.9988243 -12.28883 0 0 0 1 -0.9969423 -0.07177358 0.03089916 11.09026 -0.07169389 0.9974199 0.003680706 8.268122 -0.03108364 0.001454174 -0.9995158 -12.28883 0 0 0 1 -0.9968122 -0.07847994 0.01436221 11.09029 -0.07845073 0.9969146 0.002589702 8.268123 -0.01452118 0.00145471 -0.9998934 -12.28883 0 0 0 1 -0.9975625 -0.06978166 -1.01518e-4 11.09028 -0.06978178 0.9975613 0.001451313 8.268123 0 0.001454889 -0.999999 -12.28883 0 0 0 1</float_array>
        <technique_common>
          <accessor source="#node-EidelwindRigHeadFrontBangR1_matrix-output-array" count="31" stride="16">
            <param name="TRANSFORM" type="float4x4"/>
          </accessor>
        </technique_common>
      </source>
      <source id="node-EidelwindRigHeadFrontBangR1_matrix-interpolation">
        <Name_array id="node-EidelwindRigHeadFrontBangR1_matrix-interpolation-array" count="31">LINEAR LINEAR LINEAR LINEAR LINEAR LINEAR LINEAR LINEAR LINEAR LINEAR LINEAR LINEAR LINEAR LINEAR LINEAR LINEAR LINEAR LINEAR LINEAR LINEAR LINEAR LINEAR LINEAR LINEAR LINEAR LINEAR LINEAR LINEAR LINEAR LINEAR LINEAR</Name_array>
        <technique_common>
          <accessor source="#node-EidelwindRigHeadFrontBangR1_matrix-interpolation-array" count="31" stride="1">
            <param name="INTERPOLATION" type="name"/>
          </accessor>
        </technique_common>
      </source>
      <source id="node-EidelwindRigHeadFrontBangR2_matrix-input">
        <float_array id="node-EidelwindRigHeadFrontBangR2_matrix-input-array" count="31">0 0.03333333 0.06666667 0.1 0.1333333 0.1666667 0.2 0.2333333 0.2666667 0.3 0.3333333 0.3666667 0.4 0.4333333 0.4666667 0.5 0.5333333 0.5666667 0.6 0.6333333 0.6666667 0.7 0.7333333 0.7666667 0.8 0.8333333 0.8666667 0.9 0.9333333 0.9666667 1</float_array>
        <technique_common>
          <accessor source="#node-EidelwindRigHeadFrontBangR2_matrix-input-array" count="31" stride="1">
            <param name="TIME" type="float"/>
          </accessor>
        </technique_common>
      </source>
      <source id="node-EidelwindRigHeadFrontBangR2_matrix-output">
        <float_array id="node-EidelwindRigHeadFrontBangR2_matrix-output-array" count="496">1 0 0 11.63696 0 0.9999999 0 0 0 0 1 0 0 0 0 1 0.9999952 -0.003090679 0 11.63696 0.00309062 0.9999953 0 4.76837e-7 0 0 1 -9.53674e-7 0 0 0 1 0.9999322 -0.01163524 0 11.63696 0.01163524 0.9999322 0 0 0 0 1 0 0 0 0 1 0.9996988 -0.02454119 0 11.63695 0.02454119 0.9996988 0 0 0 0 1 -9.53674e-7 0 0 0 1 0.9991708 -0.04071307 0 11.63695 0.04071307 0.9991709 0 0 0 0 1 0 0 0 0 1 0.9982547 -0.05905222 0 11.63695 0.05905228 0.9982548 0 4.76837e-7 0 0 0.9999998 0 0 0 0 1 0.9969173 -0.07845908 0 11.63696 0.07845908 0.9969173 0 0 0 0 1 0 0 0 0 1 0.9952027 -0.09783619 0 11.63696 0.09783619 0.9952026 0 -9.53674e-7 0 0 1 -9.53674e-7 0 0 0 1 0.9932383 -0.1160929 0 11.63695 0.1160929 0.9932387 0 -4.76837e-7 0 0 1 -9.53674e-7 0 0 0 1 0.99123 -0.1321483 0 11.63696 0.1321483 0.99123 0 0 0 0 1 0 0 0 0 1 0.9894416 -0.1449318 0 11.63695 0.1449319 0.9894416 0 4.76837e-7 0 0 1 -1.90735e-6 0 0 0 1 0.9881671 -0.1533811 0 11.63695 0.1533811 0.9881671 0 4.76837e-7 0 0 1 -1.90735e-6 0 0 0 1 0.9876885 -0.1564345 0 11.63696 0.1564345 0.9876884 0 0 0 0 1 9.53674e-7 0 0 0 1 0.9881671 -0.153381 0 11.63695 0.1533811 0.9881671 0 4.76837e-7 0 0 1 0 0 0 0 1 0.9894416 -0.1449318 0 11.63695 0.1449319 0.9894415 0 0 0 0 1 0 0 0 0 1 0.99123 -0.1321483 0 11.63695 0.1321483 0.99123 0 0 0 0 1 9.53674e-7 0 0 0 1 0.9932385 -0.1160929 0 11.63695 0.1160929 0.9932384 0 9.53674e-7 0 0 1 0 0 0 0 1 0.9952026 -0.09783619 0 11.63696 0.09783619 0.9952026 0 0 0 0 1 -9.53674e-7 0 0 0 1 0.9969174 -0.07845908 0 11.63696 0.07845908 0.9969174 0 0 0 0 1 -9.53674e-7 0 0 0 1 0.9982549 -0.05905228 0 11.63696 0.05905228 0.9982547 0 4.76837e-7 0 0 0.9999998 0 0 0 0 1 0.999171 -0.04071307 0 11.63696 0.04071307 0.9991709 0 9.53674e-7 0 0 0.9999999 0 0 0 0 1 0.9996988 -0.02454119 0 11.63696 0.02454119 0.9996987 0 0 0 0 1 0 0 0 0 1 0.9999324 -0.01163524 0 11.63696 0.01163524 0.9999325 0 0 0 0 1 0 0 0 0 1 0.9999952 -0.003090679 0 11.63695 0.003090679 0.9999952 0 0 0 0 1 0 0 0 0 1 1 0 0 11.63695 0 1 0 0 0 0 1 0 0 0 0 1 1 0 0 11.63695 0 1 0 9.53674e-7 0 0 1 9.53674e-7 0 0 0 1 1 0 0 11.63695 0 1 0 -4.76837e-7 0 0 0.9999999 0 0 0 0 1 1 0 0 11.63696 0 1 0 -4.76837e-7 0 0 1 0 0 0 0 1 1 0 0 11.63695 0 0.9999999 0 4.76837e-7 0 0 1 0 0 0 0 1 1 0 0 11.63696 0 1 0 0 0 0 1 -9.53674e-7 0 0 0 1 1 0 0 11.63696 0 0.9999999 0 0 0 0 1 0 0 0 0 1</float_array>
        <technique_common>
          <accessor source="#node-EidelwindRigHeadFrontBangR2_matrix-output-array" count="31" stride="16">
            <param name="TRANSFORM" type="float4x4"/>
          </accessor>
        </technique_common>
      </source>
      <source id="node-EidelwindRigHeadFrontBangR2_matrix-interpolation">
        <Name_array id="node-EidelwindRigHeadFrontBangR2_matrix-interpolation-array" count="31">LINEAR LINEAR LINEAR LINEAR LINEAR LINEAR LINEAR LINEAR LINEAR LINEAR LINEAR LINEAR LINEAR LINEAR LINEAR LINEAR LINEAR LINEAR LINEAR LINEAR LINEAR LINEAR LINEAR LINEAR LINEAR LINEAR LINEAR LINEAR LINEAR LINEAR LINEAR</Name_array>
        <technique_common>
          <accessor source="#node-EidelwindRigHeadFrontBangR2_matrix-interpolation-array" count="31" stride="1">
            <param name="INTERPOLATION" type="name"/>
          </accessor>
        </technique_common>
      </source>
      <source id="node-EidelwindRigHeadFrontBangR3_matrix-input">
        <float_array id="node-EidelwindRigHeadFrontBangR3_matrix-input-array" count="31">0 0.03333333 0.06666667 0.1 0.1333333 0.1666667 0.2 0.2333333 0.2666667 0.3 0.3333333 0.3666667 0.4 0.4333333 0.4666667 0.5 0.5333333 0.5666667 0.6 0.6333333 0.6666667 0.7 0.7333333 0.7666667 0.8 0.8333333 0.8666667 0.9 0.9333333 0.9666667 1</float_array>
        <technique_common>
          <accessor source="#node-EidelwindRigHeadFrontBangR3_matrix-input-array" count="31" stride="1">
            <param name="TIME" type="float"/>
          </accessor>
        </technique_common>
      </source>
      <source id="node-EidelwindRigHeadFrontBangR3_matrix-output">
        <float_array id="node-EidelwindRigHeadFrontBangR3_matrix-output-array" count="496">0.9659258 0 0.2588191 11.63695 0 0.9999999 0 4.76837e-7 -0.2588191 0 0.9659258 0 0 0 0 1 0.9659094 0.005638957 0.2588191 11.63696 -0.005837917 0.9999831 0 0 -0.2588147 -0.001510918 0.9659259 0 0 0 0 1 0.9656925 0.02122759 0.2588191 11.63696 -0.02197641 0.9997584 0 0 -0.2587566 -0.005687892 0.9659258 0 0 0 0 1 0.9648879 0.04476457 0.2588191 11.63695 -0.04634368 0.9989256 0 0 -0.258541 -0.0119946 0.9659259 9.53674e-7 0 0 0 1 0.9630693 0.07422935 0.2588191 11.63696 -0.07684791 0.9970429 0 0 -0.2580537 -0.01988971 0.9659258 0 0 0 0 1 0.9599159 0.1075814 0.258819 11.63695 -0.1113765 0.9937782 0 0 -0.2572088 -0.02882635 0.9659256 -9.53674e-7 0 0 0 1 0.9553161 0.1427729 0.2588191 11.63696 -0.1478094 0.9890159 0 -9.53674e-7 -0.2559762 -0.03825587 0.9659258 0 0 0 0 1 0.9494263 0.1777716 0.258819 11.63695 -0.1840427 0.9829183 0 0 -0.2543981 -0.04763376 0.9659259 -1.90735e-6 0 0 0 1 0.9426904 0.2105883 0.258819 11.63695 -0.2180171 0.9759453 0 0 -0.2525932 -0.05642694 0.9659259 -9.53674e-7 0 0 0 1 0.9358149 0.2392973 0.2588191 11.63695 -0.2477388 0.9688269 0 0 -0.2507509 -0.06411951 0.9659259 0 0 0 0 1 0.9297028 0.262041 0.2588191 11.63695 -0.2712849 0.962499 0 1.90735e-6 -0.249113 -0.07021367 0.9659258 0 0 0 0 1 0.9253522 0.2770119 0.2588189 11.63695 -0.2867839 0.9579952 0 0 -0.2479475 -0.07422512 0.9659258 -9.53674e-7 0 0 0 1 0.9237197 0.2824094 0.2588191 11.63696 -0.2923718 0.956305 0 -1.90735e-6 -0.2475099 -0.07567137 0.9659258 0 0 0 0 1 0.9253525 0.2770119 0.2588191 11.63696 -0.2867839 0.9579954 0 0 -0.2479475 -0.07422512 0.9659259 -9.53674e-7 0 0 0 1 0.9297027 0.262041 0.2588191 11.63695 -0.2712849 0.9624991 0 1.90735e-6 -0.2491131 -0.07021367 0.9659258 0 0 0 0 1 0.9358149 0.2392973 0.258819 11.63695 -0.2477388 0.9688268 0 1.90735e-6 -0.2507509 -0.06411951 0.9659258 -9.53674e-7 0 0 0 1 0.9426904 0.2105882 0.258819 11.63696 -0.218017 0.9759449 0 0 -0.2525932 -0.05642694 0.9659258 0 0 0 0 1 0.9494262 0.1777715 0.2588191 11.63696 -0.1840426 0.9829183 0 0 -0.254398 -0.0476337 0.9659258 9.53674e-7 0 0 0 1 0.955316 0.1427729 0.2588191 11.63696 -0.1478094 0.9890159 0 9.53674e-7 -0.2559762 -0.03825587 0.9659259 9.53674e-7 0 0 0 1 0.9599161 0.1075814 0.2588191 11.63695 -0.1113765 0.993778 0 0 -0.2572087 -0.02882635 0.9659256 0 0 0 0 1 0.9630694 0.07422935 0.2588192 11.63696 -0.07684791 0.997043 0 0 -0.2580536 -0.01988965 0.9659257 0 0 0 0 1 0.964888 0.04476457 0.2588191 11.63696 -0.04634368 0.9989256 0 0 -0.258541 -0.0119946 0.9659258 0 0 0 0 1 0.9656926 0.02122759 0.258819 11.63696 -0.02197641 0.9997587 0 0 -0.2587567 -0.005687892 0.9659259 -1.90735e-6 0 0 0 1 0.9659093 0.005638957 0.2588191 11.63695 -0.005837917 0.9999829 0 0 -0.2588146 -0.001510918 0.9659258 0 0 0 0 1 0.9659259 0 0.2588191 11.63696 0 1 0 0 -0.2588191 0 0.9659258 -9.53674e-7 0 0 0 1 0.9659258 0 0.2588191 11.63696 0 1 0 -4.76837e-7 -0.2588191 0 0.9659259 -9.53674e-7 0 0 0 1 0.965926 0 0.2588191 11.63696 0 1 0 4.76837e-7 -0.2588191 0 0.9659257 0 0 0 0 1 0.9659259 0 0.2588191 11.63695 0 1 0 0 -0.2588191 0 0.9659259 0 0 0 0 1 0.9659258 0 0.2588191 11.63695 0 0.9999999 0 0 -0.2588191 0 0.9659258 -9.53674e-7 0 0 0 1 0.9659258 0 0.2588191 11.63695 0 1 0 0 -0.2588191 0 0.9659258 0 0 0 0 1 0.9659258 0 0.2588191 11.63695 0 0.9999999 0 4.76837e-7 -0.2588191 0 0.9659258 0 0 0 0 1</float_array>
        <technique_common>
          <accessor source="#node-EidelwindRigHeadFrontBangR3_matrix-output-array" count="31" stride="16">
            <param name="TRANSFORM" type="float4x4"/>
          </accessor>
        </technique_common>
      </source>
      <source id="node-EidelwindRigHeadFrontBangR3_matrix-interpolation">
        <Name_array id="node-EidelwindRigHeadFrontBangR3_matrix-interpolation-array" count="31">LINEAR LINEAR LINEAR LINEAR LINEAR LINEAR LINEAR LINEAR LINEAR LINEAR LINEAR LINEAR LINEAR LINEAR LINEAR LINEAR LINEAR LINEAR LINEAR LINEAR LINEAR LINEAR LINEAR LINEAR LINEAR LINEAR LINEAR LINEAR LINEAR LINEAR LINEAR</Name_array>
        <technique_common>
          <accessor source="#node-EidelwindRigHeadFrontBangR3_matrix-interpolation-array" count="31" stride="1">
            <param name="INTERPOLATION" type="name"/>
          </accessor>
        </technique_common>
      </source>
      <source id="node-EidelwindRigHeadFrontBangL1_matrix-input">
        <float_array id="node-EidelwindRigHeadFrontBangL1_matrix-input-array" count="31">0 0.03333333 0.06666667 0.1 0.1333333 0.1666667 0.2 0.2333333 0.2666667 0.3 0.3333333 0.3666667 0.4 0.4333333 0.4666667 0.5 0.5333333 0.5666667 0.6 0.6333333 0.6666667 0.7 0.7333333 0.7666667 0.8 0.8333333 0.8666667 0.9 0.9333333 0.9666667 1</float_array>
        <technique_common>
          <accessor source="#node-EidelwindRigHeadFrontBangL1_matrix-input-array" count="31" stride="1">
            <param name="TIME" type="float"/>
          </accessor>
        </technique_common>
      </source>
      <source id="node-EidelwindRigHeadFrontBangL1_matrix-output">
        <float_array id="node-EidelwindRigHeadFrontBangL1_matrix-output-array" count="496">-0.9969174 -0.07845902 -1.13992e-4 11.09028 -0.07845908 0.9969163 0.0014503 8.268123 -1.52737e-7 0.00145477 -0.999999 12.28883 0 0 0 1 -0.9976126 -0.06880885 -0.005886912 11.09027 -0.06881624 0.9976289 0.001052141 8.268123 0.005800604 0.00145477 -0.9999822 12.28883 0 0 0 1 -0.9988197 -0.04389417 -0.02080297 11.09027 -0.04391491 0.9990352 5.41586e-4 8.268121 0.0207591 0.001454472 -0.9997836 12.28883 0 0 0 1 -0.9991024 -0.00978595 -0.04121667 11.09027 -0.009837567 0.999951 0.001049041 8.268123 0.04120439 0.001453578 -0.9991497 12.28883 0 0 0 1 -0.9976125 0.02738821 -0.06339728 11.09027 0.02724093 0.9996239 0.003186464 8.268126 0.06346064 0.001451849 -0.9979833 12.28883 0 0 0 1 -0.9946002 0.06147497 -0.08361285 11.09027 0.06113713 0.9981074 0.006597161 8.268122 0.08386021 0.001449704 -0.9964764 12.28883 0 0 0 1 -0.9914061 0.08636093 -0.09826427 11.09027 0.08579647 0.996263 0.009964048 8.268124 0.09875756 0.001447677 -0.9951105 12.28883 0 0 0 1 -0.9899434 0.09599703 -0.1039074 11.09026 0.0953207 0.9953806 0.01146668 8.268122 0.1045284 0.001446843 -0.9945209 12.28883 0 0 0 1 -0.9909048 0.08852571 -0.1013467 11.09028 0.0879184 0.9960732 0.01045256 8.268125 0.1018742 0.00144726 -0.9947963 12.28883 0 0 0 1 -0.9931843 0.06880515 -0.09407883 11.09027 0.06836158 0.997629 0.007933795 8.268122 0.09440159 0.001448333 -0.9955332 12.28883 0 0 0 1 -0.9957346 0.04087889 -0.08271461 11.09027 0.04061836 0.9991632 0.004830121 8.268126 0.08284282 0.001449823 -0.9965616 12.28883 0 0 0 1 -0.9976521 0.008825302 -0.06791454 11.09027 0.008706331 0.99996 0.002047538 8.268122 0.06793004 0.001451432 -0.997689 12.28883 0 0 0 1 -0.9984578 -0.02324104 -0.05041927 11.09027 -0.02328473 0.999729 2.79407e-4 8.268123 0.05039906 0.001452922 -0.9987282 12.28883 0 0 0 1 -0.9982064 -0.05120146 -0.0310257 11.09026 -0.05122196 0.9986874 -1.35319e-4 8.268122 0.03099191 0.001454114 -0.9995186 12.28883 0 0 0 1 -0.9974232 -0.07096534 -0.01053297 11.09027 -0.07097673 0.9974778 7.08973e-4 8.268124 0.01045608 0.00145471 -0.9999444 12.28883 0 0 0 1 -0.996863 -0.07847416 0.01030999 11.09026 -0.07845479 0.9969152 0.002270698 8.268116 -0.01045638 0.00145471 -0.9999444 12.28883 0 0 0 1 -0.9971502 -0.06886225 0.03081858 11.09026 -0.06878429 0.9976252 0.003584146 8.268123 -0.0309922 0.001454114 -0.9995186 12.28883 0 0 0 1 -0.9977654 -0.04399758 0.05028676 11.09028 -0.04386854 0.9990307 0.003667175 8.26812 -0.05039942 0.001452922 -0.9987282 12.28883 0 0 0 1 -0.9976416 -0.009944736 0.06791257 11.09029 -0.009823203 0.9999495 0.002123594 8.268124 -0.06793028 0.001451432 -0.997689 12.28883 0 0 0 1 -0.996191 0.02717542 0.08285182 11.09026 0.02720212 0.9996295 -8.06992e-4 8.268121 -0.08284312 0.001449823 -0.9965614 12.28883 0 0 0 1 -0.9936587 0.06121611 0.09431314 11.09028 0.06107926 0.9981235 -0.004339754 8.268122 -0.09440195 0.001448333 -0.995533 12.28883 0 0 0 1 -0.991093 0.08607017 0.1016204 11.09026 0.08576935 0.9962881 -0.007333934 8.268122 -0.1018744 0.00144726 -0.9947962 12.28883 0 0 0 1 -0.9899433 0.09569424 0.1041868 11.09027 0.0953207 0.9954099 -0.008570432 8.268122 -0.1045285 0.001446843 -0.994521 12.28883 0 0 0 1 -0.9910888 0.08823311 0.0997895 11.09028 0.08793473 0.9960988 -0.0073933 8.26812 -0.1000525 0.001447498 -0.9949811 12.28883 0 0 0 1 -0.9937478 0.06854009 0.08813405 11.09027 0.06840038 0.9976474 -0.004608035 8.268122 -0.08824247 0.001449108 -0.996098 12.28883 0 0 0 1 -0.9966101 0.04065448 0.07152456 11.09028 0.04065412 0.9991723 -0.001461565 8.268126 -0.07152479 0.001451075 -0.9974378 12.28883 0 0 0 1 -0.9985916 0.008650362 0.05234676 11.09027 0.008714556 0.9999614 9.98064e-4 8.268122 -0.05233603 0.001452803 -0.9986285 12.28883 0 0 0 1 -0.9991796 -0.02336251 0.0330851 11.09026 -0.0233016 0.9997261 0.002226769 8.268124 -0.03312802 0.001453995 -0.99945 12.28883 0 0 0 1 -0.9985524 -0.05127024 0.0162658 11.09027 -0.05123972 0.9986838 0.002291381 8.268122 -0.01636183 0.001454591 -0.9998651 12.28883 0 0 0 1 -0.9974675 -0.07098704 0.004385173 11.09027 -0.07097989 0.9974762 0.001770496 8.268122 -0.004499793 0.00145477 -0.9999888 12.28883 0 0 0 1 -0.9969174 -0.07845902 -1.13992e-4 11.09028 -0.07845908 0.9969163 0.0014503 8.268123 -1.52737e-7 0.00145477 -0.999999 12.28883 0 0 0 1</float_array>
        <technique_common>
          <accessor source="#node-EidelwindRigHeadFrontBangL1_matrix-output-array" count="31" stride="16">
            <param name="TRANSFORM" type="float4x4"/>
          </accessor>
        </technique_common>
      </source>
      <source id="node-EidelwindRigHeadFrontBangL1_matrix-interpolation">
        <Name_array id="node-EidelwindRigHeadFrontBangL1_matrix-interpolation-array" count="31">LINEAR LINEAR LINEAR LINEAR LINEAR LINEAR LINEAR LINEAR LINEAR LINEAR LINEAR LINEAR LINEAR LINEAR LINEAR LINEAR LINEAR LINEAR LINEAR LINEAR LINEAR LINEAR LINEAR LINEAR LINEAR LINEAR LINEAR LINEAR LINEAR LINEAR LINEAR</Name_array>
        <technique_common>
          <accessor source="#node-EidelwindRigHeadFrontBangL1_matrix-interpolation-array" count="31" stride="1">
            <param name="INTERPOLATION" type="name"/>
          </accessor>
        </technique_common>
      </source>
      <source id="node-EidelwindRigHeadFrontBangL2_matrix-input">
        <float_array id="node-EidelwindRigHeadFrontBangL2_matrix-input-array" count="31">0 0.03333333 0.06666667 0.1 0.1333333 0.1666667 0.2 0.2333333 0.2666667 0.3 0.3333333 0.3666667 0.4 0.4333333 0.4666667 0.5 0.5333333 0.5666667 0.6 0.6333333 0.6666667 0.7 0.7333333 0.7666667 0.8 0.8333333 0.8666667 0.9 0.9333333 0.9666667 1</float_array>
        <technique_common>
          <accessor source="#node-EidelwindRigHeadFrontBangL2_matrix-input-array" count="31" stride="1">
            <param name="TIME" type="float"/>
          </accessor>
        </technique_common>
      </source>
      <source id="node-EidelwindRigHeadFrontBangL2_matrix-output">
        <float_array id="node-EidelwindRigHeadFrontBangL2_matrix-output-array" count="496">0.9876883 -0.1564344 0 11.63696 0.1564344 0.9876883 0 -4.76837e-7 0 0 1 0 0 0 0 1 0.9881672 -0.1533811 0 11.63696 0.1533811 0.9881672 0 4.76837e-7 0 0 1 0 0 0 0 1 0.9894417 -0.1449319 0 11.63695 0.1449319 0.9894418 0 2.38419e-7 0 0 1 0 0 0 0 1 0.9912301 -0.1321483 0 11.63696 0.1321483 0.99123 0 4.76837e-7 0 0 1 -9.53674e-7 0 0 0 1 0.9932383 -0.1160929 0 11.63696 0.1160929 0.9932384 0 0 0 0 1 9.53674e-7 0 0 0 1 0.9952025 -0.09783619 0 11.63695 0.09783619 0.9952024 0 -4.76837e-7 0 0 0.9999998 -9.53674e-7 0 0 0 1 0.9969173 -0.07845908 0 11.63696 0.07845908 0.9969174 0 0 0 0 1 0 0 0 0 1 0.998255 -0.05905228 0 11.63696 0.05905228 0.9982549 0 -4.76837e-7 0 0 1 -1.90735e-6 0 0 0 1 0.9991711 -0.04071307 0 11.63696 0.04071307 0.9991712 0 0 0 0 1 -1.90735e-6 0 0 0 1 0.9996989 -0.02454119 0 11.63695 0.02454119 0.9996988 0 0 0 0 1 9.53674e-7 0 0 0 1 0.9999323 -0.01163524 0 11.63695 0.01163524 0.9999324 0 -9.53674e-7 0 0 1 0 0 0 0 1 0.9999952 -0.003090679 0 11.63696 0.00309062 0.9999952 0 0 0 0 0.9999999 -9.53674e-7 0 0 0 1 1 0 0 11.63695 0 1 0 0 0 0 1 -9.53674e-7 0 0 0 1 1 0 0 11.63696 0 1 0 -9.53674e-7 0 0 1 -9.53674e-7 0 0 0 1 1 0 0 11.63695 0 1 0 -9.53674e-7 0 0 1 9.53674e-7 0 0 0 1 1 0 0 11.63696 0 1 0 4.76837e-7 0 0 1 0 0 0 0 1 1 0 0 11.63695 0 1 0 -4.76837e-7 0 0 1 0 0 0 0 1 1 0 0 11.63696 0 1 0 4.76837e-7 0 0 1 0 0 0 0 1 1 0 0 11.63696 0 1 0 0 0 0 1 1.90735e-6 0 0 0 1 0.9999949 -0.003090679 0 11.63696 0.003090679 0.9999951 0 -4.76837e-7 0 0 0.9999997 9.53674e-7 0 0 0 1 0.9999324 -0.01163524 0 11.63695 0.01163524 0.9999322 0 0 0 0 0.9999999 0 0 0 0 1 0.9996988 -0.02454119 0 11.63696 0.02454119 0.9996987 0 -4.76837e-7 0 0 1 0 0 0 0 1 0.9991709 -0.04071307 0 11.63695 0.04071307 0.9991711 0 0 0 0 1 -2.86102e-6 0 0 0 1 0.998255 -0.05905228 0 11.63696 0.05905228 0.9982549 0 0 0 0 1 0 0 0 0 1 0.9969173 -0.07845908 0 11.63696 0.07845908 0.9969174 0 9.53674e-7 0 0 1 0 0 0 0 1 0.9952026 -0.09783619 0 11.63696 0.09783619 0.9952027 0 0 0 0 1 -9.53674e-7 0 0 0 1 0.9932383 -0.1160929 0 11.63696 0.1160929 0.9932382 0 0 0 0 1 -9.53674e-7 0 0 0 1 0.9912298 -0.1321482 0 11.63695 0.1321482 0.99123 0 0 0 0 1 0 0 0 0 1 0.9894416 -0.1449319 0 11.63696 0.1449319 0.9894416 0 -9.53674e-7 0 0 1 0 0 0 0 1 0.9881671 -0.1533811 0 11.63695 0.1533811 0.9881672 0 4.76837e-7 0 0 1 -9.53674e-7 0 0 0 1 0.9876883 -0.1564344 0 11.63696 0.1564344 0.9876883 0 -4.76837e-7 0 0 1 0 0 0 0 1</float_array>
        <technique_common>
          <accessor source="#node-EidelwindRigHeadFrontBangL2_matrix-output-array" count="31" stride="16">
            <param name="TRANSFORM" type="float4x4"/>
          </accessor>
        </technique_common>
      </source>
      <source id="node-EidelwindRigHeadFrontBangL2_matrix-interpolation">
        <Name_array id="node-EidelwindRigHeadFrontBangL2_matrix-interpolation-array" count="31">LINEAR LINEAR LINEAR LINEAR LINEAR LINEAR LINEAR LINEAR LINEAR LINEAR LINEAR LINEAR LINEAR LINEAR LINEAR LINEAR LINEAR LINEAR LINEAR LINEAR LINEAR LINEAR LINEAR LINEAR LINEAR LINEAR LINEAR LINEAR LINEAR LINEAR LINEAR</Name_array>
        <technique_common>
          <accessor source="#node-EidelwindRigHeadFrontBangL2_matrix-interpolation-array" count="31" stride="1">
            <param name="INTERPOLATION" type="name"/>
          </accessor>
        </technique_common>
      </source>
      <source id="node-EidelwindRigHeadFrontBangL3_matrix-input">
        <float_array id="node-EidelwindRigHeadFrontBangL3_matrix-input-array" count="31">0 0.03333333 0.06666667 0.1 0.1333333 0.1666667 0.2 0.2333333 0.2666667 0.3 0.3333333 0.3666667 0.4 0.4333333 0.4666667 0.5 0.5333333 0.5666667 0.6 0.6333333 0.6666667 0.7 0.7333333 0.7666667 0.8 0.8333333 0.8666667 0.9 0.9333333 0.9666667 1</float_array>
        <technique_common>
          <accessor source="#node-EidelwindRigHeadFrontBangL3_matrix-input-array" count="31" stride="1">
            <param name="TIME" type="float"/>
          </accessor>
        </technique_common>
      </source>
      <source id="node-EidelwindRigHeadFrontBangL3_matrix-output">
        <float_array id="node-EidelwindRigHeadFrontBangL3_matrix-output-array" count="496">0.9237195 0.2824093 -0.258819 11.63696 -0.2923717 0.9563049 0 0 0.2475098 0.07567131 0.9659258 -9.53674e-7 0 0 0 1 0.9253525 0.2770119 -0.258819 11.63695 -0.2867839 0.9579954 0 -1.90735e-6 0.2479473 0.07422512 0.9659259 -9.53674e-7 0 0 0 1 0.9297028 0.2620411 -0.258819 11.63695 -0.2712849 0.9624993 0 0 0.249113 0.07021367 0.9659259 -9.53674e-7 0 0 0 1 0.9358149 0.2392973 -0.258819 11.63695 -0.2477388 0.9688269 0 0 0.2507508 0.06411951 0.9659258 9.53674e-7 0 0 0 1 0.9426904 0.2105883 -0.258819 11.63696 -0.218017 0.9759449 0 0 0.2525931 0.05642694 0.9659258 0 0 0 0 1 0.9494261 0.1777715 -0.258819 11.63695 -0.1840426 0.9829182 0 0 0.2543979 0.0476337 0.9659257 0 0 0 0 1 0.955316 0.1427729 -0.258819 11.63696 -0.1478094 0.989016 0 0 0.2559762 0.03825587 0.9659259 0 0 0 0 1 0.9599162 0.1075815 -0.2588191 11.63695 -0.1113766 0.9937783 0 0 0.2572086 0.02882635 0.965926 9.53674e-7 0 0 0 1 0.9630696 0.07422941 -0.2588191 11.63696 -0.07684791 0.9970433 0 9.53674e-7 0.2580536 0.01988965 0.965926 0 0 0 0 1 0.9648881 0.04476457 -0.258819 11.63696 -0.04634368 0.9989256 0 -9.53674e-7 0.2585409 0.0119946 0.9659259 0 0 0 0 1 0.9656924 0.02122759 -0.258819 11.63696 -0.02197641 0.9997584 0 0 0.2587564 0.005687892 0.9659258 -9.53674e-7 0 0 0 1 0.9659094 0.005638957 -0.2588191 11.63696 -0.005837917 0.9999829 0 0 0.2588145 0.001510918 0.9659258 -9.53674e-7 0 0 0 1 0.965926 0 -0.258819 11.63696 0 1 0 9.53674e-7 0.258819 0 0.9659258 -9.53674e-7 0 0 0 1 0.9659259 0 -0.2588189 11.63695 0 1 0 9.53674e-7 0.2588191 0 0.9659258 -9.53674e-7 0 0 0 1 0.9659259 0 -0.2588189 11.63696 0 1 0 9.53674e-7 0.258819 0 0.9659259 0 0 0 0 1 0.9659259 0 -0.258819 11.63696 0 1 0 -4.76837e-7 0.258819 0 0.9659259 0 0 0 0 1 0.9659258 0 -0.2588189 11.63696 0 1 0 -4.76837e-7 0.258819 0 0.9659258 9.53674e-7 0 0 0 1 0.9659258 0 -0.2588189 11.63696 0 1 0 -2.38419e-7 0.258819 0 0.9659259 -9.53674e-7 0 0 0 1 0.965926 0 -0.2588189 11.63695 0 1 0 0 0.258819 0 0.9659258 -9.53674e-7 0 0 0 1 0.965909 0.005638957 -0.2588188 11.63696 -0.005837917 0.9999828 0 4.76837e-7 0.2588145 0.001510918 0.9659256 0 0 0 0 1 0.9656925 0.02122759 -0.2588189 11.63696 -0.02197641 0.9997584 0 -4.76837e-7 0.2587565 0.005687892 0.9659256 0 0 0 0 1 0.964888 0.04476457 -0.258819 11.63696 -0.04634368 0.9989257 0 -9.53674e-7 0.2585409 0.0119946 0.9659259 -9.53674e-7 0 0 0 1 0.9630694 0.07422941 -0.2588191 11.63696 -0.07684791 0.9970431 0 0 0.2580536 0.01988971 0.9659259 -9.53674e-7 0 0 0 1 0.9599161 0.1075815 -0.258819 11.63694 -0.1113765 0.9937783 0 0 0.2572087 0.02882635 0.9659259 9.53674e-7 0 0 0 1 0.9553158 0.1427729 -0.258819 11.63695 -0.1478094 0.9890159 0 0 0.255976 0.03825587 0.9659258 0 0 0 0 1 0.9494261 0.1777716 -0.258819 11.63695 -0.1840426 0.9829183 0 0 0.2543979 0.0476337 0.9659259 0 0 0 0 1 0.9426903 0.2105882 -0.2588189 11.63696 -0.2180171 0.9759448 0 0 0.252593 0.05642694 0.9659258 -9.53674e-7 0 0 0 1 0.9358148 0.2392973 -0.258819 11.63696 -0.2477388 0.9688269 0 0 0.2507508 0.06411951 0.9659258 0 0 0 0 1 0.9297029 0.262041 -0.258819 11.63696 -0.2712849 0.9624992 0 1.90735e-6 0.249113 0.07021367 0.9659259 0 0 0 0 1 0.9253524 0.2770119 -0.2588189 11.63695 -0.2867838 0.9579952 0 1.90735e-6 0.2479473 0.07422512 0.9659258 -9.53674e-7 0 0 0 1 0.9237195 0.2824093 -0.258819 11.63696 -0.2923717 0.9563049 0 0 0.2475098 0.07567131 0.9659258 -9.53674e-7 0 0 0 1</float_array>
        <technique_common>
          <accessor source="#node-EidelwindRigHeadFrontBangL3_matrix-output-array" count="31" stride="16">
            <param name="TRANSFORM" type="float4x4"/>
          </accessor>
        </technique_common>
      </source>
      <source id="node-EidelwindRigHeadFrontBangL3_matrix-interpolation">
        <Name_array id="node-EidelwindRigHeadFrontBangL3_matrix-interpolation-array" count="31">LINEAR LINEAR LINEAR LINEAR LINEAR LINEAR LINEAR LINEAR LINEAR LINEAR LINEAR LINEAR LINEAR LINEAR LINEAR LINEAR LINEAR LINEAR LINEAR LINEAR LINEAR LINEAR LINEAR LINEAR LINEAR LINEAR LINEAR LINEAR LINEAR LINEAR LINEAR</Name_array>
        <technique_common>
          <accessor source="#node-EidelwindRigHeadFrontBangL3_matrix-interpolation-array" count="31" stride="1">
            <param name="INTERPOLATION" type="name"/>
          </accessor>
        </technique_common>
      </source>
      <source id="node-EidelwindRigArmLCollarbone_matrix-input">
        <float_array id="node-EidelwindRigArmLCollarbone_matrix-input-array" count="31">0 0.03333333 0.06666667 0.1 0.1333333 0.1666667 0.2 0.2333333 0.2666667 0.3 0.3333333 0.3666667 0.4 0.4333333 0.4666667 0.5 0.5333333 0.5666667 0.6 0.6333333 0.6666667 0.7 0.7333333 0.7666667 0.8 0.8333333 0.8666667 0.9 0.9333333 0.9666667 1</float_array>
        <technique_common>
          <accessor source="#node-EidelwindRigArmLCollarbone_matrix-input-array" count="31" stride="1">
            <param name="TIME" type="float"/>
          </accessor>
        </technique_common>
      </source>
      <source id="node-EidelwindRigArmLCollarbone_matrix-output">
        <float_array id="node-EidelwindRigArmLCollarbone_matrix-output-array" count="496">-0.008288979 0.01006269 -0.999915 0 -0.1907314 0.9815754 0.01145923 -1.90735e-6 0.9816074 0.1908102 -0.006217002 3.305953 0 0 0 1 -0.01832735 0.02007389 -0.9996305 1.52588e-5 -0.1808495 0.9832404 0.0230605 0 0.9833401 0.1812052 -0.01438981 3.305953 0 0 0 1 -0.02762305 0.02933919 -0.9991878 0 -0.1716682 0.9845798 0.03365612 -4.76837e-7 0.9847674 0.1724584 -0.02216047 3.305953 0 0 0 1 -0.03580409 0.03748714 -0.9986554 0 -0.1635656 0.985601 0.04286128 -4.76837e-7 0.9858825 0.1648803 -0.02915686 3.305953 0 0 0 1 -0.04249835 0.0441488 -0.9981206 -7.62939e-6 -0.1569213 0.986329 0.0503087 0 0.9866964 0.1587643 -0.03498941 3.305953 0 0 0 1 -0.04733371 0.04895699 -0.9976787 0 -0.1521145 0.9867956 0.0556398 0 0.9872289 0.1543949 -0.03926157 3.305953 0 0 0 1 -0.04993724 0.05154448 -0.9974214 -7.62939e-6 -0.1495238 0.9870263 0.05849343 4.76837e-7 0.9874961 0.1520591 -0.04158222 3.305952 0 0 0 1 -0.04994571 0.05155289 -0.9974206 1.52588e-5 -0.1495154 0.9870271 0.05850267 -4.76837e-7 0.9874969 0.1520516 -0.04158979 3.305953 0 0 0 1 -0.04735726 0.04898041 -0.9976763 0 -0.152091 0.9867978 0.05566573 4.76837e-7 0.9872314 0.1543737 -0.03928256 3.305953 0 0 0 1 -0.04253476 0.04418498 -0.9981176 0 -0.1568852 0.9863327 0.05034899 0 0.9867005 0.1587312 -0.0350213 3.305953 0 0 0 1 -0.03585088 0.03753376 -0.9986521 0 -0.1635192 0.9856063 0.04291367 0 0.9858886 0.1648372 -0.02919739 3.305953 0 0 0 1 -0.02767801 0.02939397 -0.9991847 0 -0.1716138 0.984587 0.03371834 4.76837e-7 0.9847752 0.1724071 -0.02220702 3.305952 0 0 0 1 -0.01838809 0.0201345 -0.9996282 -7.62939e-6 -0.1807895 0.9832498 0.02313023 -4.76837e-7 0.9833499 0.1811475 -0.01444 3.305952 0 0 0 1 -0.008353292 0.01012682 -0.999914 0 -0.1906682 0.9815868 0.01153403 0 0.9816188 0.1907481 -0.00626862 3.305953 0 0 0 1 0.002054095 -2.55682e-4 -0.9999979 0 -0.2008746 0.9796168 -6.63109e-4 -1.90735e-6 0.9796148 0.2008755 0.001960873 3.305953 0 0 0 1 0.01244556 -0.0106222 -0.9998663 -7.62939e-6 -0.2110226 0.9773947 -0.01301014 0 0.9774017 0.2111561 0.009922683 3.305953 0 0 0 1 0.02248173 -0.02063113 -0.9995343 -1.52588e-5 -0.2207796 0.975001 -0.02509057 4.76837e-7 0.9750646 0.2212408 0.01736479 3.305953 0 0 0 1 0.0317741 -0.02989274 -0.999048 7.62939e-6 -0.2297725 0.9725632 -0.03640806 9.53674e-7 0.9727256 0.2307105 0.02403378 3.305952 0 0 0 1 0.03995078 -0.0380361 -0.9984775 -7.62939e-6 -0.237651 0.9702385 -0.04646915 0 0.9705287 0.2391457 0.02972245 3.305953 0 0 0 1 0.04664015 -0.04469257 -0.9979116 -7.62939e-6 -0.2440714 0.9682094 -0.05476969 -4.76837e-7 0.968635 0.2461159 0.03424924 3.305953 0 0 0 1 0.05147045 -0.04949545 -0.9974473 7.62939e-6 -0.2486926 0.9666722 -0.06080144 4.76837e-7 0.9672139 0.2511872 0.0374459 3.305952 0 0 0 1 0.0540691 -0.05207794 -0.9971781 0 -0.2511737 0.96582 -0.06405943 0 0.9664306 0.2539285 0.0391404 3.305952 0 0 0 1 0.05407965 -0.05208843 -0.9971771 7.62939e-6 -0.2511838 0.9658164 -0.06407266 0 0.9664273 0.2539396 0.03914725 3.305953 0 0 0 1 0.0514999 -0.04952472 -0.9974444 0 -0.2487208 0.9666626 -0.06083828 0 0.9672051 0.2512183 0.03746521 3.305953 0 0 0 1 0.04668557 -0.04473775 -0.9979072 0 -0.2441149 0.9681952 -0.05482631 0 0.9686219 0.2461636 0.03427958 3.305953 0 0 0 1 0.04000931 -0.03809434 -0.9984728 0 -0.2377074 0.9702213 -0.04654151 0 0.9705125 0.2392063 0.0297625 3.305953 0 0 0 1 0.03184276 -0.02996116 -0.9990437 0 -0.2298388 0.9725444 -0.03649216 0 0.9727076 0.2307809 0.0240823 3.305952 0 0 0 1 0.02255773 -0.02070683 -0.999531 0 -0.2208533 0.9749819 -0.0251826 9.53674e-7 0.975046 0.2213177 0.01742017 3.305953 0 0 0 1 0.01252591 -0.01070237 -0.9998642 0 -0.2111008 0.9773764 -0.01310622 9.53674e-7 0.9773839 0.2112362 0.009983241 3.305953 0 0 0 1 0.002119541 -3.20949e-4 -0.9999976 7.62939e-6 -0.2009387 0.9796035 -7.40327e-4 -1.90735e-6 0.9796013 0.2009398 0.002011775 3.305953 0 0 0 1 -0.008272945 0.01004666 -0.9999151 0 -0.1907472 0.9815726 0.01144051 -1.90735e-6 0.9816045 0.1908257 -0.006204128 3.305953 0 0 0 1</float_array>
        <technique_common>
          <accessor source="#node-EidelwindRigArmLCollarbone_matrix-output-array" count="31" stride="16">
            <param name="TRANSFORM" type="float4x4"/>
          </accessor>
        </technique_common>
      </source>
      <source id="node-EidelwindRigArmLCollarbone_matrix-interpolation">
        <Name_array id="node-EidelwindRigArmLCollarbone_matrix-interpolation-array" count="31">LINEAR LINEAR LINEAR LINEAR LINEAR LINEAR LINEAR LINEAR LINEAR LINEAR LINEAR LINEAR LINEAR LINEAR LINEAR LINEAR LINEAR LINEAR LINEAR LINEAR LINEAR LINEAR LINEAR LINEAR LINEAR LINEAR LINEAR LINEAR LINEAR LINEAR LINEAR</Name_array>
        <technique_common>
          <accessor source="#node-EidelwindRigArmLCollarbone_matrix-interpolation-array" count="31" stride="1">
            <param name="INTERPOLATION" type="name"/>
          </accessor>
        </technique_common>
      </source>
      <source id="node-EidelwindRigArmL1_matrix-input">
        <float_array id="node-EidelwindRigArmL1_matrix-input-array" count="31">0 0.03333333 0.06666667 0.1 0.1333333 0.1666667 0.2 0.2333333 0.2666667 0.3 0.3333333 0.3666667 0.4 0.4333333 0.4666667 0.5 0.5333333 0.5666667 0.6 0.6333333 0.6666667 0.7 0.7333333 0.7666667 0.8 0.8333333 0.8666667 0.9 0.9333333 0.9666667 1</float_array>
        <technique_common>
          <accessor source="#node-EidelwindRigArmL1_matrix-input-array" count="31" stride="1">
            <param name="TIME" type="float"/>
          </accessor>
        </technique_common>
      </source>
      <source id="node-EidelwindRigArmL1_matrix-output">
        <float_array id="node-EidelwindRigArmL1_matrix-output-array" count="496">0.4362699 -0.06447142 -0.8975031 5.136455 0.09657746 0.9950231 -0.02453118 0 0.8946181 -0.07597643 0.440325 7.62939e-6 0 0 0 1 0.4316795 -0.06915128 -0.8993724 5.136455 0.07005459 0.996616 -0.04300355 -4.76837e-7 0.8993026 -0.0444414 0.4350631 -7.62939e-6 0 0 0 1 0.423817 -0.07933461 -0.9022667 5.136454 0.0454415 0.9967646 -0.06629872 4.76837e-7 0.9046071 -0.01290184 0.426051 0 0 0 0 1 0.4144327 -0.09432852 -0.9051784 5.136455 0.02432644 0.9954068 -0.09259355 0 0.9097549 0.01635396 0.4148238 7.62939e-6 0 0 0 1 0.4050781 -0.1135631 -0.9072018 5.136454 0.008232951 0.9926687 -0.1205859 1.19209e-7 0.9142451 0.04137766 0.4030433 0 0 0 0 1 0.3972575 -0.1361828 -0.9075465 5.136454 -0.001212239 0.9888496 -0.1489135 0 0.9177064 0.06025719 0.3926628 0 0 0 0 1 0.3921972 -0.1616116 -0.9055734 5.136455 -0.002169907 0.9842809 -0.1765978 0 0.9198787 0.07122617 0.3856815 0 0 0 0 1 0.3908016 -0.1887578 -0.9009132 5.136454 0.007322609 0.9793546 -0.2020164 0 0.9204456 0.07235121 0.3841157 0 0 0 0 1 0.3925377 -0.2156615 -0.8940941 5.136455 0.02708268 0.9744093 -0.223144 1.19209e-7 0.9193374 0.06337791 0.3883329 0 0 0 0 1 0.3956661 -0.2411371 -0.8861721 5.136455 0.05503886 0.9694061 -0.2392119 0 0.9167436 0.04587405 0.3968332 -7.62939e-6 0 0 0 1 0.3985958 -0.2645386 -0.8781462 5.136455 0.08909875 0.9641374 -0.2500008 0 0.9127885 0.02140748 0.4078712 -7.62939e-6 0 0 0 1 0.400094 -0.2849274 -0.8710578 5.136455 0.1266849 0.9585142 -0.2553461 0 0.9076762 -0.008187353 0.4195918 0 0 0 0 1 0.3992843 -0.3015953 -0.8658016 5.136454 0.165134 0.9525586 -0.2556613 0 0.9018331 -0.04089176 0.4301454 7.62939e-6 0 0 0 1 0.3956914 -0.3136441 -0.8631665 5.136455 0.2013514 0.946636 -0.2516708 0 0.896039 -0.07421576 0.4377282 0 0 0 0 1 0.3892087 -0.3203228 -0.8636606 5.136454 0.2322288 0.9414263 -0.2445114 0 0.8913956 -0.105401 0.4407997 0 0 0 0 1 0.3794681 -0.3210167 -0.8677284 5.136454 0.2548624 0.9378598 -0.2355077 0 0.8894093 -0.1317837 0.437703 0 0 0 0 1 0.3644913 -0.3159195 -0.8759798 5.136454 0.2682328 0.9364417 -0.2261145 -9.53674e-7 0.8917384 -0.1525498 0.4260649 0 0 0 0 1 0.346084 -0.3054578 -0.8870859 5.136454 0.2730933 0.9373712 -0.2162296 -9.53674e-7 0.8975778 -0.1674236 0.4078276 0 0 0 0 1 0.3270123 -0.2902157 -0.8993541 5.136455 0.2710146 0.9405031 -0.2049511 0 0.9053254 -0.1767166 0.3862088 7.62939e-6 0 0 0 1 0.3099057 -0.2708893 -0.9113603 5.136454 0.2639327 0.9453894 -0.1912546 -9.53674e-7 0.9133991 -0.1812668 0.3644782 0 0 0 0 1 0.2973886 -0.2482345 -0.9219217 5.136454 0.2540032 0.9513809 -0.1742318 0 0.920349 -0.1823565 0.3459822 7.62939e-6 0 0 0 1 0.2923001 -0.2230296 -0.9299562 5.136455 0.2433881 0.9577543 -0.1531957 9.53674e-7 0.9248366 -0.1815611 0.3342344 7.62939e-6 0 0 0 1 0.2975039 -0.1962681 -0.9343287 5.136454 0.2338744 0.9638053 -0.1279911 9.53674e-7 0.9256316 -0.1804378 0.3326381 0 0 0 0 1 0.3129229 -0.1700596 -0.93443 5.136456 0.2255706 0.9689972 -0.1008113 9.53674e-7 0.9226037 -0.1792337 0.3415818 0 0 0 0 1 0.3355755 -0.1453129 -0.930738 5.136456 0.2165207 0.9734756 -0.07391941 -9.53674e-7 0.9167922 -0.1767184 0.3581379 7.62939e-6 0 0 0 1 0.3620975 -0.1226343 -0.924038 5.136454 0.2049785 0.9775185 -0.04940831 0 0.9093236 -0.1715173 0.3790944 0 0 0 0 1 0.3888996 -0.1026018 -0.9155491 5.136455 0.1898601 0.9813729 -0.0293312 0 0.9015046 -0.1624193 0.4011356 0 0 0 0 1 0.412307 -0.08585596 -0.9069902 5.136455 0.1708624 0.9851715 -0.01558458 9.53674e-7 0.8948792 -0.148545 0.4208629 0 0 0 0 1 0.4287053 -0.07321405 -0.9004729 5.136454 0.1483846 0.9888814 -0.009758055 9.53674e-7 0.8911753 -0.129433 0.4348027 7.62939e-6 0 0 0 1 0.4358915 -0.06576049 -0.8975936 5.136454 0.1232772 0.9922893 -0.01283216 -4.76837e-7 0.8915162 -0.1050594 0.4406372 -7.62939e-6 0 0 0 1 0.4362694 -0.06447768 -0.897503 5.136454 0.09661656 0.9950196 -0.02451896 9.53674e-7 0.8946142 -0.07601678 0.4403262 7.62939e-6 0 0 0 1</float_array>
        <technique_common>
          <accessor source="#node-EidelwindRigArmL1_matrix-output-array" count="31" stride="16">
            <param name="TRANSFORM" type="float4x4"/>
          </accessor>
        </technique_common>
      </source>
      <source id="node-EidelwindRigArmL1_matrix-interpolation">
        <Name_array id="node-EidelwindRigArmL1_matrix-interpolation-array" count="31">LINEAR LINEAR LINEAR LINEAR LINEAR LINEAR LINEAR LINEAR LINEAR LINEAR LINEAR LINEAR LINEAR LINEAR LINEAR LINEAR LINEAR LINEAR LINEAR LINEAR LINEAR LINEAR LINEAR LINEAR LINEAR LINEAR LINEAR LINEAR LINEAR LINEAR LINEAR</Name_array>
        <technique_common>
          <accessor source="#node-EidelwindRigArmL1_matrix-interpolation-array" count="31" stride="1">
            <param name="INTERPOLATION" type="name"/>
          </accessor>
        </technique_common>
      </source>
      <source id="node-EidelwindRigArmL2_matrix-input">
        <float_array id="node-EidelwindRigArmL2_matrix-input-array" count="31">0 0.03333333 0.06666667 0.1 0.1333333 0.1666667 0.2 0.2333333 0.2666667 0.3 0.3333333 0.3666667 0.4 0.4333333 0.4666667 0.5 0.5333333 0.5666667 0.6 0.6333333 0.6666667 0.7 0.7333333 0.7666667 0.8 0.8333333 0.8666667 0.9 0.9333333 0.9666667 1</float_array>
        <technique_common>
          <accessor source="#node-EidelwindRigArmL2_matrix-input-array" count="31" stride="1">
            <param name="TIME" type="float"/>
          </accessor>
        </technique_common>
      </source>
      <source id="node-EidelwindRigArmL2_matrix-output">
        <float_array id="node-EidelwindRigArmL2_matrix-output-array" count="496">0.9737017 -0.2278275 5.36442e-7 13.02649 0.2278276 0.9737017 -1.29336e-4 0 2.89381e-5 1.26064e-4 1 3.8147e-6 0 0 0 1 0.9857744 -0.1680744 5.06639e-7 13.02649 0.1680744 0.9857743 -1.29336e-4 2.38419e-7 2.12193e-5 1.27595e-4 1 3.8147e-6 0 0 0 1 0.9928755 -0.1191571 5.36442e-7 13.02648 0.1191571 0.9928754 -1.29338e-4 0 1.4931e-5 1.28474e-4 0.9999998 0 0 0 0 1 0.9964132 -0.08462166 5.66244e-7 13.02649 0.08462172 0.9964131 -1.29331e-4 0 1.04308e-5 1.28916e-4 1 0 0 0 0 1 0.9976948 -0.06786167 5.06639e-7 13.02649 0.06786173 0.9976947 -1.29336e-4 0 8.34465e-6 1.29076e-4 1 0 0 0 0 1 0.9975079 -0.07055461 5.36442e-7 13.02647 0.07055467 0.9975079 -1.29333e-4 4.76837e-7 8.64267e-6 1.29052e-4 1 -3.8147e-6 0 0 0 1 0.9960725 -0.08854073 5.36442e-7 13.0265 0.08854073 0.9960726 -1.29333e-4 4.76837e-7 1.09375e-5 1.28875e-4 1 0 0 0 0 1 0.9928269 -0.1195594 5.06639e-7 13.02648 0.1195595 0.992827 -1.29335e-4 0 1.49608e-5 1.28472e-4 0.9999999 -3.8147e-6 0 0 0 1 0.9869191 -0.1612165 5.06639e-7 13.02649 0.1612166 0.9869191 -1.29335e-4 0 2.0355e-5 1.27725e-4 1 0 0 0 0 1 0.9774196 -0.2113075 5.36442e-7 13.02648 0.2113075 0.9774196 -1.29336e-4 0 2.68221e-5 1.26529e-4 1 0 0 0 0 1 0.9635667 -0.2674685 5.06639e-7 13.02648 0.2674685 0.9635665 -1.29333e-4 0 3.41237e-5 1.2476e-4 0.9999999 0 0 0 0 1 0.9449239 -0.3272899 5.06639e-7 13.02648 0.3272899 0.9449239 -1.29336e-4 0 4.18723e-5 1.22376e-4 1 0 0 0 0 1 0.921498 -0.3883834 5.36442e-7 13.02648 0.3883834 0.9214978 -1.29335e-4 0 4.98295e-5 1.19388e-4 1 0 0 0 0 1 0.8937991 -0.4484674 5.06639e-7 13.02648 0.4484673 0.8937992 -1.29336e-4 0 5.75483e-5 1.15827e-4 1 0 0 0 0 1 0.8628517 -0.5054572 5.36442e-7 13.02648 0.5054571 0.8628517 -1.29336e-4 -1.19209e-7 6.49095e-5 1.11863e-4 1 0 0 0 0 1 0.8302018 -0.5574631 5.06639e-7 13.02649 0.557463 0.8302018 -1.29337e-4 -2.38419e-7 7.17044e-5 1.07616e-4 1 0 0 0 0 1 0.797627 -0.603151 5.36442e-7 13.02649 0.6031512 0.797627 -1.29336e-4 -1.19209e-7 7.75754e-5 1.03429e-4 1 -3.8147e-6 0 0 0 1 0.7673344 -0.6412472 5.06639e-7 13.02648 0.6412471 0.7673343 -1.29333e-4 0 8.2612e-5 9.95398e-5 0.9999999 3.8147e-6 0 0 0 1 0.741625 -0.6708148 5.06639e-7 13.02648 0.6708148 0.741625 -1.29329e-4 0 8.63969e-5 9.62317e-5 1 -3.8147e-6 0 0 0 1 0.7228048 -0.6910523 5.06639e-7 13.02648 0.6910524 0.7228047 -1.29336e-4 4.76837e-7 8.90046e-5 9.38177e-5 1 0 0 0 0 1 0.7130385 -0.701125 5.06639e-7 13.02649 0.7011249 0.7130385 -1.29335e-4 4.76837e-7 9.03308e-5 9.25362e-5 1 0 0 0 0 1 0.7147522 -0.6993778 5.06639e-7 13.02648 0.6993778 0.7147522 -1.29333e-4 0 9.01222e-5 9.28044e-5 1 0 0 0 0 1 0.7300268 -0.6834185 5.36442e-7 13.02648 0.6834186 0.7300268 -1.2934e-4 -4.76837e-7 8.8051e-5 9.47714e-5 0.9999999 0 0 0 0 1 0.7562039 -0.654336 4.76837e-7 13.02648 0.6543359 0.756204 -1.29336e-4 4.76837e-7 8.42959e-5 9.81241e-5 0.9999999 0 0 0 0 1 0.7897825 -0.6133869 5.06639e-7 13.02648 0.6133871 0.7897825 -1.29338e-4 4.76837e-7 7.89165e-5 1.0246e-4 1 0 0 0 0 1 0.8271786 -0.5619392 5.06639e-7 13.02648 0.5619393 0.8271785 -1.29331e-4 0 7.22408e-5 1.07259e-4 1 -3.8147e-6 0 0 0 1 0.8650044 -0.5017644 5.36442e-7 13.02648 0.5017644 0.8650044 -1.2934e-4 0 6.44624e-5 1.12161e-4 0.9999999 0 0 0 0 1 0.9003438 -0.4351792 5.06639e-7 13.02648 0.4351792 0.9003439 -1.29336e-4 0 5.58197e-5 1.16661e-4 1 3.8147e-6 0 0 0 1 0.9309847 -0.365058 5.06639e-7 13.02648 0.3650579 0.9309847 -1.29338e-4 -2.38419e-7 4.67896e-5 1.20565e-4 0.9999999 -3.8147e-6 0 0 0 1 0.9555798 -0.2947326 5.06639e-7 13.02648 0.2947325 0.9555798 -1.29336e-4 0 3.76701e-5 1.23739e-4 1 0 0 0 0 1 0.9736782 -0.2279274 4.76837e-7 13.02648 0.2279274 0.9736782 -1.29336e-4 0 2.89977e-5 1.26041e-4 1 0 0 0 0 1</float_array>
        <technique_common>
          <accessor source="#node-EidelwindRigArmL2_matrix-output-array" count="31" stride="16">
            <param name="TRANSFORM" type="float4x4"/>
          </accessor>
        </technique_common>
      </source>
      <source id="node-EidelwindRigArmL2_matrix-interpolation">
        <Name_array id="node-EidelwindRigArmL2_matrix-interpolation-array" count="31">LINEAR LINEAR LINEAR LINEAR LINEAR LINEAR LINEAR LINEAR LINEAR LINEAR LINEAR LINEAR LINEAR LINEAR LINEAR LINEAR LINEAR LINEAR LINEAR LINEAR LINEAR LINEAR LINEAR LINEAR LINEAR LINEAR LINEAR LINEAR LINEAR LINEAR LINEAR</Name_array>
        <technique_common>
          <accessor source="#node-EidelwindRigArmL2_matrix-interpolation-array" count="31" stride="1">
            <param name="INTERPOLATION" type="name"/>
          </accessor>
        </technique_common>
      </source>
      <source id="node-EidelwindRigArmLPalm_matrix-input">
        <float_array id="node-EidelwindRigArmLPalm_matrix-input-array" count="31">0 0.03333333 0.06666667 0.1 0.1333333 0.1666667 0.2 0.2333333 0.2666667 0.3 0.3333333 0.3666667 0.4 0.4333333 0.4666667 0.5 0.5333333 0.5666667 0.6 0.6333333 0.6666667 0.7 0.7333333 0.7666667 0.8 0.8333333 0.8666667 0.9 0.9333333 0.9666667 1</float_array>
        <technique_common>
          <accessor source="#node-EidelwindRigArmLPalm_matrix-input-array" count="31" stride="1">
            <param name="TIME" type="float"/>
          </accessor>
        </technique_common>
      </source>
      <source id="node-EidelwindRigArmLPalm_matrix-output">
        <float_array id="node-EidelwindRigArmLPalm_matrix-output-array" count="496">0.9456292 0.01172977 -0.3250349 16.47033 0.3217822 -0.1792104 0.9296989 0 -0.04734444 -0.9837409 -0.1732411 0 0 0 0 1 0.9544408 0.01035583 -0.2982208 16.47033 0.2953525 -0.1752682 0.9391742 0 -0.04254275 -0.9844664 -0.1703417 0 0 0 0 1 0.9659742 0.005948305 -0.2585698 16.47033 0.2559942 -0.1645768 0.9525658 -4.76837e-7 -0.03688842 -0.9863464 -0.1604996 0 0 0 0 1 0.9781836 -0.001390278 -0.2077378 16.47033 0.2052303 -0.1485768 0.9673705 3.57628e-7 -0.03220993 -0.9889 -0.14505 0 0 0 0 1 0.9889993 -0.01058375 -0.1475414 16.47033 0.1449923 -0.128122 0.9811024 0 -0.02928704 -0.991702 -0.1251779 -3.8147e-6 0 0 0 1 0.9965882 -0.01964133 -0.08016186 16.47033 0.07771772 -0.103576 0.9915806 0 -0.02777892 -0.9944276 -0.1016962 3.8147e-6 0 0 0 1 0.9996342 -0.02573966 -0.008298873 16.47033 0.006339848 -0.07527601 0.9971424 2.38419e-7 -0.02629089 -0.9968304 -0.07508528 0 0 0 0 1 0.9975351 -0.02646094 0.0649901 16.47033 -0.06609815 -0.04340976 0.9968685 0 -0.02355682 -0.9987068 -0.04505175 0 0 0 0 1 0.9905635 -0.02003437 0.1355822 16.47033 -0.1357848 -0.009116888 0.9906964 0 -0.01861196 -0.9997577 -0.01175117 0 0 0 0 1 0.9797543 -0.005691468 0.2001228 16.47033 -0.1999176 0.02560228 0.9794784 0 -0.01069831 -0.9996561 0.02394616 0 0 0 0 1 0.9666863 0.01630997 0.255444 16.47033 -0.2559624 0.05793231 0.9649494 0 9.39786e-4 -0.9981872 0.06017714 0 0 0 0 1 0.9531968 0.04441696 0.2990703 16.47033 -0.3018831 0.08482778 0.9495636 0 0.01680725 -0.9954051 0.09426629 0 0 0 0 1 0.9411501 0.07576549 0.3293875 16.47033 -0.3359798 0.1036136 0.9361528 0 0.03679907 -0.9917276 0.1229715 0 0 0 0 1 0.9323273 0.1064833 0.3455824 16.47033 -0.3566254 0.1125345 0.927445 1.90735e-6 0.0598675 -0.9879257 0.1428936 0 0 0 0 1 0.9283998 0.1322944 0.3472347 16.47033 -0.3619956 0.1111098 0.9255341 0 0.08386182 -0.9849632 0.1510444 0 0 0 0 1 0.9304841 0.1495108 0.334434 16.47033 -0.3507641 0.100305 0.9310764 0 0.1056606 -0.9836591 0.1457753 0 0 0 0 1 0.9379567 0.1566732 0.3093391 16.47033 -0.3245422 0.08250731 0.942266 0 0.1221051 -0.9841982 0.1282353 3.8147e-6 0 0 0 1 0.9494633 0.1550617 0.2729022 16.47033 -0.284978 0.0614469 0.9565626 0 0.1315572 -0.9859921 0.1025307 0 0 0 0 1 0.9630558 0.1472063 0.2255077 16.47033 -0.2336318 0.0402261 0.9714925 0 0.1339384 -0.9882874 0.07313209 3.8147e-6 0 0 0 1 0.9763992 0.135643 0.1680641 16.47033 -0.1723958 0.02076178 0.9848091 0 0.130093 -0.9905403 0.04365611 0 0 0 0 1 0.9872134 0.122178 0.1023833 16.47033 -0.1036248 0.003833889 0.9946092 -3.8147e-6 0.1211268 -0.992501 0.01644551 0 0 0 0 1 0.9937176 0.1074846 0.03118401 16.47033 -0.03019762 -0.01079404 0.9994857 0 0.1077659 -0.9941482 -0.007480382 0 0 0 0 1 0.9949467 0.09122508 -0.04194116 16.47033 0.04434925 -0.02453023 0.9987149 0 0.090079 -0.9955281 -0.02845209 0 0 0 0 1 0.9908706 0.07310718 -0.1132738 16.47033 0.116409 -0.04014021 0.99239 3.8147e-6 0.06800395 -0.996516 -0.04828417 -3.8147e-6 0 0 0 1 0.9823623 0.05425202 -0.1789448 16.47033 0.1820797 -0.05971127 0.9814691 0 0.04256159 -0.9967405 -0.06853628 0 0 0 0 1 0.9711033 0.03674161 -0.2358145 16.47033 0.2381366 -0.08378982 0.9676107 0 0.01579266 -0.9958059 -0.09011816 7.62939e-6 0 0 0 1 0.9592905 0.02289694 -0.2814916 16.47033 0.2822641 -0.1109761 0.9528962 3.8147e-6 -0.009420394 -0.9935593 -0.1129213 0 0 0 0 1 0.9492106 0.01430052 -0.3143164 16.47033 0.3132127 -0.138041 0.9395971 0 -0.02995187 -0.9903233 -0.135509 0 0 0 0 1 0.9427873 0.01099663 -0.3332135 16.47033 0.3305724 -0.1606078 0.9300144 0 -0.0432896 -0.986957 -0.1550541 0 0 0 0 1 0.9413711 0.01116049 -0.3371888 16.47033 0.3338595 -0.1746886 0.9262948 0 -0.04856508 -0.9845606 -0.1681729 3.8147e-6 0 0 0 1 0.9456188 0.01172983 -0.3250657 16.47033 0.3218124 -0.1792109 0.9296883 0 -0.04735022 -0.9837408 -0.17324 0 0 0 0 1</float_array>
        <technique_common>
          <accessor source="#node-EidelwindRigArmLPalm_matrix-output-array" count="31" stride="16">
            <param name="TRANSFORM" type="float4x4"/>
          </accessor>
        </technique_common>
      </source>
      <source id="node-EidelwindRigArmLPalm_matrix-interpolation">
        <Name_array id="node-EidelwindRigArmLPalm_matrix-interpolation-array" count="31">LINEAR LINEAR LINEAR LINEAR LINEAR LINEAR LINEAR LINEAR LINEAR LINEAR LINEAR LINEAR LINEAR LINEAR LINEAR LINEAR LINEAR LINEAR LINEAR LINEAR LINEAR LINEAR LINEAR LINEAR LINEAR LINEAR LINEAR LINEAR LINEAR LINEAR LINEAR</Name_array>
        <technique_common>
          <accessor source="#node-EidelwindRigArmLPalm_matrix-interpolation-array" count="31" stride="1">
            <param name="INTERPOLATION" type="name"/>
          </accessor>
        </technique_common>
      </source>
      <source id="node-EidelwindRigArmLThumb1_matrix-input">
        <float_array id="node-EidelwindRigArmLThumb1_matrix-input-array" count="31">0 0.03333333 0.06666667 0.1 0.1333333 0.1666667 0.2 0.2333333 0.2666667 0.3 0.3333333 0.3666667 0.4 0.4333333 0.4666667 0.5 0.5333333 0.5666667 0.6 0.6333333 0.6666667 0.7 0.7333333 0.7666667 0.8 0.8333333 0.8666667 0.9 0.9333333 0.9666667 1</float_array>
        <technique_common>
          <accessor source="#node-EidelwindRigArmLThumb1_matrix-input-array" count="31" stride="1">
            <param name="TIME" type="float"/>
          </accessor>
        </technique_common>
      </source>
      <source id="node-EidelwindRigArmLThumb1_matrix-output">
        <float_array id="node-EidelwindRigArmLThumb1_matrix-output-array" count="496">0.9022365 0.02224808 -0.4306671 2.187229 -0.4310497 0.01672518 -0.9021734 -1.812942 -0.01286858 0.9996125 0.02468013 1.508682 0 0 0 1 0.9061974 0.02711611 -0.4219841 2.187225 -0.4222152 0.003162801 -0.9064902 -1.812942 -0.02324593 0.9996274 0.01431506 1.508673 0 0 0 1 0.9097042 0.03177917 -0.4140388 2.187225 -0.4139555 -0.009473264 -0.9102478 -1.812939 -0.03284931 0.9994501 0.004537284 1.508675 0 0 0 1 0.9126621 0.03600519 -0.4071257 2.187233 -0.4066236 -0.02065277 -0.9133626 -1.812946 -0.04129415 0.9991382 -0.004208326 1.508677 0 0 0 1 0.914993 0.03954768 -0.4015262 2.187225 -0.4005801 -0.02983987 -0.9157757 -1.812942 -0.04819834 0.998772 -0.01146113 1.508676 0 0 0 1 0.9166268 0.04215329 -0.3975149 2.187229 -0.3961904 -0.03649705 -0.9174428 -1.812946 -0.05318146 0.9984442 -0.01675337 1.508676 0 0 0 1 0.9174892 0.04357248 -0.3953668 2.187222 -0.3938184 -0.04008871 -0.9183139 -1.812939 -0.05586302 0.9982457 -0.01962125 1.508676 0 0 0 1 0.9174919 0.04357713 -0.3953598 2.187229 -0.3938106 -0.04010039 -0.9183164 -1.812942 -0.05587172 0.9982451 -0.01963055 1.508676 0 0 0 1 0.9166347 0.04216611 -0.3974953 2.187222 -0.3961691 -0.03652954 -0.9174507 -1.812939 -0.05320572 0.9984427 -0.01677924 1.508676 0 0 0 1 0.9150056 0.03956711 -0.4014961 2.187233 -0.4005472 -0.02988988 -0.9157886 -1.812942 -0.04823583 0.9987698 -0.01150083 1.508675 0 0 0 1 0.9126787 0.03602975 -0.4070864 2.187229 -0.4065814 -0.02071696 -0.9133798 -1.812942 -0.04134249 0.999136 -0.004258811 1.508676 0 0 0 1 0.9097244 0.03180718 -0.4139922 2.187225 -0.4139064 -0.009548246 -0.9102693 -1.812935 -0.03290605 0.9994485 0.004478931 1.508676 0 0 0 1 0.906221 0.0271461 -0.4219319 2.187225 -0.4221615 0.003080368 -0.9065155 -1.812942 -0.02330869 0.9996269 0.01425164 1.508676 0 0 0 1 0.9022623 0.02227866 -0.4306112 2.187229 -0.4309931 0.01663863 -0.9022016 -1.812946 -0.0129351 0.9996134 0.02461439 1.508677 0 0 0 1 0.8979657 0.01741576 -0.4397202 2.187229 -0.4400597 0.03060501 -0.8974469 -1.812942 -0.002172112 0.9993797 0.03514635 1.508675 0 0 0 1 0.8934816 0.01275032 -0.4489182 2.187229 -0.4490175 0.04444903 -0.8924165 -1.81295 0.00857526 0.9989304 0.04543954 1.508674 0 0 0 1 0.8889666 0.008426189 -0.457894 2.187225 -0.4575796 0.0577197 -0.8872932 -1.812942 0.01895296 0.9982973 0.0551666 1.508677 0 0 0 1 0.8846247 0.004582881 -0.4662808 2.187222 -0.4654284 0.069916 -0.88232 -1.81295 0.02855688 0.9975425 0.06398254 1.508675 0 0 0 1 0.8806757 0.001329421 -0.4737177 2.187225 -0.4722724 0.08057332 -0.8777626 -1.812942 0.03700202 0.9967479 0.07158684 1.508675 0 0 0 1 0.8773553 -0.001242339 -0.4798392 2.187233 -0.477828 0.08923858 -0.8739088 -1.812942 0.04390591 0.9960097 0.07770037 1.508667 0 0 0 1 0.8749079 -0.003048956 -0.4842795 2.187225 -0.4818155 0.09546512 -0.8710569 -1.812942 0.04888755 0.995428 0.08205419 1.508675 0 0 0 1 0.8735737 -0.004003405 -0.4866752 2.187222 -0.4839523 0.09880417 -0.8694986 -1.812942 0.05156654 0.9950989 0.08437526 1.508675 0 0 0 1 0.8735683 -0.004007279 -0.4866849 2.187233 -0.4839609 0.0988177 -0.8694923 -1.812935 0.05157727 0.9950975 0.08438473 1.508678 0 0 0 1 0.8748928 -0.003059923 -0.4843067 2.187223 -0.4818397 0.09550297 -0.8710394 -1.812942 0.04891794 0.9954245 0.08208054 1.508675 0 0 0 1 0.8773327 -0.001259505 -0.4798809 2.187231 -0.4778658 0.08929723 -0.8738826 -1.81295 0.04395276 0.9960042 0.07774156 1.508667 0 0 0 1 0.8806472 0.001306653 -0.4737711 2.187227 -0.4723212 0.08064931 -0.8777292 -1.812942 0.0370624 0.9967418 0.07164078 1.508675 0 0 0 1 0.8845921 0.004555046 -0.4663431 2.187223 -0.4654861 0.07000583 -0.8822823 -1.812939 0.02862769 0.9975363 0.06404697 1.508675 0 0 0 1 0.8889318 0.008394122 -0.4579624 2.187229 -0.4576439 0.05781972 -0.8872537 -1.812942 0.01903152 0.9982917 0.05523937 1.508675 0 0 0 1 0.8934464 0.01271498 -0.4489898 2.187225 -0.4490866 0.04455566 -0.8923768 -1.812942 0.008658349 0.9989261 0.04551821 1.508675 0 0 0 1 0.8979381 0.01738584 -0.4397778 2.187225 -0.4401164 0.03069251 -0.8974161 -1.81295 -0.002104401 0.9993774 0.03521186 1.508678 0 0 0 1 0.9022299 0.02224045 -0.4306811 2.187222 -0.4310637 0.01674687 -0.9021663 -1.812942 -0.01285195 0.9996123 0.02469658 1.508678 0 0 0 1</float_array>
        <technique_common>
          <accessor source="#node-EidelwindRigArmLThumb1_matrix-output-array" count="31" stride="16">
            <param name="TRANSFORM" type="float4x4"/>
          </accessor>
        </technique_common>
      </source>
      <source id="node-EidelwindRigArmLThumb1_matrix-interpolation">
        <Name_array id="node-EidelwindRigArmLThumb1_matrix-interpolation-array" count="31">LINEAR LINEAR LINEAR LINEAR LINEAR LINEAR LINEAR LINEAR LINEAR LINEAR LINEAR LINEAR LINEAR LINEAR LINEAR LINEAR LINEAR LINEAR LINEAR LINEAR LINEAR LINEAR LINEAR LINEAR LINEAR LINEAR LINEAR LINEAR LINEAR LINEAR LINEAR</Name_array>
        <technique_common>
          <accessor source="#node-EidelwindRigArmLThumb1_matrix-interpolation-array" count="31" stride="1">
            <param name="INTERPOLATION" type="name"/>
          </accessor>
        </technique_common>
      </source>
      <source id="node-EidelwindRigArmLDigit21_matrix-input">
        <float_array id="node-EidelwindRigArmLDigit21_matrix-input-array" count="31">0 0.03333333 0.06666667 0.1 0.1333333 0.1666667 0.2 0.2333333 0.2666667 0.3 0.3333333 0.3666667 0.4 0.4333333 0.4666667 0.5 0.5333333 0.5666667 0.6 0.6333333 0.6666667 0.7 0.7333333 0.7666667 0.8 0.8333333 0.8666667 0.9 0.9333333 0.9666667 1</float_array>
        <technique_common>
          <accessor source="#node-EidelwindRigArmLDigit21_matrix-input-array" count="31" stride="1">
            <param name="TIME" type="float"/>
          </accessor>
        </technique_common>
      </source>
      <source id="node-EidelwindRigArmLDigit21_matrix-output">
        <float_array id="node-EidelwindRigArmLDigit21_matrix-output-array" count="496">0.9999464 0.01035648 0 2.314159 -0.01035648 0.9999464 0 0.2587242 0 0 1 0 0 0 0 1 0.999792 0.02039146 0 2.314159 -0.02039146 0.999792 0 0.2587204 0 0 1 0 0 0 0 1 0.9995594 0.0296837 0 2.314163 -0.0296837 0.9995594 0 0.2587242 0 0 1 -1.90735e-6 0 0 0 1 0.9992831 0.03786134 0 2.314167 -0.03786134 0.9992831 0 0.2587204 0 0 1 0 0 0 0 1 0.999007 0.04455268 0 2.314163 -0.04455268 0.9990071 0 0.2587204 0 0 1 0 0 0 0 1 0.9987797 0.04938578 0 2.314163 -0.04938578 0.9987798 0 0.2587166 0 0 1 0 0 0 0 1 0.9986477 0.05198812 0 2.314159 -0.05198818 0.9986478 0 0.2587242 0 0 1 0 0 0 0 1 0.9986473 0.05199664 0 2.314167 -0.05199652 0.9986473 0 0.258728 0 0 1 0 0 0 0 1 0.9987786 0.04940938 0 2.314167 -0.04940938 0.9987786 0 0.258728 0 0 1 2.38419e-7 0 0 0 1 0.9990056 0.0445891 0 2.314163 -0.0445891 0.9990055 0 0.2587204 0 0 1 0 0 0 0 1 0.9992814 0.03790819 0 2.314159 -0.03790819 0.9992813 0 0.2587204 0 0 1 0 0 0 0 1 0.9995577 0.02973872 0 2.314163 -0.02973866 0.9995577 0 0.2587204 0 0 1 0 0 0 0 1 0.999791 0.0204522 0 2.314159 -0.0204522 0.9997909 0 0.2587166 0 0 1 -3.57628e-7 0 0 0 1 0.9999457 0.01042073 0 2.314171 -0.01042068 0.9999457 0 0.2587166 0 0 1 -9.53674e-7 0 0 0 1 0.9999999 1.63913e-5 0 2.314167 -1.63615e-5 1 0 0.258728 0 0 1 0 0 0 0 1 0.9999461 -0.01037251 0 2.314159 0.01037251 0.9999462 0 0.2587204 0 0 1 -2.86102e-6 0 0 0 1 0.9997916 -0.0204066 0 2.314171 0.02040666 0.9997917 0 0.2587204 0 0 1 0 0 0 0 1 0.999559 -0.02969747 0 2.314163 0.02969747 0.9995589 0 0.2587166 0 0 1 0 0 0 0 1 0.9992826 -0.03787308 0 2.314171 0.03787302 0.9992827 0 0.2587204 0 0 1 0 0 0 0 1 0.9990065 -0.0445618 0 2.314163 0.0445618 0.9990066 0 0.2587204 0 0 0.9999999 0 0 0 0 1 0.9987794 -0.04939174 0 2.314159 0.04939168 0.9987795 0 0.2587242 0 0 0.9999999 0 0 0 0 1 0.9986476 -0.05199027 0 2.314159 0.05199027 0.9986476 0 0.258728 0 0 1 -3.8147e-6 0 0 0 1 0.998647 -0.05200076 0 2.314167 0.05200076 0.998647 0 0.2587242 0 0 1 -3.8147e-6 0 0 0 1 0.9987781 -0.04942119 0 2.314165 0.04942113 0.998778 0 0.2587204 0 0 1 0 0 0 0 1 0.9990047 -0.04460722 0 2.314165 0.04460722 0.9990047 0 0.2587204 0 0 1 3.8147e-6 0 0 0 1 0.9992805 -0.03793156 0 2.314165 0.03793156 0.9992805 0 0.2587204 0 0 1 3.8147e-6 0 0 0 1 0.9995569 -0.02976614 0 2.314163 0.02976614 0.9995568 0 0.258728 0 0 0.9999999 0 0 0 0 1 0.9997901 -0.02048259 0 2.314163 0.02048259 0.9997902 0 0.2587204 0 0 0.9999999 1.14441e-5 0 0 0 1 0.9999454 -0.01045286 0 2.314167 0.0104528 0.9999454 0 0.2587166 0 0 1 0 0 0 0 1 1 -4.90248e-5 0 2.314165 4.90546e-5 1 0 0.2587242 0 0 1 0 0 0 0 1 0.9999465 0.01034045 0 2.314159 -0.01034039 0.9999466 0 0.2587204 0 0 1 3.8147e-6 0 0 0 1</float_array>
        <technique_common>
          <accessor source="#node-EidelwindRigArmLDigit21_matrix-output-array" count="31" stride="16">
            <param name="TRANSFORM" type="float4x4"/>
          </accessor>
        </technique_common>
      </source>
      <source id="node-EidelwindRigArmLDigit21_matrix-interpolation">
        <Name_array id="node-EidelwindRigArmLDigit21_matrix-interpolation-array" count="31">LINEAR LINEAR LINEAR LINEAR LINEAR LINEAR LINEAR LINEAR LINEAR LINEAR LINEAR LINEAR LINEAR LINEAR LINEAR LINEAR LINEAR LINEAR LINEAR LINEAR LINEAR LINEAR LINEAR LINEAR LINEAR LINEAR LINEAR LINEAR LINEAR LINEAR LINEAR</Name_array>
        <technique_common>
          <accessor source="#node-EidelwindRigArmLDigit21_matrix-interpolation-array" count="31" stride="1">
            <param name="INTERPOLATION" type="name"/>
          </accessor>
        </technique_common>
      </source>
      <source id="node-EidelwindRigArmLDigit22_matrix-input">
        <float_array id="node-EidelwindRigArmLDigit22_matrix-input-array" count="31">0 0.03333333 0.06666667 0.1 0.1333333 0.1666667 0.2 0.2333333 0.2666667 0.3 0.3333333 0.3666667 0.4 0.4333333 0.4666667 0.5 0.5333333 0.5666667 0.6 0.6333333 0.6666667 0.7 0.7333333 0.7666667 0.8 0.8333333 0.8666667 0.9 0.9333333 0.9666667 1</float_array>
        <technique_common>
          <accessor source="#node-EidelwindRigArmLDigit22_matrix-input-array" count="31" stride="1">
            <param name="TIME" type="float"/>
          </accessor>
        </technique_common>
      </source>
      <source id="node-EidelwindRigArmLDigit22_matrix-output">
        <float_array id="node-EidelwindRigArmLDigit22_matrix-output-array" count="496">0.9973105 0.07329148 0 2.049694 -0.07329154 0.9973105 0 0 0 0 1 0 0 0 0 1 0.9965248 0.08329683 0 2.049694 -0.08329683 0.9965248 0 -3.8147e-6 0 0 1 0 0 0 0 1 0.9957075 0.09255599 0 2.04969 -0.09255605 0.9957075 0 0 0 0 1 0 0 0 0 1 0.9949169 0.1007001 0 2.04969 -0.1007 0.9949169 0 7.62939e-6 0 0 1 0 0 0 0 1 0.9942201 0.1073607 0 2.04969 -0.1073608 0.9942201 0 0 0 0 1 0 0 0 0 1 0.9936892 0.11217 0 2.04969 -0.11217 0.993689 0 0 0 0 1 0 0 0 0 1 0.9933934 0.1147588 0 2.04969 -0.1147588 0.9933935 0 -3.8147e-6 0 0 1 0 0 0 0 1 0.9933924 0.1147672 0 2.049686 -0.1147672 0.9933924 0 0 0 0 1 0 0 0 0 1 0.9936865 0.1121934 0 2.04969 -0.1121934 0.9936864 0 0 0 0 1 -2.38419e-7 0 0 0 1 0.9942164 0.1073969 0 2.049694 -0.107397 0.9942163 0 3.8147e-6 0 0 1 0 0 0 0 1 0.9949121 0.1007467 0 2.04969 -0.1007466 0.9949123 0 3.8147e-6 0 0 1 0 0 0 0 1 0.9957025 0.09261077 0 2.04969 -0.09261083 0.9957025 0 0 0 0 1 -2.38419e-7 0 0 0 1 0.9965198 0.08335739 0 2.04969 -0.08335745 0.9965198 0 0 0 0 1 -3.57628e-7 0 0 0 1 0.9973058 0.07335561 0 2.049694 -0.07335555 0.9973058 0 0 0 0 1 2.38419e-7 0 0 0 1 0.9980152 0.06297522 0 2.04969 -0.06297528 0.9980152 0 0 0 0 1 -4.76837e-7 0 0 0 1 0.9986155 0.05260366 0 2.04969 -0.05260354 0.9986155 0 0 0 0 1 0 0 0 0 1 0.9990931 0.04257959 0 2.04969 -0.04257965 0.999093 0 0 0 0 1 0 0 0 0 1 0.9994457 0.03329265 0 2.04969 -0.03329259 0.9994457 0 0 0 0 1 0 0 0 0 1 0.9996846 0.02511578 0 2.04969 -0.02511584 0.9996846 0 0 0 0 1 0 0 0 0 1 0.9998304 0.01842296 0 2.049686 -0.01842296 0.9998303 0 0 0 0 1 0 0 0 0 1 0.9999077 0.0135883 0 2.04969 -0.0135883 0.9999077 0 0 0 0 1 0 0 0 0 1 0.9999396 0.01098668 0 2.049692 -0.01098662 0.9999397 0 0 0 0 1 0 0 0 0 1 0.9999398 0.01097607 0 2.049692 -0.01097613 0.9999397 0 0 0 0 1 0 0 0 0 1 0.999908 0.01355886 0 2.04969 -0.01355886 0.999908 0 0 0 0 1 0 0 0 0 1 0.9998312 0.01837754 0 2.049692 -0.01837754 0.9998312 0 0 0 0 1 0 0 0 0 1 0.999686 0.02505725 0 2.04969 -0.02505725 0.9996861 0 -3.8147e-6 0 0 1 0 0 0 0 1 0.9994479 0.03322392 0 2.049686 -0.03322398 0.999448 0 0 0 0 1 0 0 0 0 1 0.9990964 0.04250377 0 2.04969 -0.04250377 0.9990964 0 3.8147e-6 0 0 1 -3.8147e-6 0 0 0 1 0.9986198 0.05252337 0 2.049692 -0.05252343 0.9986197 0 -3.8147e-6 0 0 1 0 0 0 0 1 0.9980192 0.06291002 0 2.04969 -0.06291002 0.9980192 0 0 0 0 1 0 0 0 0 1 0.9973118 0.0732755 0 2.049686 -0.07327556 0.9973118 0 0 0 0 1 0 0 0 0 1</float_array>
        <technique_common>
          <accessor source="#node-EidelwindRigArmLDigit22_matrix-output-array" count="31" stride="16">
            <param name="TRANSFORM" type="float4x4"/>
          </accessor>
        </technique_common>
      </source>
      <source id="node-EidelwindRigArmLDigit22_matrix-interpolation">
        <Name_array id="node-EidelwindRigArmLDigit22_matrix-interpolation-array" count="31">LINEAR LINEAR LINEAR LINEAR LINEAR LINEAR LINEAR LINEAR LINEAR LINEAR LINEAR LINEAR LINEAR LINEAR LINEAR LINEAR LINEAR LINEAR LINEAR LINEAR LINEAR LINEAR LINEAR LINEAR LINEAR LINEAR LINEAR LINEAR LINEAR LINEAR LINEAR</Name_array>
        <technique_common>
          <accessor source="#node-EidelwindRigArmLDigit22_matrix-interpolation-array" count="31" stride="1">
            <param name="INTERPOLATION" type="name"/>
          </accessor>
        </technique_common>
      </source>
      <source id="node-EidelwindRigArmLDigit23_matrix-input">
        <float_array id="node-EidelwindRigArmLDigit23_matrix-input-array" count="31">0 0.03333333 0.06666667 0.1 0.1333333 0.1666667 0.2 0.2333333 0.2666667 0.3 0.3333333 0.3666667 0.4 0.4333333 0.4666667 0.5 0.5333333 0.5666667 0.6 0.6333333 0.6666667 0.7 0.7333333 0.7666667 0.8 0.8333333 0.8666667 0.9 0.9333333 0.9666667 1</float_array>
        <technique_common>
          <accessor source="#node-EidelwindRigArmLDigit23_matrix-input-array" count="31" stride="1">
            <param name="TIME" type="float"/>
          </accessor>
        </technique_common>
      </source>
      <source id="node-EidelwindRigArmLDigit23_matrix-output">
        <float_array id="node-EidelwindRigArmLDigit23_matrix-output-array" count="496">0.9913158 0.1315029 0 2.04969 -0.131503 0.9913157 0 0 0 0 1 -3.8147e-6 0 0 0 1 0.9899462 0.1414452 0 2.04969 -0.1414452 0.9899461 0 0 0 0 1 0 0 0 0 1 0.9885885 0.1506407 0 2.04969 -0.1506407 0.9885886 0 0 0 0 1 0 0 0 0 1 0.9873229 0.1587246 0 2.04969 -0.1587246 0.9873229 0 0 0 0 1 0 0 0 0 1 0.986238 0.1653331 0 2.049694 -0.1653331 0.9862379 0 0 0 0 1 -9.53674e-7 0 0 0 1 0.9854263 0.170103 0 2.04969 -0.170103 0.9854263 0 0 0 0 1 -4.76837e-7 0 0 0 1 0.9849799 0.1726701 0 2.04969 -0.1726701 0.9849798 0 0 0 0 1 0 0 0 0 1 0.9849782 0.1726785 0 2.04969 -0.1726784 0.9849783 0 1.90735e-6 0 0 1 0 0 0 0 1 0.9854223 0.1701262 0 2.04969 -0.1701263 0.9854223 0 0 0 0 1 0 0 0 0 1 0.9862319 0.165369 0 2.04969 -0.165369 0.9862318 0 0 0 0 1 0 0 0 0 1 0.9873155 0.1587708 0 2.049694 -0.1587708 0.9873154 0 0 0 0 1 0 0 0 0 1 0.9885804 0.1506951 0 2.04969 -0.150695 0.9885803 0 0 0 0 1 2.38419e-7 0 0 0 1 0.9899376 0.1415054 0 2.049694 -0.1415054 0.9899376 0 0 0 0 1 2.38419e-7 0 0 0 1 0.9913073 0.1315667 0 2.049694 -0.1315665 0.9913074 0 0 0 0 1 0 0 0 0 1 0.9926225 0.1212456 0 2.049694 -0.1212455 0.9926225 0 0 0 0 1 0 0 0 0 1 0.9938287 0.1109268 0 2.049686 -0.1109268 0.9938286 0 0 0 0 1 -9.53674e-7 0 0 0 1 0.9948917 0.100948 0 2.04969 -0.100948 0.9948918 0 0 0 0 1 0 0 0 0 1 0.9957869 0.09169739 0 2.049686 -0.09169739 0.9957869 0 0 0 0 0.9999999 0 0 0 0 1 0.9965037 0.0835486 0 2.04969 -0.0835486 0.9965038 0 -3.8147e-6 0 0 1 0 0 0 0 1 0.9970406 0.07687574 0 2.049694 -0.07687574 0.9970406 0 -3.8147e-6 0 0 1 -3.8147e-6 0 0 0 1 0.9974008 0.0720539 0 2.049694 -0.0720539 0.9974007 0 0 0 0 0.9999999 0 0 0 0 1 0.9975848 0.06945854 0 2.049688 -0.0694586 0.9975849 0 0 -1.19209e-7 0 1 3.8147e-6 0 0 0 1 0.9975857 0.06944805 0 2.04969 -0.06944805 0.9975857 0 0 0 0 1 0 0 0 0 1 0.9974028 0.07202452 0 2.04969 -0.07202452 0.9974028 0 0 0 0 1 -3.8147e-6 0 0 0 1 0.9970441 0.07683044 0 2.04969 -0.07683044 0.9970441 0 0 0 0 0.9999999 3.8147e-6 0 0 0 1 0.9965087 0.08349031 0 2.049686 -0.08349025 0.9965087 0 0 0 0 1 -3.8147e-6 0 0 0 1 0.9957934 0.09162902 0 2.049692 -0.09162902 0.9957932 0 0 0 0 1 -7.62939e-6 0 0 0 1 0.9948993 0.1008723 0 2.04969 -0.1008723 0.9948993 0 0 0 0 1 0 0 0 0 1 0.9938374 0.1108469 0 2.04969 -0.1108469 0.9938374 0 0 0 0 1 0 0 0 0 1 0.9926305 0.1211807 0 2.049692 -0.1211806 0.9926306 0 0 0 0 1 0 0 0 0 1 0.991318 0.131487 0 2.04969 -0.131487 0.9913179 0 0 0 0 1 0 0 0 0 1</float_array>
        <technique_common>
          <accessor source="#node-EidelwindRigArmLDigit23_matrix-output-array" count="31" stride="16">
            <param name="TRANSFORM" type="float4x4"/>
          </accessor>
        </technique_common>
      </source>
      <source id="node-EidelwindRigArmLDigit23_matrix-interpolation">
        <Name_array id="node-EidelwindRigArmLDigit23_matrix-interpolation-array" count="31">LINEAR LINEAR LINEAR LINEAR LINEAR LINEAR LINEAR LINEAR LINEAR LINEAR LINEAR LINEAR LINEAR LINEAR LINEAR LINEAR LINEAR LINEAR LINEAR LINEAR LINEAR LINEAR LINEAR LINEAR LINEAR LINEAR LINEAR LINEAR LINEAR LINEAR LINEAR</Name_array>
        <technique_common>
          <accessor source="#node-EidelwindRigArmLDigit23_matrix-interpolation-array" count="31" stride="1">
            <param name="INTERPOLATION" type="name"/>
          </accessor>
        </technique_common>
      </source>
      <source id="node-EidelwindRigArmLDigit24_matrix-input">
        <float_array id="node-EidelwindRigArmLDigit24_matrix-input-array" count="31">0 0.03333333 0.06666667 0.1 0.1333333 0.1666667 0.2 0.2333333 0.2666667 0.3 0.3333333 0.3666667 0.4 0.4333333 0.4666667 0.5 0.5333333 0.5666667 0.6 0.6333333 0.6666667 0.7 0.7333333 0.7666667 0.8 0.8333333 0.8666667 0.9 0.9333333 0.9666667 1</float_array>
        <technique_common>
          <accessor source="#node-EidelwindRigArmLDigit24_matrix-input-array" count="31" stride="1">
            <param name="TIME" type="float"/>
          </accessor>
        </technique_common>
      </source>
      <source id="node-EidelwindRigArmLDigit24_matrix-output">
        <float_array id="node-EidelwindRigArmLDigit24_matrix-output-array" count="496">0.9908472 0.1349878 0 2.04969 -0.1349878 0.9908471 0 0 0 0 1 0 0 0 0 1 0.9894426 0.1449252 0 2.04969 -0.1449252 0.9894426 0 0 0 0 1 0 0 0 0 1 0.9880527 0.1541159 0 2.04969 -0.1541159 0.9880529 0 -1.90735e-6 0 0 1 -1.90735e-6 0 0 0 1 0.9867587 0.1621953 0 2.04969 -0.1621953 0.9867587 0 -1.90735e-6 0 0 1 0 0 0 0 1 0.9856503 0.1687999 0 2.04969 -0.1687999 0.9856503 0 1.90735e-6 0 0 0.9999999 0 0 0 0 1 0.9848222 0.1735669 0 2.049686 -0.1735669 0.9848221 0 0 0 0 1 4.76837e-7 0 0 0 1 0.9843665 0.1761325 0 2.049694 -0.1761325 0.9843664 0 0 0 0 1 -2.38419e-7 0 0 0 1 0.984365 0.1761409 0 2.04969 -0.1761408 0.9843649 0 0 0 0 1 0 0 0 0 1 0.9848179 0.1735901 0 2.049694 -0.1735902 0.9848179 0 0 0 0 1 2.38419e-7 0 0 0 1 0.9856442 0.1688358 0 2.04969 -0.1688358 0.9856442 0 -1.90735e-6 0 0 1 -2.38419e-7 0 0 0 1 0.9867511 0.1622415 0 2.049686 -0.1622415 0.9867511 0 0 0 0 1 0 0 0 0 1 0.9880443 0.1541703 0 2.04969 -0.1541702 0.9880443 0 0 0 0 1 -2.38419e-7 0 0 0 1 0.9894339 0.1449854 0 2.049694 -0.1449854 0.9894339 0 0 0 0 1 1.19209e-7 0 0 0 1 0.9908385 0.1350515 0 2.049694 -0.1350514 0.9908386 0 0 0 0 1 -2.38419e-7 0 0 0 1 0.99219 0.1247351 0 2.04969 -0.1247351 0.99219 0 0 0 0 1 -9.53674e-7 0 0 0 1 0.9934324 0.1144207 0 2.04969 -0.1144206 0.9934324 0 0 0 0 1 0 0 0 0 1 0.9945307 0.1044456 0 2.04969 -0.1044456 0.9945306 0 0 0 0 1 0 0 0 0 1 0.9954584 0.09519827 0 2.04969 -0.09519833 0.9954583 0 0 0 0 1 1.90735e-6 0 0 0 1 0.9962038 0.08705198 0 2.04969 -0.08705204 0.9962038 0 3.8147e-6 0 0 1 -3.8147e-6 0 0 0 1 0.9967642 0.08038109 0 2.04969 -0.08038115 0.9967641 0 -3.8147e-6 0 0 1 0 0 0 0 1 0.9971413 0.07556056 0 2.04969 -0.07556062 0.9971413 0 0 0 0 1 0 0 0 0 1 0.9973344 0.07296591 0 2.049692 -0.07296586 0.9973344 0 0 0 0 1 0 0 0 0 1 0.9973351 0.07295542 0 2.049694 -0.07295536 0.9973351 0 -3.8147e-6 0 0 1 0 0 0 0 1 0.9971434 0.07553124 0 2.049688 -0.07553118 0.9971435 0 0 0 0 1 0 0 0 0 1 0.9967679 0.08033579 0 2.049694 -0.08033579 0.9967678 0 0 0 0 1 -3.8147e-6 0 0 0 1 0.9962089 0.08699375 0 2.04969 -0.08699375 0.9962089 0 0 0 0 1 0 0 0 0 1 0.9954649 0.09512984 0 2.049692 -0.09512996 0.9954648 0 0 0 0 1 0 0 0 0 1 0.9945386 0.1043701 0 2.049694 -0.1043701 0.9945386 0 0 0 0 1 -3.8147e-6 0 0 0 1 0.9934416 0.1143409 0 2.04969 -0.1143408 0.9934416 0 0 0 0 1 0 0 0 0 1 0.9921982 0.1246702 0 2.049696 -0.1246702 0.9921982 0 0 0 0 1 3.8147e-6 0 0 0 1 0.9908495 0.1349719 0 2.04969 -0.1349719 0.9908495 0 -3.8147e-6 1.19209e-7 0 1 0 0 0 0 1</float_array>
        <technique_common>
          <accessor source="#node-EidelwindRigArmLDigit24_matrix-output-array" count="31" stride="16">
            <param name="TRANSFORM" type="float4x4"/>
          </accessor>
        </technique_common>
      </source>
      <source id="node-EidelwindRigArmLDigit24_matrix-interpolation">
        <Name_array id="node-EidelwindRigArmLDigit24_matrix-interpolation-array" count="31">LINEAR LINEAR LINEAR LINEAR LINEAR LINEAR LINEAR LINEAR LINEAR LINEAR LINEAR LINEAR LINEAR LINEAR LINEAR LINEAR LINEAR LINEAR LINEAR LINEAR LINEAR LINEAR LINEAR LINEAR LINEAR LINEAR LINEAR LINEAR LINEAR LINEAR LINEAR</Name_array>
        <technique_common>
          <accessor source="#node-EidelwindRigArmLDigit24_matrix-interpolation-array" count="31" stride="1">
            <param name="INTERPOLATION" type="name"/>
          </accessor>
        </technique_common>
      </source>
      <source id="node-EidelwindRigArmRCollarbone_matrix-input">
        <float_array id="node-EidelwindRigArmRCollarbone_matrix-input-array" count="31">0 0.03333333 0.06666667 0.1 0.1333333 0.1666667 0.2 0.2333333 0.2666667 0.3 0.3333333 0.3666667 0.4 0.4333333 0.4666667 0.5 0.5333333 0.5666667 0.6 0.6333333 0.6666667 0.7 0.7333333 0.7666667 0.8 0.8333333 0.8666667 0.9 0.9333333 0.9666667 1</float_array>
        <technique_common>
          <accessor source="#node-EidelwindRigArmRCollarbone_matrix-input-array" count="31" stride="1">
            <param name="TIME" type="float"/>
          </accessor>
        </technique_common>
      </source>
      <source id="node-EidelwindRigArmRCollarbone_matrix-output">
        <float_array id="node-EidelwindRigArmRCollarbone_matrix-output-array" count="496">0.01244556 -0.0106222 0.999866 0 -0.2110226 0.9773948 0.01301014 0 -0.977402 -0.2111562 0.009922683 -3.305953 0 0 0 1 0.02248173 -0.02063113 0.9995343 0 -0.2207796 0.975001 0.02509057 0 -0.9750646 -0.2212408 0.01736479 -3.305953 0 0 0 1 0.0317741 -0.02989274 0.9990481 -2.28882e-5 -0.2297725 0.9725632 0.03640806 9.53674e-7 -0.9727255 -0.2307104 0.02403378 -3.305952 0 0 0 1 0.03995084 -0.03803604 0.9984773 0 -0.2376511 0.9702385 0.04646921 0 -0.9705287 -0.2391456 0.02972239 -3.305953 0 0 0 1 0.04664015 -0.04469257 0.9979116 -7.62939e-6 -0.2440714 0.9682096 0.05476969 0 -0.9686352 -0.2461161 0.03424924 -3.305954 0 0 0 1 0.05147045 -0.04949545 0.9974473 0 -0.2486926 0.9666721 0.06080144 0 -0.9672139 -0.2511873 0.0374459 -3.305953 0 0 0 1 0.0540691 -0.05207794 0.9971781 0 -0.2511737 0.9658199 0.06405943 0 -0.9664306 -0.2539286 0.0391404 -3.305953 0 0 0 1 0.05407965 -0.05208843 0.9971771 7.62939e-6 -0.2511838 0.9658164 0.06407266 -4.76837e-7 -0.9664274 -0.2539396 0.03914725 -3.305953 0 0 0 1 0.0514999 -0.04952472 0.9974442 0 -0.2487208 0.9666627 0.06083828 -4.76837e-7 -0.9672051 -0.2512182 0.03746521 -3.305953 0 0 0 1 0.04668569 -0.04473775 0.9979074 0 -0.2441149 0.9681953 0.05482631 0 -0.9686219 -0.2461636 0.03427952 -3.305953 0 0 0 1 0.04000931 -0.03809434 0.9984729 0 -0.2377073 0.9702211 0.04654151 0 -0.9705125 -0.2392063 0.02976256 -3.305953 0 0 0 1 0.03184276 -0.02996116 0.9990438 0 -0.2298388 0.9725444 0.03649216 -4.76837e-7 -0.9727075 -0.2307809 0.0240823 -3.305952 0 0 0 1 0.02255773 -0.02070683 0.9995311 0 -0.2208533 0.974982 0.02518254 9.53674e-7 -0.975046 -0.2213177 0.01742017 -3.305953 0 0 0 1 0.01252591 -0.01070237 0.9998645 -7.62939e-6 -0.2111008 0.9773765 0.01310622 9.53674e-7 -0.9773839 -0.2112362 0.009983241 -3.305953 0 0 0 1 0.002119541 -3.20964e-4 0.9999977 7.62939e-6 -0.2009388 0.9796036 7.40327e-4 -1.90735e-6 -0.9796015 -0.2009398 0.002011775 -3.305954 0 0 0 1 -0.008272945 0.01004666 0.9999154 0 -0.1907472 0.9815726 -0.01144051 0 -0.9816042 -0.1908256 -0.006204128 -3.305953 0 0 0 1 -0.01831209 0.02005875 0.9996309 7.62939e-6 -0.1808645 0.9832381 -0.02304303 -4.76837e-7 -0.9833377 -0.1812196 -0.01437723 -3.305953 0 0 0 1 -0.02760928 0.02932542 0.9991886 0 -0.1716818 0.9845779 -0.0336405 9.53674e-7 -0.9847655 -0.1724712 -0.02214884 -3.305953 0 0 0 1 -0.03579235 0.03747546 0.9986564 0 -0.1635773 0.9855996 -0.04284816 -9.53674e-7 -0.985881 -0.164891 -0.02914679 -3.305953 0 0 0 1 -0.04248923 0.04413974 0.9981215 -7.62939e-6 -0.1569303 0.9863281 -0.05029863 0 -0.9866951 -0.1587725 -0.03498142 -3.305953 0 0 0 1 -0.04732775 0.04895108 0.9976794 -7.62939e-6 -0.1521204 0.986795 -0.05563336 4.76837e-7 -0.9872282 -0.1544002 -0.03925633 -3.305953 0 0 0 1 -0.0499351 0.05154234 0.9974216 0 -0.149526 0.9870262 -0.05849105 -4.76837e-7 -0.987496 -0.1520611 -0.04158031 -3.305952 0 0 0 1 -0.04994571 0.05155289 0.9974206 1.52588e-5 -0.1495154 0.9870271 -0.05850267 0 -0.9874969 -0.1520516 -0.04158979 -3.305953 0 0 0 1 -0.04735726 0.04898041 0.9976766 0 -0.152091 0.9867978 -0.05566573 -9.53674e-7 -0.9872313 -0.1543737 -0.03928256 -3.305953 0 0 0 1 -0.0425347 0.04418498 0.9981175 0 -0.1568852 0.9863327 -0.05034893 0 -0.9867005 -0.1587312 -0.03502142 -3.305953 0 0 0 1 -0.03585094 0.03753376 0.9986521 7.62939e-6 -0.1635192 0.9856064 -0.04291367 0 -0.9858887 -0.1648372 -0.02919739 -3.305953 0 0 0 1 -0.02767801 0.02939391 0.9991846 -1.52588e-5 -0.1716138 0.9845871 -0.03371834 9.53674e-7 -0.9847753 -0.1724071 -0.02220702 -3.305953 0 0 0 1 -0.01838809 0.0201345 0.9996281 0 -0.1807895 0.9832497 -0.02313023 0 -0.9833498 -0.1811475 -0.01444 -3.305953 0 0 0 1 -0.008353292 0.01012682 0.9999138 1.52588e-5 -0.1906682 0.9815868 -0.01153403 -9.53674e-7 -0.9816188 -0.1907481 -0.00626862 -3.305953 0 0 0 1 0.002054095 -2.55674e-4 0.9999977 0 -0.2008747 0.9796168 6.63102e-4 -1.90735e-6 -0.9796147 -0.2008755 0.001960873 -3.305953 0 0 0 1 0.01244556 -0.0106222 0.999866 0 -0.2110226 0.9773948 0.01301014 0 -0.977402 -0.2111562 0.009922683 -3.305953 0 0 0 1</float_array>
        <technique_common>
          <accessor source="#node-EidelwindRigArmRCollarbone_matrix-output-array" count="31" stride="16">
            <param name="TRANSFORM" type="float4x4"/>
          </accessor>
        </technique_common>
      </source>
      <source id="node-EidelwindRigArmRCollarbone_matrix-interpolation">
        <Name_array id="node-EidelwindRigArmRCollarbone_matrix-interpolation-array" count="31">LINEAR LINEAR LINEAR LINEAR LINEAR LINEAR LINEAR LINEAR LINEAR LINEAR LINEAR LINEAR LINEAR LINEAR LINEAR LINEAR LINEAR LINEAR LINEAR LINEAR LINEAR LINEAR LINEAR LINEAR LINEAR LINEAR LINEAR LINEAR LINEAR LINEAR LINEAR</Name_array>
        <technique_common>
          <accessor source="#node-EidelwindRigArmRCollarbone_matrix-interpolation-array" count="31" stride="1">
            <param name="INTERPOLATION" type="name"/>
          </accessor>
        </technique_common>
      </source>
      <source id="node-EidelwindRigArmR1_matrix-input">
        <float_array id="node-EidelwindRigArmR1_matrix-input-array" count="31">0 0.03333333 0.06666667 0.1 0.1333333 0.1666667 0.2 0.2333333 0.2666667 0.3 0.3333333 0.3666667 0.4 0.4333333 0.4666667 0.5 0.5333333 0.5666667 0.6 0.6333333 0.6666667 0.7 0.7333333 0.7666667 0.8 0.8333333 0.8666667 0.9 0.9333333 0.9666667 1</float_array>
        <technique_common>
          <accessor source="#node-EidelwindRigArmR1_matrix-input-array" count="31" stride="1">
            <param name="TIME" type="float"/>
          </accessor>
        </technique_common>
      </source>
      <source id="node-EidelwindRigArmR1_matrix-output">
        <float_array id="node-EidelwindRigArmR1_matrix-output-array" count="496">0.3794772 -0.3210086 0.8677271 5.136455 0.2548539 0.9378637 0.2355017 0 -0.8894081 0.1317762 0.4377083 0 0 0 0 1 0.3644912 -0.3159196 0.87598 5.136454 0.2682328 0.9364419 0.2261146 0 -0.8917385 0.1525498 0.4260649 7.62939e-6 0 0 0 1 0.3460986 -0.3054355 0.8870879 5.136454 0.2730718 0.9373812 0.216213 0 -0.8975785 0.1674077 0.4078321 7.62939e-6 0 0 0 1 0.3270123 -0.2902157 0.8993542 5.136454 0.2710146 0.9405032 0.2049512 -9.53674e-7 -0.9053256 0.1767166 0.3862087 -7.62939e-6 0 0 0 1 0.3099202 -0.270856 0.911365 5.136455 0.263908 0.9454017 0.1912268 0 -0.9134013 0.1812514 0.3644803 0 0 0 0 1 0.2973883 -0.2482345 0.9219218 5.136453 0.2540031 0.951381 0.1742318 0 -0.9203491 0.1823565 0.3459819 0 0 0 0 1 0.2923099 -0.2229888 0.9299629 5.136454 0.24337 0.9577651 0.1531582 -9.53674e-7 -0.9248384 0.1815555 0.3342331 0 0 0 0 1 0.2975038 -0.1962681 0.9343286 5.136454 0.2338744 0.9638053 0.1279912 0 -0.9256317 0.1804377 0.3326379 7.62939e-6 0 0 0 1 0.3129262 -0.1700195 0.934436 5.136455 0.2255652 0.9690026 0.1007711 0 -0.922604 0.1792423 0.3415768 -7.62939e-6 0 0 0 1 0.3355754 -0.1453129 0.930738 5.136454 0.2165206 0.9734756 0.07391947 -9.53674e-7 -0.9167922 0.1767184 0.3581376 0 0 0 0 1 0.362097 -0.1226022 0.9240424 5.136454 0.20498 0.9775201 0.04937386 0 -0.9093233 0.1715321 0.3790881 0 0 0 0 1 0.3888994 -0.1026018 0.9155493 5.136454 0.18986 0.9813728 0.02933126 9.53674e-7 -0.9015043 0.1624193 0.4011354 -7.62939e-6 0 0 0 1 0.4123041 -0.08583706 0.9069936 5.136455 0.1708655 0.9851713 0.01556318 0 -0.89488 0.1485573 0.4208569 -7.62939e-6 0 0 0 1 0.4287052 -0.07321405 0.9004732 5.136454 0.1483846 0.9888815 0.009758055 0 -0.8911753 0.129433 0.4348027 -7.62939e-6 0 0 0 1 0.4358914 -0.06576055 0.8975936 5.136454 0.1232772 0.9922893 0.01283216 -4.76837e-7 -0.8915165 0.1050594 0.440637 0 0 0 0 1 0.4362748 -0.06446862 0.8975013 5.136455 0.09661948 0.9950197 0.02450686 0 -0.894611 0.07602441 0.4403311 0 0 0 0 1 0.4316861 -0.069157 0.8993687 5.136454 0.07009053 0.9966137 0.04299217 0 -0.8992968 0.04447811 0.4350715 0 0 0 0 1 0.423833 -0.07931464 0.9022608 5.136454 0.0454775 0.9967656 0.06625944 -4.76837e-7 -0.9045978 0.0129497 0.4260692 7.62939e-6 0 0 0 1 0.4144213 -0.0943337 0.905183 5.136455 0.02435344 0.9954068 0.09258669 0 -0.9097593 -0.01632547 0.4148152 -7.62939e-6 0 0 0 1 0.4050937 -0.1135301 0.9071992 5.136455 0.008253276 0.992674 0.1205416 0 -0.9142379 -0.04134321 0.4030629 0 0 0 0 1 0.3972666 -0.1361844 0.9075424 5.136454 -0.001199424 0.9888501 0.1489104 0 -0.9177024 -0.06024563 0.3926736 7.62939e-6 0 0 0 1 0.3922029 -0.1615701 0.9055784 5.136455 -0.002176105 0.9842883 0.1765559 0 -0.919876 -0.07121634 0.3856891 7.62939e-6 0 0 0 1 0.3908015 -0.1887578 0.9009134 5.136454 0.007322549 0.9793546 0.2020164 0 -0.9204457 -0.07235121 0.3841154 -7.62939e-6 0 0 0 1 0.3925405 -0.2156221 0.8941026 5.136454 0.02705872 0.9744175 0.2231113 0 -0.9193366 -0.06338685 0.3883327 -7.62939e-6 0 0 0 1 0.395666 -0.2411371 0.8861722 5.136455 0.05503886 0.9694062 0.2392119 0 -0.9167437 -0.04587405 0.396833 0 0 0 0 1 0.3985998 -0.2645079 0.8781534 5.136454 0.08907181 0.9641455 0.2499793 0 -0.9127893 -0.02142292 0.4078685 -7.62939e-6 0 0 0 1 0.4000937 -0.2849274 0.8710578 5.136455 0.1266848 0.9585142 0.2553461 0 -0.9076763 0.008187413 0.4195916 0 0 0 0 1 0.3992865 -0.3015781 0.8658066 5.136455 0.1651147 0.9525647 0.2556514 -4.76837e-7 -0.9018356 0.04087924 0.4301412 7.62939e-6 0 0 0 1 0.3956912 -0.3136439 0.8631663 5.136454 0.2013512 0.9466357 0.2516708 0 -0.896039 0.07421576 0.4377279 0 0 0 0 1 0.3892086 -0.3203228 0.8636607 5.136455 0.2322288 0.9414265 0.2445115 0 -0.8913958 0.105401 0.4407994 0 0 0 0 1 0.3794772 -0.3210086 0.8677271 5.136455 0.2548539 0.9378637 0.2355017 0 -0.8894081 0.1317762 0.4377083 0 0 0 0 1</float_array>
        <technique_common>
          <accessor source="#node-EidelwindRigArmR1_matrix-output-array" count="31" stride="16">
            <param name="TRANSFORM" type="float4x4"/>
          </accessor>
        </technique_common>
      </source>
      <source id="node-EidelwindRigArmR1_matrix-interpolation">
        <Name_array id="node-EidelwindRigArmR1_matrix-interpolation-array" count="31">LINEAR LINEAR LINEAR LINEAR LINEAR LINEAR LINEAR LINEAR LINEAR LINEAR LINEAR LINEAR LINEAR LINEAR LINEAR LINEAR LINEAR LINEAR LINEAR LINEAR LINEAR LINEAR LINEAR LINEAR LINEAR LINEAR LINEAR LINEAR LINEAR LINEAR LINEAR</Name_array>
        <technique_common>
          <accessor source="#node-EidelwindRigArmR1_matrix-interpolation-array" count="31" stride="1">
            <param name="INTERPOLATION" type="name"/>
          </accessor>
        </technique_common>
      </source>
      <source id="node-EidelwindRigArmR2_matrix-input">
        <float_array id="node-EidelwindRigArmR2_matrix-input-array" count="31">0 0.03333333 0.06666667 0.1 0.1333333 0.1666667 0.2 0.2333333 0.2666667 0.3 0.3333333 0.3666667 0.4 0.4333333 0.4666667 0.5 0.5333333 0.5666667 0.6 0.6333333 0.6666667 0.7 0.7333333 0.7666667 0.8 0.8333333 0.8666667 0.9 0.9333333 0.9666667 1</float_array>
        <technique_common>
          <accessor source="#node-EidelwindRigArmR2_matrix-input-array" count="31" stride="1">
            <param name="TIME" type="float"/>
          </accessor>
        </technique_common>
      </source>
      <source id="node-EidelwindRigArmR2_matrix-output">
        <float_array id="node-EidelwindRigArmR2_matrix-output-array" count="496">0.8302018 -0.5574631 -5.06639e-7 13.02648 0.5574631 0.8302017 1.29339e-4 0 -7.17342e-5 -1.07631e-4 1 0 0 0 0 1 0.7976271 -0.6031512 -5.06639e-7 13.02649 0.6031512 0.797627 1.29335e-4 -1.19209e-7 -7.7635e-5 -1.03414e-4 1 0 0 0 0 1 0.7673344 -0.6412471 -5.06639e-7 13.02649 0.6412472 0.7673344 1.29336e-4 -2.38419e-7 -8.25822e-5 -9.95398e-5 1 3.8147e-6 0 0 0 1 0.741625 -0.6708148 -5.06639e-7 13.02648 0.6708148 0.7416251 1.29335e-4 2.38419e-7 -8.63969e-5 -9.62615e-5 0.9999999 0 0 0 0 1 0.7228048 -0.6910524 -5.06639e-7 13.02648 0.6910523 0.7228047 1.29342e-4 4.76837e-7 -8.90493e-5 -9.38773e-5 1 0 0 0 0 1 0.7130384 -0.701125 -5.06639e-7 13.02648 0.7011249 0.7130383 1.29335e-4 -4.76837e-7 -9.03308e-5 -9.2566e-5 1 0 0 0 0 1 0.7147522 -0.6993778 -5.36442e-7 13.02648 0.6993778 0.7147522 1.29335e-4 0 -9.00775e-5 -9.28044e-5 1 3.8147e-6 0 0 0 1 0.7300269 -0.6834185 -5.36442e-7 13.02648 0.6834185 0.7300268 1.2934e-4 0 -8.80659e-5 -9.47714e-5 0.9999998 0 0 0 0 1 0.7562039 -0.6543359 -5.66244e-7 13.02649 0.654336 0.756204 1.29335e-4 0 -8.42661e-5 -9.80943e-5 0.9999999 -3.8147e-6 0 0 0 1 0.7897825 -0.613387 -4.76837e-7 13.02648 0.6133871 0.7897826 1.29336e-4 0 -7.89165e-5 -1.02475e-4 1 3.8147e-6 0 0 0 1 0.8271786 -0.5619392 -5.06639e-7 13.02649 0.5619392 0.8271785 1.29333e-4 0 -7.22408e-5 -1.07288e-4 1 0 0 0 0 1 0.8650044 -0.5017644 -5.06639e-7 13.02649 0.5017644 0.8650044 1.29336e-4 -4.76837e-7 -6.4522e-5 -1.12131e-4 1 0 0 0 0 1 0.9003438 -0.4351792 -5.36442e-7 13.02649 0.4351792 0.9003439 1.29335e-4 0 -5.58197e-5 -1.16676e-4 1 0 0 0 0 1 0.9309847 -0.3650579 -5.36442e-7 13.02647 0.3650578 0.9309847 1.29339e-4 2.38419e-7 -4.67896e-5 -1.2058e-4 0.9999999 -3.8147e-6 0 0 0 1 0.9555798 -0.2947326 -5.06639e-7 13.02648 0.2947325 0.9555798 1.29336e-4 0 -3.76701e-5 -1.23724e-4 1 -3.8147e-6 0 0 0 1 0.9736781 -0.2279274 -4.76837e-7 13.02647 0.2279274 0.9736781 1.29336e-4 0 -2.90275e-5 -1.26049e-4 1 3.8147e-6 0 0 0 1 0.9857596 -0.1681602 -5.06639e-7 13.02648 0.1681603 0.9857596 1.29336e-4 -2.38419e-7 -2.13087e-5 -1.27569e-4 0.9999999 3.8147e-6 0 0 0 1 0.9928674 -0.1192232 -5.36442e-7 13.02648 0.1192232 0.9928674 1.29336e-4 0 -1.4931e-5 -1.28483e-4 1 -3.8147e-6 0 0 0 1 0.9964097 -0.08466267 -5.66244e-7 13.02648 0.08466267 0.9964097 1.29335e-4 0 -1.04308e-5 -1.2892e-4 1 0 0 0 0 1 0.997694 -0.06787228 -5.06639e-7 13.02649 0.06787228 0.9976939 1.29331e-4 4.76837e-7 -8.28505e-6 -1.29074e-4 1 0 0 0 0 1 0.9975091 -0.07053774 -5.36442e-7 13.02649 0.0705378 0.9975092 1.29336e-4 -4.76837e-7 -8.64267e-6 -1.29047e-4 1 0 0 0 0 1 0.9960761 -0.08850198 -5.06639e-7 13.02649 0.08850198 0.9960762 1.29336e-4 0 -1.09673e-5 -1.28877e-4 1 0 0 0 0 1 0.992827 -0.1195595 -5.06639e-7 13.02648 0.1195595 0.9928271 1.29338e-4 -4.76837e-7 -1.49608e-5 -1.28472e-4 0.9999999 0 0 0 0 1 0.9869191 -0.1612165 -5.06639e-7 13.02649 0.1612165 0.9869191 1.29335e-4 4.76837e-7 -2.03848e-5 -1.27725e-4 1 0 0 0 0 1 0.9774197 -0.2113075 -5.36442e-7 13.02648 0.2113075 0.9774197 1.29333e-4 0 -2.68221e-5 -1.26522e-4 1 3.8147e-6 0 0 0 1 0.9635667 -0.2674685 -4.76837e-7 13.02647 0.2674685 0.9635667 1.29335e-4 -9.53674e-7 -3.41535e-5 -1.24767e-4 1 0 0 0 0 1 0.9449239 -0.3272899 -5.36442e-7 13.02648 0.3272899 0.9449239 1.29335e-4 0 -4.18723e-5 -1.22353e-4 0.9999999 0 0 0 0 1 0.9214979 -0.3883835 -5.06639e-7 13.02648 0.3883834 0.9214978 1.29335e-4 4.76837e-7 -4.97997e-5 -1.19373e-4 0.9999999 -3.8147e-6 0 0 0 1 0.8937992 -0.4484674 -5.06639e-7 13.02648 0.4484674 0.8937992 1.29336e-4 0 -5.74887e-5 -1.15842e-4 1 3.8147e-6 0 0 0 1 0.8628517 -0.5054572 -5.66244e-7 13.02649 0.5054571 0.8628518 1.29336e-4 0 -6.48797e-5 -1.11863e-4 1 3.8147e-6 0 0 0 1 0.8302018 -0.5574631 -5.06639e-7 13.02648 0.5574631 0.8302017 1.29339e-4 0 -7.17342e-5 -1.07631e-4 1 0 0 0 0 1</float_array>
        <technique_common>
          <accessor source="#node-EidelwindRigArmR2_matrix-output-array" count="31" stride="16">
            <param name="TRANSFORM" type="float4x4"/>
          </accessor>
        </technique_common>
      </source>
      <source id="node-EidelwindRigArmR2_matrix-interpolation">
        <Name_array id="node-EidelwindRigArmR2_matrix-interpolation-array" count="31">LINEAR LINEAR LINEAR LINEAR LINEAR LINEAR LINEAR LINEAR LINEAR LINEAR LINEAR LINEAR LINEAR LINEAR LINEAR LINEAR LINEAR LINEAR LINEAR LINEAR LINEAR LINEAR LINEAR LINEAR LINEAR LINEAR LINEAR LINEAR LINEAR LINEAR LINEAR</Name_array>
        <technique_common>
          <accessor source="#node-EidelwindRigArmR2_matrix-interpolation-array" count="31" stride="1">
            <param name="INTERPOLATION" type="name"/>
          </accessor>
        </technique_common>
      </source>
      <source id="node-EidelwindRigArmRPalm_matrix-input">
        <float_array id="node-EidelwindRigArmRPalm_matrix-input-array" count="31">0 0.03333333 0.06666667 0.1 0.1333333 0.1666667 0.2 0.2333333 0.2666667 0.3 0.3333333 0.3666667 0.4 0.4333333 0.4666667 0.5 0.5333333 0.5666667 0.6 0.6333333 0.6666667 0.7 0.7333333 0.7666667 0.8 0.8333333 0.8666667 0.9 0.9333333 0.9666667 1</float_array>
        <technique_common>
          <accessor source="#node-EidelwindRigArmRPalm_matrix-input-array" count="31" stride="1">
            <param name="TIME" type="float"/>
          </accessor>
        </technique_common>
      </source>
      <source id="node-EidelwindRigArmRPalm_matrix-output">
        <float_array id="node-EidelwindRigArmRPalm_matrix-output-array" count="496">0.9304839 0.1495108 -0.3344341 16.47033 -0.3507641 0.100305 -0.9310765 0 -0.1056605 0.983659 0.1457752 0 0 0 0 1 0.9379567 0.1566732 -0.3093391 16.47033 -0.3245422 0.08250725 -0.9422658 0 -0.122105 0.9841982 0.1282353 -3.8147e-6 0 0 0 1 0.9494631 0.1550616 -0.2729023 16.47033 -0.2849779 0.0614469 -0.9565625 0 -0.1315571 0.985992 0.1025307 0 0 0 0 1 0.9630557 0.1472062 -0.2255077 16.47033 -0.2336317 0.04022604 -0.9714925 3.8147e-6 -0.1339384 0.9882873 0.07313209 0 0 0 0 1 0.9763992 0.1356428 -0.1680641 16.47033 -0.1723959 0.02076184 -0.9848091 -3.8147e-6 -0.130093 0.9905403 0.04365611 -3.8147e-6 0 0 0 1 0.9872134 0.122178 -0.1023833 16.47033 -0.1036248 0.003833889 -0.9946092 0 -0.1211268 0.9925009 0.01644551 0 0 0 0 1 0.9937176 0.1074846 -0.03118413 16.47033 -0.03019762 -0.0107941 -0.9994856 0 -0.107766 0.9941481 -0.007480442 0 0 0 0 1 0.9949469 0.09122508 0.04194116 16.47033 0.04434925 -0.02453029 -0.9987149 0 -0.09007906 0.9955281 -0.02845203 0 0 0 0 1 0.9908706 0.07310712 0.1132738 16.47033 0.1164091 -0.04014027 -0.99239 0 -0.06800407 0.9965159 -0.04828417 -3.8147e-6 0 0 0 1 0.9823623 0.05425196 0.1789447 16.47033 0.1820796 -0.05971121 -0.9814692 -3.8147e-6 -0.04256159 0.9967404 -0.06853622 0 0 0 0 1 0.9711033 0.03674161 0.2358145 16.47033 0.2381365 -0.08378982 -0.9676106 3.8147e-6 -0.01579272 0.9958058 -0.09011811 0 0 0 0 1 0.9592905 0.022897 0.2814916 16.47033 0.2822642 -0.110976 -0.9528963 3.8147e-6 0.009420335 0.9935593 -0.1129212 3.8147e-6 0 0 0 1 0.9492105 0.01430046 0.3143164 16.47033 0.3132127 -0.1380409 -0.939597 0 0.02995187 0.9903233 -0.135509 0 0 0 0 1 0.9427873 0.01099663 0.3332134 16.47033 0.3305724 -0.1606078 -0.9300144 -1.90735e-6 0.04328954 0.986957 -0.155054 0 0 0 0 1 0.941371 0.01116049 0.3371888 16.47033 0.3338595 -0.1746886 -0.9262947 0 0.04856503 0.9845605 -0.1681728 -7.62939e-6 0 0 0 1 0.9456186 0.01172983 0.3250657 16.47033 0.3218124 -0.1792109 -0.9296883 0 0.04735016 0.9837407 -0.1732399 0 0 0 0 1 0.9544245 0.01036018 0.2982728 16.47033 0.2954038 -0.1752807 -0.9391556 -9.53674e-7 0.04255163 0.984464 -0.1703526 -3.8147e-6 0 0 0 1 0.9659553 0.005957543 0.2586406 16.47033 0.2560646 -0.1645986 -0.9525431 4.76837e-7 0.03689694 0.9863427 -0.1605203 3.8147e-6 0 0 0 1 0.9781646 -0.001377284 0.2078284 16.47033 0.2053209 -0.1486001 -0.9673478 0 0.03221565 0.9888965 -0.1450725 0 0 0 0 1 0.9889847 -0.01056879 0.1476415 16.47033 0.1450924 -0.1281575 -0.9810831 0 0.02929025 0.9916976 -0.1252123 0 0 0 0 1 0.9965798 -0.01962894 0.08027136 16.47034 0.07782673 -0.1036175 -0.9915677 -1.19209e-7 0.02778077 0.9944235 -0.1017355 0 0 0 0 1 0.9996334 -0.0257337 0.008412957 16.47033 0.006452918 -0.07532304 -0.9971382 1.19209e-7 0.02629381 0.9968271 -0.07512938 3.8147e-6 0 0 0 1 0.9975351 -0.02646094 -0.0649901 16.47033 -0.06609815 -0.04340976 -0.9968685 0 0.02355688 0.9987069 -0.04505175 0 0 0 0 1 0.9905635 -0.02003437 -0.1355822 16.47033 -0.1357848 -0.009116888 -0.9906964 0 0.01861196 0.9997578 -0.01175123 0 0 0 0 1 0.9797542 -0.005691468 -0.2001228 16.47032 -0.1999177 0.02560228 -0.9794782 0 0.01069837 0.9996562 0.0239461 0 0 0 0 1 0.9666863 0.01630997 -0.255444 16.47033 -0.2559625 0.05793225 -0.9649494 0 -9.39816e-4 0.9981873 0.06017708 3.8147e-6 0 0 0 1 0.9531968 0.0444169 -0.2990703 16.47033 -0.3018831 0.08482772 -0.9495636 0 -0.01680725 0.9954052 0.09426623 3.8147e-6 0 0 0 1 0.9411501 0.07576549 -0.3293877 16.47033 -0.3359799 0.1036135 -0.9361529 0 -0.03679913 0.9917278 0.1229715 0 0 0 0 1 0.9323273 0.1064833 -0.3455825 16.47033 -0.3566255 0.1125344 -0.9274451 3.8147e-6 -0.0598675 0.9879258 0.1428936 0 0 0 0 1 0.9284 0.1322944 -0.3472349 16.47033 -0.3619958 0.1111097 -0.9255343 -1.90735e-6 -0.08386188 0.9849635 0.1510443 3.8147e-6 0 0 0 1 0.9304839 0.1495108 -0.3344341 16.47033 -0.3507641 0.100305 -0.9310765 0 -0.1056605 0.983659 0.1457752 0 0 0 0 1</float_array>
        <technique_common>
          <accessor source="#node-EidelwindRigArmRPalm_matrix-output-array" count="31" stride="16">
            <param name="TRANSFORM" type="float4x4"/>
          </accessor>
        </technique_common>
      </source>
      <source id="node-EidelwindRigArmRPalm_matrix-interpolation">
        <Name_array id="node-EidelwindRigArmRPalm_matrix-interpolation-array" count="31">LINEAR LINEAR LINEAR LINEAR LINEAR LINEAR LINEAR LINEAR LINEAR LINEAR LINEAR LINEAR LINEAR LINEAR LINEAR LINEAR LINEAR LINEAR LINEAR LINEAR LINEAR LINEAR LINEAR LINEAR LINEAR LINEAR LINEAR LINEAR LINEAR LINEAR LINEAR</Name_array>
        <technique_common>
          <accessor source="#node-EidelwindRigArmRPalm_matrix-interpolation-array" count="31" stride="1">
            <param name="INTERPOLATION" type="name"/>
          </accessor>
        </technique_common>
      </source>
      <source id="node-EidelwindRigArmRThumb1_matrix-input">
        <float_array id="node-EidelwindRigArmRThumb1_matrix-input-array" count="31">0 0.03333333 0.06666667 0.1 0.1333333 0.1666667 0.2 0.2333333 0.2666667 0.3 0.3333333 0.3666667 0.4 0.4333333 0.4666667 0.5 0.5333333 0.5666667 0.6 0.6333333 0.6666667 0.7 0.7333333 0.7666667 0.8 0.8333333 0.8666667 0.9 0.9333333 0.9666667 1</float_array>
        <technique_common>
          <accessor source="#node-EidelwindRigArmRThumb1_matrix-input-array" count="31" stride="1">
            <param name="TIME" type="float"/>
          </accessor>
        </technique_common>
      </source>
      <source id="node-EidelwindRigArmRThumb1_matrix-output">
        <float_array id="node-EidelwindRigArmRThumb1_matrix-output-array" count="496">0.8934816 0.01275032 0.4489182 2.187229 -0.4490177 0.04444903 0.8924168 -1.812954 -0.00857526 -0.9989302 0.04543954 -1.508676 0 0 0 1 0.8889667 0.008426189 0.457894 2.187225 -0.4575796 0.05771964 0.8872934 -1.81295 -0.01895296 -0.9982973 0.0551666 -1.508677 0 0 0 1 0.8846249 0.004582822 0.4662808 2.187218 -0.4654283 0.069916 0.8823199 -1.812954 -0.02855688 -0.9975426 0.06398248 -1.508675 0 0 0 1 0.8806757 0.001329362 0.4737176 2.187229 -0.4722724 0.08057332 0.8777626 -1.81295 -0.03700202 -0.9967479 0.0715869 -1.508675 0 0 0 1 0.8773555 -0.001242458 0.4798393 2.187229 -0.4778281 0.08923858 0.873909 -1.81295 -0.04390591 -0.9960095 0.07770037 -1.508678 0 0 0 1 0.8749079 -0.003048896 0.4842796 2.187229 -0.4818156 0.09546506 0.871057 -1.812954 -0.04888755 -0.9954281 0.08205419 -1.508678 0 0 0 1 0.8735737 -0.004003405 0.4866752 2.187229 -0.4839523 0.09880411 0.8694987 -1.812946 -0.05156648 -0.9950987 0.08437532 -1.508675 0 0 0 1 0.8735682 -0.00400722 0.4866849 2.187223 -0.4839609 0.09881764 0.8694923 -1.81295 -0.05157727 -0.9950975 0.08438467 -1.508675 0 0 0 1 0.8748927 -0.003059923 0.4843066 2.187233 -0.4818398 0.09550297 0.8710395 -1.81295 -0.048918 -0.9954245 0.08208054 -1.508678 0 0 0 1 0.8773326 -0.001259565 0.4798809 2.187225 -0.4778657 0.08929723 0.8738825 -1.81295 -0.04395276 -0.9960042 0.07774162 -1.508675 0 0 0 1 0.8806471 0.001306593 0.473771 2.187225 -0.4723212 0.08064931 0.8777292 -1.81295 -0.03706246 -0.9967417 0.07164078 -1.508675 0 0 0 1 0.8845921 0.004555046 0.4663431 2.187229 -0.4654861 0.07000583 0.8822823 -1.81295 -0.02862769 -0.9975364 0.06404697 -1.508678 0 0 0 1 0.8889318 0.008394181 0.4579625 2.187227 -0.4576439 0.05781972 0.8872535 -1.812946 -0.01903146 -0.998292 0.05523943 -1.508678 0 0 0 1 0.8934465 0.01271498 0.4489899 2.187223 -0.4490865 0.0445556 0.8923766 -1.81295 -0.008658349 -0.9989262 0.04551821 -1.508678 0 0 0 1 0.8979383 0.01738578 0.4397779 2.187231 -0.4401165 0.03069257 0.8974164 -1.812958 0.002104341 -0.9993776 0.03521186 -1.508675 0 0 0 1 0.9022299 0.02224045 0.4306811 2.187233 -0.4310635 0.01674681 0.9021661 -1.81295 0.01285201 -0.9996126 0.02469658 -1.508675 0 0 0 1 0.9061917 0.0271086 0.4219971 2.187225 -0.4222287 0.003183424 0.9064838 -1.812942 0.02323013 -0.9996275 0.01433086 -1.508675 0 0 0 1 0.9096992 0.03177219 0.4140506 2.187225 -0.4139679 -0.009454548 0.9102426 -1.812954 0.03283512 -0.9994505 0.004551887 -1.508677 0 0 0 1 0.912658 0.03599911 0.4071356 2.187225 -0.4066342 -0.02063673 0.9133581 -1.812946 0.04128205 -0.9991387 -0.00419569 -1.508677 0 0 0 1 0.91499 0.03954285 0.4015339 2.187225 -0.4005883 -0.02982735 0.9157723 -1.812942 0.04818898 -0.9987728 -0.01145124 -1.508676 0 0 0 1 0.9166251 0.04215013 0.3975198 2.187229 -0.396196 -0.03648889 0.9174408 -1.81295 0.05317538 -0.9984449 -0.01674681 -1.508675 0 0 0 1 0.9174885 0.04357129 0.3953685 2.187225 -0.3938203 -0.04008573 0.918313 -1.812958 0.05586081 -0.9982458 -0.01961886 -1.508675 0 0 0 1 0.9174919 0.04357713 0.3953598 2.187222 -0.3938106 -0.04010039 0.9183164 -1.81295 0.05587172 -0.998245 -0.01963055 -1.508675 0 0 0 1 0.9166346 0.04216611 0.3974954 2.187229 -0.396169 -0.03652954 0.9174506 -1.81295 0.05320572 -0.9984424 -0.01677924 -1.508675 0 0 0 1 0.9150056 0.03956711 0.401496 2.187225 -0.4005473 -0.02988988 0.9157886 -1.812958 0.04823589 -0.9987697 -0.01150083 -1.508675 0 0 0 1 0.9126787 0.03602975 0.4070864 2.187225 -0.4065814 -0.02071696 0.9133799 -1.81295 0.04134249 -0.9991361 -0.004258811 -1.508675 0 0 0 1 0.9097244 0.03180718 0.4139921 2.187225 -0.4139064 -0.009548246 0.9102693 -1.812946 0.03290605 -0.9994485 0.004478931 -1.508676 0 0 0 1 0.9062209 0.0271461 0.4219319 2.187222 -0.4221614 0.003080368 0.9065154 -1.812942 0.02330869 -0.9996267 0.01425164 -1.508676 0 0 0 1 0.9022623 0.02227866 0.4306112 2.187237 -0.4309932 0.01663863 0.9022018 -1.812958 0.0129351 -0.9996132 0.02461445 -1.508675 0 0 0 1 0.8979658 0.01741576 0.4397202 2.187225 -0.4400597 0.03060507 0.897447 -1.81295 0.002172112 -0.9993799 0.03514635 -1.508676 0 0 0 1 0.8934816 0.01275032 0.4489182 2.187229 -0.4490177 0.04444903 0.8924168 -1.812954 -0.00857526 -0.9989302 0.04543954 -1.508676 0 0 0 1</float_array>
        <technique_common>
          <accessor source="#node-EidelwindRigArmRThumb1_matrix-output-array" count="31" stride="16">
            <param name="TRANSFORM" type="float4x4"/>
          </accessor>
        </technique_common>
      </source>
      <source id="node-EidelwindRigArmRThumb1_matrix-interpolation">
        <Name_array id="node-EidelwindRigArmRThumb1_matrix-interpolation-array" count="31">LINEAR LINEAR LINEAR LINEAR LINEAR LINEAR LINEAR LINEAR LINEAR LINEAR LINEAR LINEAR LINEAR LINEAR LINEAR LINEAR LINEAR LINEAR LINEAR LINEAR LINEAR LINEAR LINEAR LINEAR LINEAR LINEAR LINEAR LINEAR LINEAR LINEAR LINEAR</Name_array>
        <technique_common>
          <accessor source="#node-EidelwindRigArmRThumb1_matrix-interpolation-array" count="31" stride="1">
            <param name="INTERPOLATION" type="name"/>
          </accessor>
        </technique_common>
      </source>
      <source id="node-EidelwindRigArmRDigit21_matrix-input">
        <float_array id="node-EidelwindRigArmRDigit21_matrix-input-array" count="31">0 0.03333333 0.06666667 0.1 0.1333333 0.1666667 0.2 0.2333333 0.2666667 0.3 0.3333333 0.3666667 0.4 0.4333333 0.4666667 0.5 0.5333333 0.5666667 0.6 0.6333333 0.6666667 0.7 0.7333333 0.7666667 0.8 0.8333333 0.8666667 0.9 0.9333333 0.9666667 1</float_array>
        <technique_common>
          <accessor source="#node-EidelwindRigArmRDigit21_matrix-input-array" count="31" stride="1">
            <param name="TIME" type="float"/>
          </accessor>
        </technique_common>
      </source>
      <source id="node-EidelwindRigArmRDigit21_matrix-output">
        <float_array id="node-EidelwindRigArmRDigit21_matrix-output-array" count="496">0.9999461 -0.01037257 0 2.314175 0.01037251 0.9999461 0 0.2587242 0 0 1 9.53674e-7 0 0 0 1 0.9997918 -0.02040666 0 2.314175 0.02040666 0.9997918 0 0.2587204 0 0 1 -1.90735e-6 0 0 0 1 0.9995591 -0.02969753 0 2.314163 0.02969747 0.999559 0 0.2587242 0 0 1 -1.90735e-6 0 0 0 1 0.9992826 -0.03787308 0 2.314171 0.03787308 0.9992827 0 0.258728 0 0 1 3.8147e-6 0 0 0 1 0.9990066 -0.0445618 0 2.314175 0.0445618 0.9990066 0 0.258728 0 0 1 0 0 0 0 1 0.9987795 -0.04939168 0 2.314163 0.04939174 0.9987795 0 0.258728 0 0 1 -3.8147e-6 0 0 0 1 0.9986476 -0.05199021 0 2.314175 0.05199027 0.9986476 0 0.258728 0 0 1 0 0 0 0 1 0.998647 -0.05200082 0 2.314169 0.05200082 0.998647 0 0.258728 0 0 1 -7.62939e-6 0 0 0 1 0.9987781 -0.04942113 0 2.314169 0.04942119 0.9987781 0 0.2587204 0 0 1 0 0 0 0 1 0.9990046 -0.04460722 0 2.314165 0.04460722 0.9990046 0 0.258728 0 0 1 0 0 0 0 1 0.9992804 -0.03793162 0 2.314167 0.03793156 0.9992804 0 0.258728 0 0 1 3.8147e-6 0 0 0 1 0.999557 -0.02976614 0 2.314167 0.02976614 0.999557 0 0.258728 0 0 1 3.8147e-6 0 0 0 1 0.9997903 -0.02048259 0 2.314169 0.02048259 0.9997902 0 0.2587319 0 0 1 -7.62939e-6 0 0 0 1 0.9999455 -0.0104528 0 2.314169 0.0104528 0.9999454 0 0.2587242 0 0 1 3.8147e-6 0 0 0 1 1 -4.90546e-5 0 2.314165 4.90248e-5 1 0 0.2587204 0 0 1 0 0 0 0 1 0.9999465 0.01034039 0 2.314167 -0.01034039 0.9999465 0 0.2587204 0 0 1 -3.8147e-6 0 0 0 1 0.9997925 0.02037626 0 2.314163 -0.0203762 0.9997925 0 0.258728 0 0 1 -1.90735e-6 0 0 0 1 0.9995598 0.02966994 0 2.314167 -0.02966994 0.9995598 0 0.2587242 0 0 1 3.8147e-6 0 0 0 1 0.9992835 0.03784966 0 2.314163 -0.03784966 0.9992835 0 0.2587357 0 0 1 -1.90735e-6 0 0 0 1 0.9990074 0.04454362 0 2.314175 -0.04454356 0.9990074 0 0.2587357 0 0 0.9999999 0 0 0 0 1 0.9987802 0.04937994 0 2.314163 -0.04937994 0.9987801 0 0.258728 0 0 1 0 0 0 0 1 0.9986478 0.05198597 0 2.314171 -0.05198597 0.9986478 0 0.258728 0 0 1 -2.38419e-7 0 0 0 1 0.9986473 0.05199664 0 2.314171 -0.05199658 0.9986472 0 0.258728 0 0 1 0 0 0 0 1 0.9987784 0.04940938 0 2.314163 -0.04940938 0.9987785 0 0.258728 0 0 1 0 0 0 0 1 0.9990054 0.0445891 0 2.314171 -0.0445891 0.9990055 0 0.258728 0 0 1 0 0 0 0 1 0.9992814 0.03790819 0 2.314163 -0.03790819 0.9992813 0 0.258728 0 0 1 -2.38419e-7 0 0 0 1 0.9995577 0.02973866 0 2.314167 -0.02973866 0.9995577 0 0.258728 0 0 1 -7.15256e-7 0 0 0 1 0.9997908 0.0204522 0 2.314171 -0.0204522 0.9997908 0 0.258728 0 0 1 -1.19209e-7 0 0 0 1 0.9999457 0.01042079 0 2.314171 -0.01042073 0.9999458 0 0.258728 0 0 1 -2.38419e-7 0 0 0 1 1 1.63913e-5 0 2.314167 -1.63615e-5 1 0 0.258728 0 0 1 4.76837e-7 0 0 0 1 0.9999461 -0.01037257 0 2.314175 0.01037251 0.9999461 0 0.2587242 0 0 1 9.53674e-7 0 0 0 1</float_array>
        <technique_common>
          <accessor source="#node-EidelwindRigArmRDigit21_matrix-output-array" count="31" stride="16">
            <param name="TRANSFORM" type="float4x4"/>
          </accessor>
        </technique_common>
      </source>
      <source id="node-EidelwindRigArmRDigit21_matrix-interpolation">
        <Name_array id="node-EidelwindRigArmRDigit21_matrix-interpolation-array" count="31">LINEAR LINEAR LINEAR LINEAR LINEAR LINEAR LINEAR LINEAR LINEAR LINEAR LINEAR LINEAR LINEAR LINEAR LINEAR LINEAR LINEAR LINEAR LINEAR LINEAR LINEAR LINEAR LINEAR LINEAR LINEAR LINEAR LINEAR LINEAR LINEAR LINEAR LINEAR</Name_array>
        <technique_common>
          <accessor source="#node-EidelwindRigArmRDigit21_matrix-interpolation-array" count="31" stride="1">
            <param name="INTERPOLATION" type="name"/>
          </accessor>
        </technique_common>
      </source>
      <source id="node-EidelwindRigArmRDigit22_matrix-input">
        <float_array id="node-EidelwindRigArmRDigit22_matrix-input-array" count="31">0 0.03333333 0.06666667 0.1 0.1333333 0.1666667 0.2 0.2333333 0.2666667 0.3 0.3333333 0.3666667 0.4 0.4333333 0.4666667 0.5 0.5333333 0.5666667 0.6 0.6333333 0.6666667 0.7 0.7333333 0.7666667 0.8 0.8333333 0.8666667 0.9 0.9333333 0.9666667 1</float_array>
        <technique_common>
          <accessor source="#node-EidelwindRigArmRDigit22_matrix-input-array" count="31" stride="1">
            <param name="TIME" type="float"/>
          </accessor>
        </technique_common>
      </source>
      <source id="node-EidelwindRigArmRDigit22_matrix-output">
        <float_array id="node-EidelwindRigArmRDigit22_matrix-output-array" count="496">0.9986155 0.05260354 0 2.04969 -0.0526036 0.9986156 0 0 0 0 1 9.53674e-7 0 0 0 1 0.9990931 0.04257965 0 2.04969 -0.04257971 0.9990931 0 -3.8147e-6 0 0 1 0 0 0 0 1 0.9994457 0.03329259 0 2.04969 -0.03329259 0.9994457 0 0 0 0 1 0 0 0 0 1 0.9996846 0.02511578 0 2.04969 -0.02511584 0.9996845 0 3.8147e-6 0 0 1 0 0 0 0 1 0.9998303 0.01842296 0 2.04969 -0.01842296 0.9998303 0 3.8147e-6 0 0 1 -3.8147e-6 0 0 0 1 0.9999077 0.01358836 0 2.04969 -0.0135883 0.9999077 0 0 0 0 1 3.8147e-6 0 0 0 1 0.9999397 0.01098668 0 2.049692 -0.01098662 0.9999397 0 0 0 0 1 3.8147e-6 0 0 0 1 0.9999398 0.01097607 0 2.049692 -0.01097607 0.9999397 0 0 0 0 0.9999999 0 0 0 0 1 0.9999082 0.01355886 0 2.04969 -0.01355886 0.9999081 0 0 0 0 1 0 0 0 0 1 0.9998312 0.01837754 0 2.049692 -0.01837754 0.9998311 0 0 0 0 1 0 0 0 0 1 0.9996861 0.02505725 0 2.04969 -0.02505725 0.9996861 0 0 0 0 1 0 0 0 0 1 0.9994478 0.03322398 0 2.04969 -0.03322392 0.999448 0 -3.8147e-6 0 0 0.9999999 -3.8147e-6 0 0 0 1 0.9990963 0.04250371 0 2.049688 -0.04250377 0.9990963 0 0 0 0 1 -3.8147e-6 0 0 0 1 0.9986197 0.05252337 0 2.049686 -0.05252337 0.9986197 0 0 0 0 1 0 0 0 0 1 0.9980192 0.06290996 0 2.04969 -0.06290996 0.9980192 0 0 0 0 1 0 0 0 0 1 0.9973118 0.0732755 0 2.04969 -0.07327544 0.9973118 0 0 0 0 1 3.8147e-6 0 0 0 1 0.9965261 0.08328169 0 2.04969 -0.08328175 0.9965261 0 3.8147e-6 0 0 1 0 0 0 0 1 0.9957088 0.09254229 0 2.04969 -0.09254235 0.9957087 0 -3.8147e-6 0 0 1 0 0 0 0 1 0.9949181 0.1006884 0 2.04969 -0.1006883 0.9949181 0 3.8147e-6 0 0 1 1.90735e-6 0 0 0 1 0.9942212 0.1073517 0 2.04969 -0.1073517 0.9942212 0 -3.8147e-6 0 0 1 0 0 0 0 1 0.9936898 0.1121641 0 2.04969 -0.1121641 0.9936898 0 -3.8147e-6 0 0 1 0 0 0 0 1 0.9933937 0.1147567 0 2.04969 -0.1147567 0.9933937 0 0 0 0 1 0 0 0 0 1 0.9933925 0.1147673 0 2.049686 -0.1147673 0.9933925 0 3.8147e-6 0 0 1 0 0 0 0 1 0.9936864 0.1121934 0 2.04969 -0.1121934 0.9936864 0 0 0 0 1 0 0 0 0 1 0.9942164 0.1073969 0 2.049686 -0.107397 0.9942163 0 0 0 0 1 0 0 0 0 1 0.9949122 0.1007466 0 2.04969 -0.1007467 0.9949122 0 0 0 0 1 0 0 0 0 1 0.9957026 0.09261077 0 2.04969 -0.09261077 0.9957026 0 0 0 0 1 0 0 0 0 1 0.9965197 0.08335745 0 2.049694 -0.08335745 0.9965197 0 0 0 0 1 -2.38419e-7 0 0 0 1 0.9973058 0.07335555 0 2.049694 -0.07335555 0.9973058 0 -3.8147e-6 0 0 1 2.38419e-7 0 0 0 1 0.9980152 0.06297522 0 2.04969 -0.06297522 0.9980152 0 0 0 0 1 0 0 0 0 1 0.9986155 0.05260354 0 2.04969 -0.0526036 0.9986156 0 0 0 0 1 9.53674e-7 0 0 0 1</float_array>
        <technique_common>
          <accessor source="#node-EidelwindRigArmRDigit22_matrix-output-array" count="31" stride="16">
            <param name="TRANSFORM" type="float4x4"/>
          </accessor>
        </technique_common>
      </source>
      <source id="node-EidelwindRigArmRDigit22_matrix-interpolation">
        <Name_array id="node-EidelwindRigArmRDigit22_matrix-interpolation-array" count="31">LINEAR LINEAR LINEAR LINEAR LINEAR LINEAR LINEAR LINEAR LINEAR LINEAR LINEAR LINEAR LINEAR LINEAR LINEAR LINEAR LINEAR LINEAR LINEAR LINEAR LINEAR LINEAR LINEAR LINEAR LINEAR LINEAR LINEAR LINEAR LINEAR LINEAR LINEAR</Name_array>
        <technique_common>
          <accessor source="#node-EidelwindRigArmRDigit22_matrix-interpolation-array" count="31" stride="1">
            <param name="INTERPOLATION" type="name"/>
          </accessor>
        </technique_common>
      </source>
      <source id="node-EidelwindRigArmRDigit23_matrix-input">
        <float_array id="node-EidelwindRigArmRDigit23_matrix-input-array" count="31">0 0.03333333 0.06666667 0.1 0.1333333 0.1666667 0.2 0.2333333 0.2666667 0.3 0.3333333 0.3666667 0.4 0.4333333 0.4666667 0.5 0.5333333 0.5666667 0.6 0.6333333 0.6666667 0.7 0.7333333 0.7666667 0.8 0.8333333 0.8666667 0.9 0.9333333 0.9666667 1</float_array>
        <technique_common>
          <accessor source="#node-EidelwindRigArmRDigit23_matrix-input-array" count="31" stride="1">
            <param name="TIME" type="float"/>
          </accessor>
        </technique_common>
      </source>
      <source id="node-EidelwindRigArmRDigit23_matrix-output">
        <float_array id="node-EidelwindRigArmRDigit23_matrix-output-array" count="496">0.9938285 0.1109268 0 2.04969 -0.1109268 0.9938285 0 0 0 0 1 9.53674e-7 0 0 0 1 0.9948919 0.100948 0 2.049686 -0.100948 0.9948918 0 3.8147e-6 0 0 1 0 0 0 0 1 0.995787 0.09169745 0 2.04969 -0.09169733 0.9957869 0 0 0 0 1 -1.90735e-6 0 0 0 1 0.9965037 0.0835486 0 2.049686 -0.0835486 0.9965038 0 0 0 0 1 0 0 0 0 1 0.9970406 0.07687574 0 2.04969 -0.07687574 0.9970407 0 0 0 0 1 3.8147e-6 0 0 0 1 0.9974007 0.07205396 0 2.049694 -0.0720539 0.9974008 0 0 0 0 1 0 0 0 0 1 0.9975848 0.06945854 0 2.049688 -0.06945854 0.9975849 0 0 0 0 1 -3.8147e-6 0 0 0 1 0.9975855 0.06944805 0 2.049694 -0.06944799 0.9975857 0 0 0 0 1 7.62939e-6 0 0 0 1 0.997403 0.07202452 0 2.049688 -0.07202452 0.997403 0 3.8147e-6 0 0 1 0 0 0 0 1 0.9970441 0.07683044 0 2.04969 -0.07683044 0.9970441 0 0 0 0 1 0 0 0 0 1 0.9965087 0.08349025 0 2.049688 -0.08349025 0.9965086 0 0 0 0 1 -3.8147e-6 0 0 0 1 0.9957932 0.09162908 0 2.04969 -0.09162896 0.9957932 0 0 0 0 1 0 0 0 0 1 0.9948993 0.1008723 0 2.04969 -0.1008723 0.9948993 0 0 0 0 1 0 0 0 0 1 0.9938375 0.110847 0 2.049694 -0.1108469 0.9938375 0 0 0 0 1 0 0 0 0 1 0.9926304 0.1211807 0 2.049686 -0.1211807 0.9926305 0 0 0 0 1 0 0 0 0 1 0.9913179 0.1314871 0 2.049694 -0.131487 0.9913179 0 -3.8147e-6 0 0 1 0 0 0 0 1 0.9899483 0.1414301 0 2.049694 -0.1414302 0.9899482 0 0 0 0 1 0 0 0 0 1 0.9885907 0.1506271 0 2.04969 -0.1506271 0.9885906 0 0 0 0 1 -1.90735e-6 0 0 0 1 0.9873248 0.158713 0 2.04969 -0.1587129 0.9873247 0 0 0 0 1 0 0 0 0 1 0.9862394 0.1653242 0 2.049686 -0.1653241 0.9862394 0 0 0 0 1 0 0 0 0 1 0.9854272 0.1700971 0 2.049694 -0.1700972 0.9854273 0 0 0 0 1 4.76837e-7 0 0 0 1 0.9849801 0.172668 0 2.04969 -0.172668 0.9849801 0 0 0 0 1 -2.38419e-7 0 0 0 1 0.9849783 0.1726785 0 2.04969 -0.1726784 0.9849783 0 1.90735e-6 0 0 1 0 0 0 0 1 0.9854223 0.1701263 0 2.04969 -0.1701263 0.9854223 0 0 0 0 1 2.38419e-7 0 0 0 1 0.9862318 0.165369 0 2.04969 -0.165369 0.9862318 0 0 0 0 1 -2.38419e-7 0 0 0 1 0.9873155 0.1587708 0 2.04969 -0.1587708 0.9873155 0 0 0 0 1 0 0 0 0 1 0.9885805 0.1506951 0 2.049694 -0.1506951 0.9885804 0 0 0 0 1 0 0 0 0 1 0.9899375 0.1415054 0 2.049694 -0.1415054 0.9899375 0 0 0 0 1 -2.38419e-7 0 0 0 1 0.9913073 0.1315666 0 2.04969 -0.1315666 0.9913073 0 -3.8147e-6 0 0 1 -4.76837e-7 0 0 0 1 0.9926225 0.1212456 0 2.04969 -0.1212455 0.9926225 0 0 0 0 1 0 0 0 0 1 0.9938285 0.1109268 0 2.04969 -0.1109268 0.9938285 0 0 0 0 1 9.53674e-7 0 0 0 1</float_array>
        <technique_common>
          <accessor source="#node-EidelwindRigArmRDigit23_matrix-output-array" count="31" stride="16">
            <param name="TRANSFORM" type="float4x4"/>
          </accessor>
        </technique_common>
      </source>
      <source id="node-EidelwindRigArmRDigit23_matrix-interpolation">
        <Name_array id="node-EidelwindRigArmRDigit23_matrix-interpolation-array" count="31">LINEAR LINEAR LINEAR LINEAR LINEAR LINEAR LINEAR LINEAR LINEAR LINEAR LINEAR LINEAR LINEAR LINEAR LINEAR LINEAR LINEAR LINEAR LINEAR LINEAR LINEAR LINEAR LINEAR LINEAR LINEAR LINEAR LINEAR LINEAR LINEAR LINEAR LINEAR</Name_array>
        <technique_common>
          <accessor source="#node-EidelwindRigArmRDigit23_matrix-interpolation-array" count="31" stride="1">
            <param name="INTERPOLATION" type="name"/>
          </accessor>
        </technique_common>
      </source>
      <source id="node-EidelwindRigArmRDigit24_matrix-input">
        <float_array id="node-EidelwindRigArmRDigit24_matrix-input-array" count="31">0 0.03333333 0.06666667 0.1 0.1333333 0.1666667 0.2 0.2333333 0.2666667 0.3 0.3333333 0.3666667 0.4 0.4333333 0.4666667 0.5 0.5333333 0.5666667 0.6 0.6333333 0.6666667 0.7 0.7333333 0.7666667 0.8 0.8333333 0.8666667 0.9 0.9333333 0.9666667 1</float_array>
        <technique_common>
          <accessor source="#node-EidelwindRigArmRDigit24_matrix-input-array" count="31" stride="1">
            <param name="TIME" type="float"/>
          </accessor>
        </technique_common>
      </source>
      <source id="node-EidelwindRigArmRDigit24_matrix-output">
        <float_array id="node-EidelwindRigArmRDigit24_matrix-output-array" count="496">0.9934323 0.1144206 0 2.04969 -0.1144207 0.9934324 0 0 0 0 1 0 0 0 0 1 0.9945307 0.1044456 0 2.049694 -0.1044456 0.9945307 0 3.8147e-6 0 0 1 0 0 0 0 1 0.9954584 0.09519827 0 2.04969 -0.09519827 0.9954583 0 3.8147e-6 0 0 1 0 0 0 0 1 0.9962037 0.08705204 0 2.04969 -0.08705204 0.9962038 0 0 0 0 1 0 0 0 0 1 0.9967643 0.08038115 0 2.04969 -0.08038115 0.9967643 0 0 0 0 1 3.8147e-6 0 0 0 1 0.9971413 0.07556056 0 2.04969 -0.07556056 0.9971413 0 -3.8147e-6 0 0 1 0 0 0 0 1 0.9973343 0.07296591 0 2.04969 -0.07296586 0.9973344 0 0 -1.49012e-7 0 1 0 0 0 0 1 0.9973352 0.07295536 0 2.04969 -0.07295536 0.9973352 0 0 0 0 1 3.8147e-6 0 0 0 1 0.9971435 0.07553118 0 2.04969 -0.07553124 0.9971435 0 0 0 0 1 0 0 0 0 1 0.9967679 0.08033579 0 2.04969 -0.08033585 0.9967678 0 0 0 0 1 0 0 0 0 1 0.9962089 0.08699375 0 2.04969 -0.08699369 0.9962089 0 -3.8147e-6 0 0 1 0 0 0 0 1 0.9954648 0.0951299 0 2.049692 -0.0951299 0.9954647 0 -3.8147e-6 0 0 0.9999999 3.8147e-6 0 0 0 1 0.9945386 0.1043701 0 2.04969 -0.1043701 0.9945386 0 0 0 0 1 0 0 0 0 1 0.9934417 0.1143409 0 2.04969 -0.1143408 0.9934417 0 3.8147e-6 0 0 1 0 0 0 0 1 0.9921982 0.1246702 0 2.049686 -0.1246702 0.9921982 0 0 0 0 1 0 0 0 0 1 0.9908494 0.1349719 0 2.04969 -0.1349719 0.9908494 0 0 0 0 1 -3.8147e-6 0 0 0 1 0.9894448 0.1449102 0 2.04969 -0.1449102 0.9894447 0 3.8147e-6 0 0 1 0 0 0 0 1 0.9880549 0.1541023 0 2.04969 -0.1541023 0.988055 0 0 0 0 1 1.90735e-6 0 0 0 1 0.9867606 0.1621837 0 2.049694 -0.1621837 0.9867606 0 -1.90735e-6 0 0 1 1.90735e-6 0 0 0 1 0.9856519 0.1687909 0 2.04969 -0.1687909 0.9856517 0 0 0 0 1 0 0 0 0 1 0.9848231 0.1735611 0 2.04969 -0.1735611 0.984823 0 1.90735e-6 0 0 1 0 0 0 0 1 0.9843668 0.1761304 0 2.04969 -0.1761304 0.9843668 0 -1.90735e-6 0 0 1 0 0 0 0 1 0.9843651 0.1761409 0 2.04969 -0.1761408 0.984365 0 -1.90735e-6 0 0 1 0 0 0 0 1 0.9848179 0.1735902 0 2.04969 -0.1735902 0.9848179 0 1.90735e-6 0 0 1 0 0 0 0 1 0.9856442 0.1688358 0 2.049694 -0.1688358 0.9856442 0 0 0 0 1 -2.38419e-7 0 0 0 1 0.9867511 0.1622415 0 2.04969 -0.1622415 0.986751 0 0 0 0 1 0 0 0 0 1 0.9880443 0.1541702 0 2.049686 -0.1541702 0.9880443 0 1.90735e-6 0 0 1 2.38419e-7 0 0 0 1 0.9894338 0.1449854 0 2.049686 -0.1449853 0.9894337 0 0 0 0 1 4.76837e-7 0 0 0 1 0.9908386 0.1350515 0 2.049694 -0.1350515 0.9908386 0 0 0 0 1 0 0 0 0 1 0.9921901 0.1247352 0 2.04969 -0.1247351 0.9921901 0 0 0 0 1 -4.76837e-7 0 0 0 1 0.9934323 0.1144206 0 2.04969 -0.1144207 0.9934324 0 0 0 0 1 0 0 0 0 1</float_array>
        <technique_common>
          <accessor source="#node-EidelwindRigArmRDigit24_matrix-output-array" count="31" stride="16">
            <param name="TRANSFORM" type="float4x4"/>
          </accessor>
        </technique_common>
      </source>
      <source id="node-EidelwindRigArmRDigit24_matrix-interpolation">
        <Name_array id="node-EidelwindRigArmRDigit24_matrix-interpolation-array" count="31">LINEAR LINEAR LINEAR LINEAR LINEAR LINEAR LINEAR LINEAR LINEAR LINEAR LINEAR LINEAR LINEAR LINEAR LINEAR LINEAR LINEAR LINEAR LINEAR LINEAR LINEAR LINEAR LINEAR LINEAR LINEAR LINEAR LINEAR LINEAR LINEAR LINEAR LINEAR</Name_array>
        <technique_common>
          <accessor source="#node-EidelwindRigArmRDigit24_matrix-interpolation-array" count="31" stride="1">
            <param name="INTERPOLATION" type="name"/>
          </accessor>
        </technique_common>
      </source>
      <source id="node-EidelwindRigLegL1_matrix-input">
        <float_array id="node-EidelwindRigLegL1_matrix-input-array" count="31">0 0.03333333 0.06666667 0.1 0.1333333 0.1666667 0.2 0.2333333 0.2666667 0.3 0.3333333 0.3666667 0.4 0.4333333 0.4666667 0.5 0.5333333 0.5666667 0.6 0.6333333 0.6666667 0.7 0.7333333 0.7666667 0.8 0.8333333 0.8666667 0.9 0.9333333 0.9666667 1</float_array>
        <technique_common>
          <accessor source="#node-EidelwindRigLegL1_matrix-input-array" count="31" stride="1">
            <param name="TIME" type="float"/>
          </accessor>
        </technique_common>
      </source>
      <source id="node-EidelwindRigLegL1_matrix-output">
        <float_array id="node-EidelwindRigLegL1_matrix-output-array" count="496">-0.9920242 -0.1244513 0.02000164 3.8147e-6 -0.1248389 0.9919862 -0.01945996 -0.6341787 -0.01741939 -0.02180171 -0.9996106 8.0982 0 0 0 1 -0.9982615 -0.0488342 -0.03300148 -3.8147e-6 -0.04905742 0.9987779 0.00599116 -0.6341786 0.03266853 0.007599711 -0.9994373 8.0982 0 0 0 1 -0.9946363 0.05927485 -0.08476579 -3.8147e-6 0.05669987 0.9978631 0.03247123 -0.6341787 0.08650934 0.02749085 -0.9958718 8.0982 0 0 0 1 -0.9773022 0.1681324 -0.1288856 -7.62939e-6 0.1615418 0.9850362 0.06006371 -0.6341787 0.1370555 0.03788 -0.9898386 8.0982 0 0 0 1 -0.9487345 0.2709534 -0.1627487 0 0.2597266 0.9617457 0.08710664 -0.6341785 0.1801246 0.04037088 -0.9828149 8.098198 0 0 0 1 -0.9113758 0.3679311 -0.1844475 0 0.3525422 0.9291341 0.1114624 -0.6341786 0.2123869 0.03655868 -0.9765015 8.098198 0 0 0 1 -0.8685169 0.4570742 -0.1917329 -1.52588e-5 0.439011 0.8889492 0.1305317 -0.6341787 0.2301035 0.02919614 -0.9727281 8.098198 0 0 0 1 -0.8307318 0.5273061 -0.178419 0 0.5089277 0.8492829 0.1403981 -0.6341788 0.225561 0.02583074 -0.9738867 8.0982 0 0 0 1 -0.8051678 0.574193 -0.1483494 0 0.558081 0.8182298 0.1380059 -0.6341785 0.2006259 0.02832686 -0.9792583 8.098198 0 0 0 1 -0.7873558 0.6062231 -0.112092 0 0.5941829 0.7946829 0.124201 -0.6341786 0.1643711 0.03118723 -0.9859054 8.0982 0 0 0 1 -0.7774031 0.6245652 -0.07458239 0 0.61724 0.7803072 0.1006745 -0.6341788 0.121075 0.03222948 -0.99212 8.098198 0 0 0 1 -0.7780183 0.6270457 -0.03874301 -3.8147e-6 0.6239097 0.7784125 0.06935667 -0.6341787 0.07364785 0.02978867 -0.9968392 8.0982 0 0 0 1 -0.7926512 0.609641 -0.006476759 -3.8147e-6 0.6091612 0.7923743 0.03263944 -0.6341788 0.02503031 0.02192634 -0.9994461 8.0982 0 0 0 1 -0.8279531 0.5604012 0.0210734 0 0.5603899 0.8281993 -0.00699675 -0.6341786 -0.02137398 0.006016314 -0.9997535 8.098198 0 0 0 1 -0.8300437 0.5565611 0.03559875 0 0.5553594 0.8307169 -0.03854084 -0.6341785 -0.05102282 -0.0122205 -0.9986226 8.098197 0 0 0 1 -0.837718 0.543534 0.05290913 0 0.5398061 0.8388334 -0.07048213 -0.6341785 -0.08269137 -0.03048342 -0.9961087 8.098199 0 0 0 1 -0.8551979 0.5130224 0.07378733 0 0.5051833 0.8568897 -0.1026167 -0.6341784 -0.1158722 -0.05048149 -0.9919805 8.098198 0 0 0 1 -0.8829586 0.4591383 0.09785729 -7.62939e-6 0.4454918 0.8852319 -0.1337971 -0.6341786 -0.1480576 -0.0745427 -0.9861654 8.098199 0 0 0 1 -0.9139871 0.3864268 0.1237009 0 0.3656154 0.9165818 -0.161875 -0.6341788 -0.1759347 -0.1027247 -0.9790273 8.098201 0 0 0 1 -0.9431017 0.2967194 0.1500558 0 0.2680427 0.9454872 -0.184951 -0.6341788 -0.1967545 -0.1342061 -0.9712241 8.098199 0 0 0 1 -0.9660174 0.1894744 0.1758122 0 0.1531284 0.9674881 -0.2012919 -0.6341785 -0.2082359 -0.1675297 -0.9636242 8.098199 0 0 0 1 -0.9784612 0.0420975 0.2020928 0 -0.00113523 0.9778735 -0.2091955 -0.6341785 -0.2064276 -0.204919 -0.9567632 8.098198 0 0 0 1 -0.9761107 -0.03018152 0.2151678 -7.62939e-6 -0.07587456 0.9753096 -0.2073993 -0.6341786 -0.2035955 -0.2187704 -0.9543001 8.098198 0 0 0 1 -0.9730924 -0.07294583 0.2185638 7.62939e-6 -0.1173055 0.9732713 -0.1974392 -0.6341787 -0.1983196 -0.2177653 -0.95564 8.098201 0 0 0 1 -0.977848 -0.03562188 0.2062631 0 -0.07402551 0.9805841 -0.1815906 -0.6341786 -0.1957896 -0.1928368 -0.961499 8.0982 0 0 0 1 -0.9823672 0.001651227 0.1869546 3.8147e-6 -0.02888411 0.9866151 -0.1604883 -0.6341786 -0.1847172 -0.1630585 -0.9691706 8.0982 0 0 0 1 -0.9864163 0.02918028 0.161652 -3.8147e-6 0.0071612 0.9907988 -0.135154 -0.6341786 -0.1641082 -0.1321604 -0.9775491 8.098198 0 0 0 1 -0.9908522 0.02993905 0.1315877 0 0.01581639 0.9941236 -0.1070878 -0.6341788 -0.1340206 -0.1040269 -0.9855031 8.098202 0 0 0 1 -0.9952674 0.003035545 0.09712702 7.62939e-6 -0.004546225 0.996963 -0.07774412 -0.6341788 -0.09706813 -0.07781773 -0.992231 8.098199 0 0 0 1 -0.9969109 -0.05150395 0.05929541 0 -0.05439519 0.9973544 -0.04822462 -0.6341785 -0.05665475 -0.051301 -0.997075 8.098198 0 0 0 1 -0.9920242 -0.1244513 0.02000164 3.8147e-6 -0.1248389 0.9919862 -0.01945996 -0.6341787 -0.01741939 -0.02180171 -0.9996106 8.0982 0 0 0 1</float_array>
        <technique_common>
          <accessor source="#node-EidelwindRigLegL1_matrix-output-array" count="31" stride="16">
            <param name="TRANSFORM" type="float4x4"/>
          </accessor>
        </technique_common>
      </source>
      <source id="node-EidelwindRigLegL1_matrix-interpolation">
        <Name_array id="node-EidelwindRigLegL1_matrix-interpolation-array" count="31">LINEAR LINEAR LINEAR LINEAR LINEAR LINEAR LINEAR LINEAR LINEAR LINEAR LINEAR LINEAR LINEAR LINEAR LINEAR LINEAR LINEAR LINEAR LINEAR LINEAR LINEAR LINEAR LINEAR LINEAR LINEAR LINEAR LINEAR LINEAR LINEAR LINEAR LINEAR</Name_array>
        <technique_common>
          <accessor source="#node-EidelwindRigLegL1_matrix-interpolation-array" count="31" stride="1">
            <param name="INTERPOLATION" type="name"/>
          </accessor>
        </technique_common>
      </source>
      <source id="node-EidelwindRigLegL2_matrix-input">
        <float_array id="node-EidelwindRigLegL2_matrix-input-array" count="31">0 0.03333333 0.06666667 0.1 0.1333333 0.1666667 0.2 0.2333333 0.2666667 0.3 0.3333333 0.3666667 0.4 0.4333333 0.4666667 0.5 0.5333333 0.5666667 0.6 0.6333333 0.6666667 0.7 0.7333333 0.7666667 0.8 0.8333333 0.8666667 0.9 0.9333333 0.9666667 1</float_array>
        <technique_common>
          <accessor source="#node-EidelwindRigLegL2_matrix-input-array" count="31" stride="1">
            <param name="TIME" type="float"/>
          </accessor>
        </technique_common>
      </source>
      <source id="node-EidelwindRigLegL2_matrix-output">
        <float_array id="node-EidelwindRigLegL2_matrix-output-array" count="496">0.8007953 0.5953 -0.06591475 27.95872 -0.5955845 0.8031046 0.01739925 0 0.06329423 0.02532458 0.9976737 0 0 0 0 1 0.7346876 0.6743123 -0.07440918 27.95871 -0.6746426 0.7377408 0.02440452 2.38419e-7 0.07135099 0.03226989 0.996929 0 0 0 0 1 0.6524568 0.7531982 -0.08362263 27.95871 -0.7535462 0.6565209 0.03388673 -2.38419e-7 0.08042341 0.04090386 0.9959213 0 0 0 0 1 0.5804382 0.8093584 -0.08961403 27.95872 -0.8097454 0.5853114 0.04150509 -9.53674e-7 0.08604466 0.04847347 0.9951113 0 0 0 0 1 0.5230864 0.8471028 -0.09379607 27.95871 -0.8475073 0.5286277 0.04778873 0 0.09006524 0.05449521 0.9944438 0 0 0 0 1 0.4796078 0.8721529 -0.09656876 27.95872 -0.8725698 0.485655 0.05254626 -1.90735e-6 0.09272754 0.05906134 0.9939383 9.53674e-7 0 0 0 1 0.4522029 0.8864813 -0.09830415 27.95872 -0.8868868 0.4586011 0.05583113 0 0.0945757 0.06193768 0.9935891 9.53674e-7 0 0 0 1 0.4613907 0.8818075 -0.09764474 27.95872 -0.8822289 0.4676509 0.05454421 0 0.0937612 0.06097888 0.9937257 0 0 0 0 1 0.5113396 0.8541565 -0.09459573 27.95871 -0.8545649 0.5170199 0.0490849 -3.8147e-6 0.09083408 0.05573916 0.9943049 0 0 0 0 1 0.5793612 0.8101409 -0.08950835 27.95871 -0.8105424 0.5842177 0.04135841 0 0.08579856 0.04858887 0.9951269 0 0 0 0 1 0.6593805 0.7472431 -0.08273613 27.95871 -0.7476004 0.6633353 0.03287178 0 0.07944506 0.04017847 0.9960294 0 0 0 0 1 0.7500532 0.6573597 -0.07278752 27.95871 -0.6576738 0.7529531 0.02295023 0 0.06989222 0.03065651 0.9970833 0 0 0 0 1 0.8433581 0.5341008 -0.05901956 27.95871 -0.5343576 0.8451635 0.0126639 0 0.05664503 0.02085739 0.9981764 4.76837e-7 0 0 0 1 0.9309375 0.3629606 -0.04018795 27.95871 -0.363134 0.9317317 0.003155291 -3.8147e-6 0.03858965 0.01165616 0.9991872 0 0 0 0 1 0.909344 0.4135182 -0.04578697 27.95872 -0.4137157 0.9103895 0.005517899 -3.8147e-6 0.04396575 0.01392513 0.9989361 0 0 0 0 1 0.8815029 0.4693091 -0.05197685 27.95872 -0.4695345 0.8828726 0.008545935 3.8147e-6 0.04989969 0.01687169 0.9986119 -4.76837e-7 0 0 0 1 0.8648425 0.498993 -0.05525654 27.95871 -0.4992321 0.866406 0.01037627 0 0.05305236 0.01861202 0.9984183 0 0 0 0 1 0.8735222 0.4838276 -0.05357289 27.95871 -0.4840588 0.8749846 0.009437322 1.90735e-6 0.05144155 0.01768869 0.9985194 -9.53674e-7 0 0 0 1 0.8997588 0.4337373 -0.04802399 27.95872 -0.4339444 0.9009158 0.006572723 -1.90735e-6 0.04611647 0.01492589 0.9988245 -4.76837e-7 0 0 0 1 0.9354362 0.3513504 -0.03888601 27.95872 -0.3515184 0.9361774 0.002657294 0 0.03733789 0.01118338 0.9992402 -4.76837e-7 0 0 0 1 0.9714707 0.2357185 -0.02609992 27.95871 -0.2358312 0.9717932 -0.001281082 0 0.02506178 0.007399678 0.9996584 -4.76837e-7 0 0 0 1 0.9992136 0.03941428 -0.004362523 27.95872 -0.03943312 0.9992129 -0.004317104 -1.19209e-7 0.004188954 0.004485785 0.9999812 9.53674e-7 0 0 0 1 1 2.40281e-6 1.78814e-6 27.95871 -2.45869e-6 0.9999905 -0.00439763 0 -1.74344e-6 0.004397571 0.9999904 4.76837e-7 0 0 0 1 0.9997216 0.02345621 -0.002574205 27.95872 -0.02346736 0.999715 -0.004372298 0 0.00247097 0.004431486 0.9999873 -4.76837e-7 0 0 0 1 0.9769966 0.2119608 -0.02346932 27.95872 -0.2120621 0.9772545 -0.001885771 0 0.02253586 0.006819307 0.9997228 4.76837e-7 0 0 0 1 0.9216209 0.3857464 -0.04259413 27.95871 -0.3859309 0.9225183 0.00413531 0 0.04088914 0.01262718 0.9990838 -4.76837e-7 0 0 0 1 0.84742 0.5276983 -0.05842804 27.95871 -0.5279504 0.8491861 0.01229417 1.19209e-7 0.05610394 0.02042877 0.9982159 -9.53674e-7 0 0 0 1 0.7866597 0.6136116 -0.06817144 27.95871 -0.6138992 0.7891529 0.01912093 0 0.06553059 0.02680867 0.9974906 2.38419e-7 0 0 0 1 0.7561628 0.6504089 -0.07201498 27.95871 -0.6507196 0.758991 0.02228081 0 0.06915038 0.03001362 0.9971547 7.15256e-7 0 0 0 1 0.7623549 0.6432279 -0.07122385 27.95871 -0.6435353 0.7651113 0.02160465 0 0.06839096 0.02936464 0.9972264 0 0 0 0 1 0.8007953 0.5953 -0.06591475 27.95872 -0.5955845 0.8031046 0.01739925 0 0.06329423 0.02532458 0.9976737 0 0 0 0 1</float_array>
        <technique_common>
          <accessor source="#node-EidelwindRigLegL2_matrix-output-array" count="31" stride="16">
            <param name="TRANSFORM" type="float4x4"/>
          </accessor>
        </technique_common>
      </source>
      <source id="node-EidelwindRigLegL2_matrix-interpolation">
        <Name_array id="node-EidelwindRigLegL2_matrix-interpolation-array" count="31">LINEAR LINEAR LINEAR LINEAR LINEAR LINEAR LINEAR LINEAR LINEAR LINEAR LINEAR LINEAR LINEAR LINEAR LINEAR LINEAR LINEAR LINEAR LINEAR LINEAR LINEAR LINEAR LINEAR LINEAR LINEAR LINEAR LINEAR LINEAR LINEAR LINEAR LINEAR</Name_array>
        <technique_common>
          <accessor source="#node-EidelwindRigLegL2_matrix-interpolation-array" count="31" stride="1">
            <param name="INTERPOLATION" type="name"/>
          </accessor>
        </technique_common>
      </source>
      <source id="node-EidelwindRigLegLAnkle_matrix-input">
        <float_array id="node-EidelwindRigLegLAnkle_matrix-input-array" count="31">0 0.03333333 0.06666667 0.1 0.1333333 0.1666667 0.2 0.2333333 0.2666667 0.3 0.3333333 0.3666667 0.4 0.4333333 0.4666667 0.5 0.5333333 0.5666667 0.6 0.6333333 0.6666667 0.7 0.7333333 0.7666667 0.8 0.8333333 0.8666667 0.9 0.9333333 0.9666667 1</float_array>
        <technique_common>
          <accessor source="#node-EidelwindRigLegLAnkle_matrix-input-array" count="31" stride="1">
            <param name="TIME" type="float"/>
          </accessor>
        </technique_common>
      </source>
      <source id="node-EidelwindRigLegLAnkle_matrix-output">
        <float_array id="node-EidelwindRigLegLAnkle_matrix-output-array" count="496">0.8909182 -0.4459739 0.08586215 27.96788 0.4431746 0.8950203 0.05035203 -1.90735e-6 -0.09930419 -0.006807625 0.9950339 2.38419e-7 0 0 0 1 0.8838164 -0.460679 0.08151227 27.96788 0.4613199 0.8871541 0.01191437 0 -0.07780277 0.02707308 0.9966014 0 0 0 0 1 0.8625109 -0.4993804 0.08182126 27.96788 0.5026476 0.8641451 -0.02446979 3.8147e-6 -0.0584858 0.06223273 0.9963465 0 0 0 0 1 0.8370448 -0.5414465 0.07868963 27.96788 0.5461072 0.8355963 -0.05954635 -3.8147e-6 -0.0335114 0.09281587 0.9951194 -4.76837e-7 0 0 0 1 0.8093426 -0.5823935 0.07604509 27.96788 0.5872603 0.8045184 -0.08874666 0 -0.009494304 0.1164847 0.9931476 4.76837e-7 0 0 0 1 0.7856598 -0.6144381 0.07214802 27.96788 0.6185516 0.7779847 -0.110157 0 0.01155441 0.1311732 0.9912922 0 0 0 0 1 0.7734706 -0.6300978 0.06870341 27.96788 0.6334008 0.7643907 -0.1204604 9.53674e-7 0.02338552 0.1366894 0.990338 9.53674e-7 0 0 0 1 0.7834554 -0.6179809 0.06554985 27.96788 0.6210695 0.7749307 -0.117279 9.53674e-7 0.02167946 0.1325939 0.9909332 0 0 0 0 1 0.8089488 -0.5842362 0.06534528 27.96788 0.5878394 0.8025888 -0.1014682 -4.76837e-7 0.006835937 0.1204951 0.9926903 4.76837e-7 0 0 0 1 0.8410252 -0.5370342 0.06535285 27.96788 0.5408593 0.8373697 -0.07926464 9.53674e-7 -0.01215666 0.1020103 0.9947091 0 0 0 0 1 0.878323 -0.4731036 0.06871211 27.96788 0.4767459 0.8774805 -0.05235815 0 -0.03552263 0.07874554 0.9962615 -4.76837e-7 0 0 0 1 0.9199674 -0.3853899 0.07165503 27.96788 0.3879041 0.9213677 -0.0247488 9.53674e-7 -0.05648279 0.05056339 0.9971225 2.38419e-7 0 0 0 1 0.9597314 -0.2707872 0.07476967 27.96788 0.2713885 0.9624679 0.002190768 -1.90735e-6 -0.07255721 0.01818919 0.9971986 -2.38419e-7 0 0 0 1 0.9935731 -0.08224052 0.07777494 27.96788 0.08033215 0.9963926 0.02736181 0 -0.07974535 -0.02093797 0.9965953 -4.76837e-7 0 0 0 1 0.9939442 -0.06577652 0.08802801 27.96788 0.06031537 0.996169 0.0633254 0 -0.09185677 -0.05763232 0.9941036 0 0 0 0 1 0.9887062 -0.115073 0.09601211 27.96788 0.1053743 0.9893291 0.1006203 0 -0.1065663 -0.08936667 0.9902814 0 0 0 0 1 0.9767212 -0.1891049 0.1012681 27.96788 0.1746813 0.9751597 0.1361975 0 -0.1245081 -0.1153373 0.9854922 4.76837e-7 0 0 0 1 0.965584 -0.2377722 0.1054118 27.96788 0.2185084 0.9614253 0.1670778 9.53674e-7 -0.141072 -0.1382943 0.9802925 4.76837e-7 0 0 0 1 0.9574868 -0.2665814 0.1102411 27.96788 0.2425936 0.9508695 0.1923415 0 -0.1560996 -0.1574207 0.9751162 2.38419e-7 0 0 0 1 0.9537166 -0.2770977 0.1167976 27.96788 0.2488372 0.9453187 0.2108381 0 -0.1688337 -0.1720161 0.9705183 2.38419e-7 0 0 0 1 0.9537221 -0.2733646 0.1252436 27.96788 0.2417532 0.9447857 0.2212135 -2.38419e-7 -0.1788003 -0.1806981 0.9671497 0 0 0 0 1 0.9635996 -0.2290292 0.1379173 27.96788 0.195878 0.9558993 0.2188339 2.38419e-7 -0.1819545 -0.1838533 0.9659662 3.57628e-7 0 0 0 1 0.9561511 -0.2583723 0.1379094 27.96788 0.2250869 0.949546 0.2183997 -4.76837e-7 -0.1873797 -0.1777814 0.9660657 -2.38419e-7 0 0 0 1 0.9408393 -0.3106452 0.1353548 27.96788 0.2781692 0.9361607 0.2150004 0 -0.1935027 -0.1646292 0.9671885 -1.19209e-7 0 0 0 1 0.8982918 -0.4224089 0.1210044 27.96788 0.3918393 0.8947021 0.2144063 0 -0.1988301 -0.1451852 0.9692203 1.19209e-7 0 0 0 1 0.8679226 -0.4848741 0.1077395 27.96788 0.4578464 0.8650843 0.2049539 -1.90735e-6 -0.1925806 -0.1285559 0.9728236 -7.15256e-7 0 0 0 1 0.8509895 -0.5157424 0.09912782 27.96788 0.4929442 0.8495065 0.188001 0 -0.1811698 -0.1111223 0.9771537 2.38419e-7 0 0 0 1 0.8490252 -0.5196992 0.09523195 27.96788 0.5017252 0.8495305 0.1630023 0 -0.1656147 -0.0906127 0.9820188 -2.38419e-7 0 0 0 1 0.8584179 -0.5045847 0.09226751 27.96788 0.4919771 0.8607993 0.1303197 0 -0.1451812 -0.06647521 0.9871695 2.38419e-7 0 0 0 1 0.8731504 -0.4790081 0.09033066 27.96788 0.4715679 0.876989 0.09227222 -1.90735e-6 -0.1234183 -0.03797054 0.9916281 0 0 0 0 1 0.8909182 -0.4459739 0.08586215 27.96788 0.4431746 0.8950203 0.05035203 -1.90735e-6 -0.09930419 -0.006807625 0.9950339 2.38419e-7 0 0 0 1</float_array>
        <technique_common>
          <accessor source="#node-EidelwindRigLegLAnkle_matrix-output-array" count="31" stride="16">
            <param name="TRANSFORM" type="float4x4"/>
          </accessor>
        </technique_common>
      </source>
      <source id="node-EidelwindRigLegLAnkle_matrix-interpolation">
        <Name_array id="node-EidelwindRigLegLAnkle_matrix-interpolation-array" count="31">LINEAR LINEAR LINEAR LINEAR LINEAR LINEAR LINEAR LINEAR LINEAR LINEAR LINEAR LINEAR LINEAR LINEAR LINEAR LINEAR LINEAR LINEAR LINEAR LINEAR LINEAR LINEAR LINEAR LINEAR LINEAR LINEAR LINEAR LINEAR LINEAR LINEAR LINEAR</Name_array>
        <technique_common>
          <accessor source="#node-EidelwindRigLegLAnkle_matrix-interpolation-array" count="31" stride="1">
            <param name="INTERPOLATION" type="name"/>
          </accessor>
        </technique_common>
      </source>
      <source id="node-EidelwindRigLegLDigit11_matrix-input">
        <float_array id="node-EidelwindRigLegLDigit11_matrix-input-array" count="31">0 0.03333333 0.06666667 0.1 0.1333333 0.1666667 0.2 0.2333333 0.2666667 0.3 0.3333333 0.3666667 0.4 0.4333333 0.4666667 0.5 0.5333333 0.5666667 0.6 0.6333333 0.6666667 0.7 0.7333333 0.7666667 0.8 0.8333333 0.8666667 0.9 0.9333333 0.9666667 1</float_array>
        <technique_common>
          <accessor source="#node-EidelwindRigLegLDigit11_matrix-input-array" count="31" stride="1">
            <param name="TIME" type="float"/>
          </accessor>
        </technique_common>
      </source>
      <source id="node-EidelwindRigLegLDigit11_matrix-output">
        <float_array id="node-EidelwindRigLegLDigit11_matrix-output-array" count="496">-0.290762 -0.9567952 7.82625e-6 10.44681 0.9567951 -0.290762 -2.89683e-6 3.8147e-6 5.03253e-6 6.5512e-6 1 -2.38419e-7 0 0 0 1 -0.265814 -0.9640238 9.21144e-4 10.44681 0.9640241 -0.265814 -3.04204e-6 -1.90735e-6 2.47773e-4 8.87104e-4 0.9999996 0 0 0 0 1 -0.2187042 -0.9757909 -8.67856e-4 10.44681 0.9757909 -0.2187043 -3.38033e-6 -1.90735e-6 -1.86517e-4 -8.47686e-4 0.9999997 -4.76837e-7 0 0 0 1 -0.1568608 -0.9876207 1.62211e-4 10.44681 0.9876207 -0.1568609 -3.49196e-6 0 2.89166e-5 1.59803e-4 1 -4.76837e-7 0 0 0 1 -0.08709406 -0.9962001 7.40983e-6 10.44681 0.9962 -0.08709406 -3.82124e-6 -9.53674e-7 4.44442e-6 6.97311e-6 0.9999998 0 0 0 0 1 -0.01953256 -0.9998091 7.27931e-6 10.44681 0.9998091 -0.01953256 -4.05319e-6 0 4.17452e-6 7.14423e-6 1 0 0 0 0 1 0.03724163 -0.999306 -7.30673e-4 10.44681 0.9993063 0.03724163 -4.32695e-6 -4.76837e-7 3.15321e-5 -7.30042e-4 0.9999998 4.76837e-7 0 0 0 1 0.07875764 -0.9968938 7.17416e-6 10.44681 0.9968941 0.07875758 -4.1925e-6 1.19209e-7 3.61789e-6 7.46639e-6 1 0 0 0 0 1 0.114856 -0.9933822 7.17172e-6 10.44681 0.9933822 0.114856 -4.19473e-6 -4.76837e-7 3.34227e-6 7.59485e-6 1 4.76837e-7 0 0 0 1 0.1462973 -0.9892404 9.2036e-4 10.44681 0.9892408 0.1462974 -4.20127e-6 -9.53674e-7 -1.30488e-4 9.11097e-4 0.9999997 0 0 0 0 1 0.1709179 -0.9852853 7.14731e-6 10.44681 0.9852855 0.1709179 -4.1886e-6 1.90735e-6 2.90875e-6 7.79701e-6 1 0 0 0 0 1 0.1867286 -0.9824117 7.19865e-6 10.44681 0.9824115 0.1867287 -4.20295e-6 0 2.77857e-6 7.78962e-6 1 0 0 0 0 1 0.1917105 -0.9814515 3.52634e-4 10.44681 0.9814513 0.1917106 -4.25184e-6 0 -6.34673e-5 3.46489e-4 1 4.76837e-7 0 0 0 1 0.1917097 -0.9814515 7.38079e-6 10.44681 0.9814516 0.1917098 -4.24811e-6 1.90735e-6 2.72961e-6 7.61619e-6 1 -2.38419e-7 0 0 0 1 0.1920482 -0.9813853 -8.53646e-6 10.44681 0.9813852 0.1920482 -4.24162e-6 0 5.79478e-6 -8.02994e-6 0.9999998 2.38419e-7 0 0 0 1 0.1917098 -0.9814516 7.16621e-6 10.44681 0.9814516 0.1917098 -4.1936e-6 0 2.74198e-6 7.83724e-6 1 0 0 0 0 1 0.1917098 -0.9814518 7.16621e-6 10.44681 0.9814518 0.1917098 -4.1936e-6 9.53674e-7 2.74198e-6 7.83724e-6 1 0 0 0 0 1 0.1917098 -0.9814518 7.16621e-6 10.44681 0.9814518 0.1917098 -4.1936e-6 9.53674e-7 2.74198e-6 7.83724e-6 1 0 0 0 0 1 0.1917098 -0.9814516 7.16621e-6 10.44681 0.9814516 0.1917098 -4.1936e-6 0 2.74198e-6 7.83724e-6 1 2.38419e-7 0 0 0 1 0.1908146 -0.9816261 -4.39016e-5 10.44681 0.9816262 0.1908146 -4.21035e-6 -9.53674e-7 1.251e-5 -4.22915e-5 1 0 0 0 0 1 0.1917098 -0.9814516 7.16621e-6 10.44681 0.9814516 0.1917098 -4.1936e-6 2.38419e-7 2.74198e-6 7.83724e-6 1 2.38419e-7 0 0 0 1 0.1908186 -0.9816254 -9.3068e-5 10.44681 0.9816254 0.1908186 -4.2326e-6 0 2.19139e-5 -9.05502e-5 1 -2.38419e-7 0 0 0 1 0.1865595 -0.9824421 0.001759469 10.44681 0.9824437 0.1865598 -1.28229e-6 0 -3.26988e-4 0.001728773 0.9999985 0 0 0 0 1 0.1766678 -0.9842706 1.71803e-4 10.44681 0.9842707 0.1766678 -4.15738e-6 4.76837e-7 -2.62601e-5 1.69835e-4 1 -2.38419e-7 0 0 0 1 0.1494132 -0.9887748 7.33122e-6 10.44681 0.9887747 0.1494133 -3.89843e-6 0 2.75929e-6 7.83093e-6 1 0 0 0 0 1 0.07057636 -0.9975063 4.32041e-4 10.44681 0.9975064 0.07057642 -3.61949e-6 9.53674e-7 -2.68818e-5 4.31207e-4 1 0 0 0 0 1 -0.0312255 -0.9995126 7.57743e-6 10.44681 0.9995126 -0.0312255 -3.42731e-6 9.53674e-7 3.66018e-6 7.43783e-6 1 0 0 0 0 1 -0.1321401 -0.9912308 -6.61742e-4 10.44681 0.991231 -0.1321401 -3.06781e-6 0 -8.44073e-5 -6.56395e-4 0.9999998 2.38419e-7 0 0 0 1 -0.2185263 -0.975831 7.77054e-6 10.44681 0.9758311 -0.2185263 -3.00492e-6 0 4.62141e-6 6.86407e-6 1 0 0 0 0 1 -0.2766574 -0.9609686 7.82128e-6 10.44681 0.9609686 -0.2766574 -2.89443e-6 0 4.932e-6 6.63402e-6 1 0 0 0 0 1 -0.290762 -0.9567952 7.82625e-6 10.44681 0.9567951 -0.290762 -2.89683e-6 3.8147e-6 5.03253e-6 6.5512e-6 1 -2.38419e-7 0 0 0 1</float_array>
        <technique_common>
          <accessor source="#node-EidelwindRigLegLDigit11_matrix-output-array" count="31" stride="16">
            <param name="TRANSFORM" type="float4x4"/>
          </accessor>
        </technique_common>
      </source>
      <source id="node-EidelwindRigLegLDigit11_matrix-interpolation">
        <Name_array id="node-EidelwindRigLegLDigit11_matrix-interpolation-array" count="31">LINEAR LINEAR LINEAR LINEAR LINEAR LINEAR LINEAR LINEAR LINEAR LINEAR LINEAR LINEAR LINEAR LINEAR LINEAR LINEAR LINEAR LINEAR LINEAR LINEAR LINEAR LINEAR LINEAR LINEAR LINEAR LINEAR LINEAR LINEAR LINEAR LINEAR LINEAR</Name_array>
        <technique_common>
          <accessor source="#node-EidelwindRigLegLDigit11_matrix-interpolation-array" count="31" stride="1">
            <param name="INTERPOLATION" type="name"/>
          </accessor>
        </technique_common>
      </source>
      <source id="node-EidelwindRigLegR1_matrix-input">
        <float_array id="node-EidelwindRigLegR1_matrix-input-array" count="31">0 0.03333333 0.06666667 0.1 0.1333333 0.1666667 0.2 0.2333333 0.2666667 0.3 0.3333333 0.3666667 0.4 0.4333333 0.4666667 0.5 0.5333333 0.5666667 0.6 0.6333333 0.6666667 0.7 0.7333333 0.7666667 0.8 0.8333333 0.8666667 0.9 0.9333333 0.9666667 1</float_array>
        <technique_common>
          <accessor source="#node-EidelwindRigLegR1_matrix-input-array" count="31" stride="1">
            <param name="TIME" type="float"/>
          </accessor>
        </technique_common>
      </source>
      <source id="node-EidelwindRigLegR1_matrix-output">
        <float_array id="node-EidelwindRigLegR1_matrix-output-array" count="496">-0.837688 0.5435776 -0.05293655 0 0.5398467 0.8388052 0.07051068 -0.6341787 0.08273154 0.03048825 -0.9961054 -8.0982 0 0 0 1 -0.855194 0.5130284 -0.07378876 0 0.5051863 0.8568848 0.1026408 -0.6341786 0.115886 0.05050075 -0.9919778 -8.098198 0 0 0 1 -0.8830283 0.4589909 -0.09792029 0 0.4453344 0.8853062 0.133829 -0.6341786 0.1481157 0.07456749 -0.9861549 -8.098198 0 0 0 1 -0.91403 0.3863131 -0.1237381 0 0.3654943 0.9166267 0.1618917 -0.6341788 0.1759625 0.1027483 -0.9790198 -8.0982 0 0 0 1 -0.9431777 0.2964369 -0.1501364 -7.62939e-6 0.2677453 0.9455688 0.1849656 -0.6341785 0.1967948 0.1342572 -0.971209 -8.098198 0 0 0 1 -0.9660529 0.1892362 -0.1758731 -7.62939e-6 0.1528807 0.9675287 0.2012853 -0.6341785 0.2082526 0.1675646 -0.9636144 -8.098198 0 0 0 1 -0.9784736 0.04109978 -0.2022389 -7.62939e-6 -0.002159476 0.9778757 0.2091761 -0.6341787 0.2063615 0.20511 -0.9567366 -8.098201 0 0 0 1 -0.9761107 -0.03018158 -0.2151678 -7.62939e-6 -0.07587456 0.9753096 0.2073993 -0.6341788 0.2035955 0.2187704 -0.9543001 -8.098198 0 0 0 1 -0.9732196 -0.07167685 -0.2184174 0 -0.1160075 0.9734225 0.197461 -0.6341785 0.198459 0.2175109 -0.9556688 -8.098199 0 0 0 1 -0.9778481 -0.03562158 -0.2062627 0 -0.07402515 0.9805841 0.1815907 -0.6341786 0.1957892 0.1928368 -0.961499 -8.0982 0 0 0 1 -0.982374 0.001766741 -0.1869173 0 -0.02876287 0.9866176 0.160494 -0.6341787 0.1846994 0.1630414 -0.9691768 -8.098201 0 0 0 1 -0.9864162 0.02918058 -0.1616513 3.8147e-6 0.007161676 0.9907987 0.135154 -0.6341785 0.1641077 0.1321604 -0.977549 -8.098198 0 0 0 1 -0.9908562 0.02999144 -0.1315464 -3.8147e-6 0.01587271 0.9941222 0.1070929 -0.6341787 0.1339849 0.1040256 -0.9855083 -8.098197 0 0 0 1 -0.9952675 0.00303775 -0.09712588 0 -0.00454396 0.996963 0.07774436 -0.6341786 0.09706699 0.07781779 -0.9922311 -8.098196 0 0 0 1 -0.9969108 -0.05150604 -0.05929559 0 -0.05439734 0.9973542 0.04822462 -0.6341785 0.05665481 0.05130118 -0.9970749 -8.098198 0 0 0 1 -0.9920249 -0.1244375 -0.0200442 0 -0.1248259 0.9919878 0.01945608 -0.6341784 0.01746249 0.02180296 -0.9996098 -8.098198 0 0 0 1 -0.9982616 -0.04883235 0.03300184 0 -0.04905557 0.9987782 -0.005991101 -0.6341784 -0.03266888 -0.007599592 -0.9994374 -8.098201 0 0 0 1 -0.9946369 0.05930769 0.08473408 -7.62939e-6 0.05673372 0.9978613 -0.03247106 -0.6341786 -0.08647859 -0.0274896 -0.9958744 -8.098199 0 0 0 1 -0.9773031 0.1681278 0.1288857 -3.8147e-6 0.1615372 0.9850371 -0.0600636 -0.6341788 -0.1370555 -0.03788048 -0.9898388 -8.098199 0 0 0 1 -0.9487299 0.2709805 0.1627298 7.62939e-6 0.2597556 0.961738 -0.08710354 -0.6341787 -0.1801069 -0.04036772 -0.9828183 -8.098201 0 0 0 1 -0.9113759 0.3679309 0.1844474 0 0.352542 0.9291342 -0.1114625 -0.6341785 -0.2123869 -0.03655874 -0.9765015 -8.098197 0 0 0 1 -0.8685134 0.4570835 0.1917271 -7.62939e-6 0.439022 0.8889449 -0.1305264 -0.6341785 -0.2300961 -0.02919149 -0.9727299 -8.098201 0 0 0 1 -0.8307332 0.5273041 0.1784183 7.62939e-6 0.5089256 0.849284 -0.1403979 -0.6341786 -0.2255602 -0.02583146 -0.9738868 -8.0982 0 0 0 1 -0.8051819 0.5741726 0.1483505 0 0.5580625 0.8182442 -0.1379958 -0.6341787 -0.2006205 -0.02832275 -0.9792596 -8.098202 0 0 0 1 -0.7873543 0.6062248 0.1120923 0 0.5941845 0.7946817 -0.1242012 -0.6341787 -0.1643715 -0.03118687 -0.9859053 -8.0982 0 0 0 1 -0.7774329 0.6245247 0.07461255 0 0.6171985 0.7803405 -0.1006715 -0.6341786 -0.1210951 -0.03221446 -0.992118 -8.0982 0 0 0 1 -0.7780202 0.6270437 0.03874254 -3.8147e-6 0.6239077 0.7784143 -0.06935638 -0.6341787 -0.07364714 -0.02978897 -0.9968394 -8.0982 0 0 0 1 -0.7926827 0.6095992 0.006513059 0 0.609119 0.7924067 -0.03263825 -0.6341787 -0.02505737 -0.02190446 -0.9994459 -8.0982 0 0 0 1 -0.8279535 0.5604007 -0.02107304 3.8147e-6 0.5603893 0.8281996 0.006996512 -0.6341787 0.02137345 -0.006016194 -0.9997535 -8.098197 0 0 0 1 -0.8300436 0.5565613 -0.03559857 0 0.5553596 0.8307168 0.03854072 -0.6341785 0.05102258 0.0122205 -0.9986227 -8.098198 0 0 0 1 -0.8377487 0.5434823 -0.0529558 0 0.5397524 0.8388677 0.0704897 -0.6341787 0.08273285 0.03046953 -0.9961059 -8.0982 0 0 0 1</float_array>
        <technique_common>
          <accessor source="#node-EidelwindRigLegR1_matrix-output-array" count="31" stride="16">
            <param name="TRANSFORM" type="float4x4"/>
          </accessor>
        </technique_common>
      </source>
      <source id="node-EidelwindRigLegR1_matrix-interpolation">
        <Name_array id="node-EidelwindRigLegR1_matrix-interpolation-array" count="31">LINEAR LINEAR LINEAR LINEAR LINEAR LINEAR LINEAR LINEAR LINEAR LINEAR LINEAR LINEAR LINEAR LINEAR LINEAR LINEAR LINEAR LINEAR LINEAR LINEAR LINEAR LINEAR LINEAR LINEAR LINEAR LINEAR LINEAR LINEAR LINEAR LINEAR LINEAR</Name_array>
        <technique_common>
          <accessor source="#node-EidelwindRigLegR1_matrix-interpolation-array" count="31" stride="1">
            <param name="INTERPOLATION" type="name"/>
          </accessor>
        </technique_common>
      </source>
      <source id="node-EidelwindRigLegR2_matrix-input">
        <float_array id="node-EidelwindRigLegR2_matrix-input-array" count="31">0 0.03333333 0.06666667 0.1 0.1333333 0.1666667 0.2 0.2333333 0.2666667 0.3 0.3333333 0.3666667 0.4 0.4333333 0.4666667 0.5 0.5333333 0.5666667 0.6 0.6333333 0.6666667 0.7 0.7333333 0.7666667 0.8 0.8333333 0.8666667 0.9 0.9333333 0.9666667 1</float_array>
        <technique_common>
          <accessor source="#node-EidelwindRigLegR2_matrix-input-array" count="31" stride="1">
            <param name="TIME" type="float"/>
          </accessor>
        </technique_common>
      </source>
      <source id="node-EidelwindRigLegR2_matrix-output">
        <float_array id="node-EidelwindRigLegR2_matrix-output-array" count="496">0.8811351 0.4699926 0.05204039 27.95872 -0.4702171 0.8825091 -0.008605062 3.8147e-6 -0.0499705 -0.01688802 0.9986081 0 0 0 0 1 0.8644926 0.499593 0.05531197 27.95871 -0.4998309 0.86606 -0.0104379 3.8147e-6 -0.05311822 -0.01862317 0.9984145 9.53674e-7 0 0 0 1 0.8734868 0.4838719 0.05374842 27.95871 -0.4841012 0.87496 -0.009536385 1.90735e-6 -0.05164211 -0.0176897 0.998509 -4.76837e-7 0 0 0 1 0.8995656 0.4341322 0.04806911 27.95871 -0.4343395 0.9007251 -0.006590187 1.90735e-6 -0.04615807 -0.01494997 0.9988224 4.76837e-7 0 0 0 1 0.9353342 0.3516149 0.03895086 27.95872 -0.3517826 0.9360779 -0.002686738 -1.90735e-6 -0.03740578 -0.0111891 0.9992375 0 0 0 0 1 0.9714474 0.2358497 0.02579092 27.95872 -0.235962 0.9717615 0.00135833 9.53674e-7 -0.02474218 -0.007405221 0.9996664 0 0 0 0 1 0.9992536 0.03840011 0.004251658 27.95872 -0.03841847 0.9992527 0.004321455 0 -0.00408262 -0.004481554 0.9999817 4.76837e-7 0 0 0 1 1 4.16115e-6 6.55651e-7 27.95871 -4.1984e-6 0.9999903 0.004420816 0 -6.55651e-7 -0.004420816 0.9999902 -9.53674e-7 0 0 0 1 0.999665 0.02572751 0.002848923 27.95872 -0.02573978 0.9996592 0.004366517 0 -0.002735674 -0.0044384 0.9999865 4.76837e-7 0 0 0 1 0.9769962 0.2119616 0.0234698 27.95872 -0.2120629 0.9772542 0.001883268 0 -0.02253681 -0.006817102 0.9997229 0 0 0 0 1 0.9214948 0.3860316 0.04274284 27.95871 -0.3862159 0.9223991 -0.004192411 0 -0.04104435 -0.01264458 0.9990774 -1.43051e-6 0 0 0 1 0.8474195 0.5276991 0.058429 27.95871 -0.5279513 0.8491855 -0.01229447 0 -0.05610489 -0.02042913 0.9982158 -1.43051e-6 0 0 0 1 0.7869108 0.6133202 0.06789678 27.95871 -0.6136122 0.7893808 -0.01892393 0 -0.06520283 -0.02677083 0.9975129 0 0 0 0 1 0.7563598 0.6501691 0.0721116 27.95871 -0.6504759 0.7591975 -0.02236557 0 -0.06928831 -0.02999037 0.9971458 -2.38419e-7 0 0 0 1 0.7623576 0.6432248 0.07122355 27.95871 -0.6435322 0.7651141 -0.02160435 0 -0.06839066 -0.0293644 0.9972265 4.76837e-7 0 0 0 1 0.8007755 0.5953266 0.06591439 27.95871 -0.5956106 0.8030846 -0.01740312 0 -0.06329542 -0.02532333 0.9976734 4.76837e-7 0 0 0 1 0.7346571 0.6743177 0.07466536 27.95871 -0.6746397 0.7377359 -0.02463519 0 -0.07169532 -0.03227376 0.9969044 0 0 0 0 1 0.652355 0.75331 0.08341115 27.95871 -0.7536697 0.6563917 -0.03364217 0 -0.08009344 -0.04091781 0.9959471 9.53674e-7 0 0 0 1 0.5801635 0.8095526 0.08963865 27.95871 -0.8099395 0.5850404 -0.04154258 9.53674e-7 -0.08607321 -0.04850035 0.9951075 9.53674e-7 0 0 0 1 0.523027 0.847139 0.09380024 27.95872 -0.8475439 0.5285691 -0.04779535 -1.90735e-6 -0.09006923 -0.05450159 0.9944431 -9.53674e-7 0 0 0 1 0.4795424 0.8721709 0.09673047 27.95871 -0.8725695 0.4856227 -0.0528472 0 -0.09306639 -0.05906158 0.9939066 9.53674e-7 0 0 0 1 0.4520763 0.8865607 0.09816801 27.95871 -0.8869845 0.4584442 -0.05555582 0 -0.09425824 -0.06195801 0.9936178 0 0 0 0 1 0.4613939 0.8818058 0.09764397 27.95872 -0.8822271 0.4676541 -0.05454337 -3.8147e-6 -0.09376037 -0.06097817 0.9937258 -1.90735e-6 0 0 0 1 0.5113863 0.8541309 0.09457361 27.95871 -0.8545393 0.5170638 -0.04906874 -3.8147e-6 -0.09081178 -0.05572372 0.9943079 0 0 0 0 1 0.5793018 0.8101617 0.08970749 27.95871 -0.8105487 0.5841893 -0.04163795 3.8147e-6 -0.08613967 -0.04859137 0.9950975 -9.53674e-7 0 0 0 1 0.6594953 0.7471681 0.08249813 27.95871 -0.7475348 0.663421 -0.03262042 0 -0.079104 -0.04015719 0.9960573 0 0 0 0 1 0.7499676 0.6574302 0.07303446 27.95871 -0.6577371 0.7528913 -0.02316743 0 -0.07021802 -0.03066265 0.9970602 0 0 0 0 1 0.8434002 0.5340219 0.05913114 27.95871 -0.534277 0.8452136 -0.01273524 0 -0.05677938 -0.02085149 0.998169 0 0 0 0 1 0.930938 0.3629593 0.04018867 27.95872 -0.3631329 0.9317322 -0.003154873 -7.62939e-6 -0.03859025 -0.01165682 0.9991874 4.76837e-7 0 0 0 1 0.9093143 0.4135701 0.04590696 27.95872 -0.4137669 0.9103658 -0.005571663 -3.8147e-6 -0.04409641 -0.01392829 0.9989302 0 0 0 0 1 0.8815594 0.4692052 0.05195617 27.95871 -0.4694297 0.8829284 -0.008555829 0 -0.04988807 -0.01684725 0.9986127 -9.53674e-7 0 0 0 1</float_array>
        <technique_common>
          <accessor source="#node-EidelwindRigLegR2_matrix-output-array" count="31" stride="16">
            <param name="TRANSFORM" type="float4x4"/>
          </accessor>
        </technique_common>
      </source>
      <source id="node-EidelwindRigLegR2_matrix-interpolation">
        <Name_array id="node-EidelwindRigLegR2_matrix-interpolation-array" count="31">LINEAR LINEAR LINEAR LINEAR LINEAR LINEAR LINEAR LINEAR LINEAR LINEAR LINEAR LINEAR LINEAR LINEAR LINEAR LINEAR LINEAR LINEAR LINEAR LINEAR LINEAR LINEAR LINEAR LINEAR LINEAR LINEAR LINEAR LINEAR LINEAR LINEAR LINEAR</Name_array>
        <technique_common>
          <accessor source="#node-EidelwindRigLegR2_matrix-interpolation-array" count="31" stride="1">
            <param name="INTERPOLATION" type="name"/>
          </accessor>
        </technique_common>
      </source>
      <source id="node-EidelwindRigLegRAnkle_matrix-input">
        <float_array id="node-EidelwindRigLegRAnkle_matrix-input-array" count="31">0 0.03333333 0.06666667 0.1 0.1333333 0.1666667 0.2 0.2333333 0.2666667 0.3 0.3333333 0.3666667 0.4 0.4333333 0.4666667 0.5 0.5333333 0.5666667 0.6 0.6333333 0.6666667 0.7 0.7333333 0.7666667 0.8 0.8333333 0.8666667 0.9 0.9333333 0.9666667 1</float_array>
        <technique_common>
          <accessor source="#node-EidelwindRigLegRAnkle_matrix-input-array" count="31" stride="1">
            <param name="TIME" type="float"/>
          </accessor>
        </technique_common>
      </source>
      <source id="node-EidelwindRigLegRAnkle_matrix-output">
        <float_array id="node-EidelwindRigLegRAnkle_matrix-output-array" count="496">0.9886196 -0.115799 -0.09603017 27.96788 0.106091 0.9892444 -0.1006968 1.90735e-6 0.1066579 0.0893628 0.9902718 4.76837e-7 0 0 0 1 0.9765906 -0.1897853 -0.1012537 27.96788 0.1753537 0.9750295 -0.136266 9.53674e-7 0.1245866 0.1153209 0.9854843 0 0 0 0 1 0.9656121 -0.2373244 -0.1061639 27.96788 0.2179328 0.9615275 -0.1672439 0 0.1417705 0.1383561 0.9801831 -4.76837e-7 0 0 0 1 0.9573365 -0.2671313 -0.1102169 27.96788 0.2431308 0.9507163 -0.1924209 0 0.1561866 0.1574144 0.9751031 4.76837e-7 0 0 0 1 0.953382 -0.2782242 -0.1168515 27.96788 0.2499308 0.9450128 -0.2109156 -2.38419e-7 0.1691079 0.1718783 0.9704949 0 0 0 0 1 0.9538539 -0.2734013 -0.1241548 27.96787 0.2420188 0.9447527 -0.2210627 0 0.1777343 0.1808137 0.9673247 -4.76837e-7 0 0 0 1 0.9633978 -0.2299109 -0.1378596 27.96788 0.1967715 0.9557253 -0.2187913 0 0.1820585 0.1836562 0.9659841 -5.96046e-7 0 0 0 1 0.9561501 -0.2583736 -0.1379125 27.96788 0.2250831 0.9495415 -0.2184227 4.76837e-7 0.1873883 0.177803 0.9660598 3.57628e-7 0 0 0 1 0.9408029 -0.3107258 -0.1354227 27.96788 0.2782023 0.9361101 -0.2151778 0 0.1936319 0.164765 0.9671397 1.19209e-7 0 0 0 1 0.8982918 -0.4224096 -0.1210047 27.96788 0.3918403 0.8947025 -0.2144041 9.53674e-7 0.1988295 0.1451829 0.9692208 0 0 0 0 1 0.8676466 -0.485265 -0.1082004 27.96787 0.4581325 0.8648812 -0.20517 1.90735e-6 0.1931424 0.1284449 0.972727 1.19209e-7 0 0 0 1 0.8509892 -0.515743 -0.09912806 27.96788 0.4929448 0.8495064 -0.188001 -1.90735e-6 0.1811701 0.1111222 0.9771538 2.38419e-7 0 0 0 1 0.8499574 -0.5183228 -0.09441316 27.96788 0.5004872 0.8503324 -0.1626248 0 0.1645746 0.09097152 0.9821604 -2.38419e-7 0 0 0 1 0.8588489 -0.5037553 -0.09278547 27.96788 0.4910855 0.8612825 -0.1304891 1.90735e-6 0.145649 0.06650471 0.9870985 -7.15256e-7 0 0 0 1 0.8731514 -0.4790064 -0.09033048 27.96788 0.4715663 0.8769899 -0.09227204 0 0.1234177 0.03797066 0.9916281 0 0 0 0 1 0.8909078 -0.4459915 -0.08588188 27.96788 0.4431909 0.8950118 -0.05036246 0 0.09932643 0.006806194 0.9950318 0 0 0 0 1 0.8837183 -0.4606617 -0.08266341 27.96788 0.4613003 0.8871584 -0.01233953 0 0.07901972 -0.02722799 0.996501 0 0 0 0 1 0.8624004 -0.4997438 -0.08075743 27.96788 0.5029698 0.8639458 0.02488774 -1.90735e-6 0.05733239 -0.06208175 0.9964229 -4.76837e-7 0 0 0 1 0.8364809 -0.5422887 -0.07888376 27.96787 0.5469626 0.8350445 0.05943739 0 0.03363949 -0.09286475 0.9951104 0 0 0 0 1 0.8093185 -0.5824248 -0.0760619 27.96788 0.5872934 0.8044952 0.08873665 1.90735e-6 0.009508907 -0.1164869 0.9931472 0 0 0 0 1 0.7856001 -0.6143887 -0.0732091 27.96788 0.618648 0.7779875 0.109593 0 -0.01037698 -0.1313869 0.9912768 0 0 0 0 1 0.773148 -0.6305867 -0.06784957 27.96788 0.6337565 0.7640247 0.1209102 -2.86102e-6 -0.02440553 -0.1364815 0.9903421 -9.53674e-7 0 0 0 1 0.7834563 -0.6179802 -0.06554937 27.96788 0.6210687 0.7749315 0.1172791 9.53674e-7 -0.02167981 -0.1325936 0.9909334 -9.53674e-7 0 0 0 1 0.8089641 -0.5842176 -0.0653218 27.96788 0.5878181 0.8026037 0.1014762 0 -0.00685662 -0.1204879 0.992691 -9.53674e-7 0 0 0 1 0.8411418 -0.5367189 -0.06643331 27.96788 0.5406498 0.8375497 0.07878994 0 0.01335316 -0.1021907 0.9946752 0 0 0 0 1 0.8784149 -0.473101 -0.06754726 27.96788 0.4766672 0.8774954 0.05281794 9.53674e-7 0.03428429 -0.07859367 0.9963169 0 0 0 0 1 0.91977 -0.3856451 -0.07280659 27.96788 0.388198 0.9212533 0.02439618 1.90735e-6 0.05766493 -0.05070227 0.9970477 7.15256e-7 0 0 0 1 0.9597082 -0.2707451 -0.07521772 27.96788 0.2713481 0.9624788 -0.002278208 1.90735e-6 0.07301169 -0.01822358 0.9971646 2.38419e-7 0 0 0 1 0.9935732 -0.08223992 -0.07777559 27.96787 0.0803315 0.9963927 -0.02736216 0 0.07974469 0.02093863 0.9965952 -4.76837e-7 0 0 0 1 0.9939 -0.06571704 -0.08857274 27.96788 0.06022131 0.9961728 -0.06335616 0 0.09239661 0.05763584 0.9940532 -4.76837e-7 0 0 0 1 0.9887106 -0.1150179 -0.09603142 27.96788 0.10532 0.9893369 -0.1005975 0 0.1065779 0.08934777 0.9902819 4.76837e-7 0 0 0 1</float_array>
        <technique_common>
          <accessor source="#node-EidelwindRigLegRAnkle_matrix-output-array" count="31" stride="16">
            <param name="TRANSFORM" type="float4x4"/>
          </accessor>
        </technique_common>
      </source>
      <source id="node-EidelwindRigLegRAnkle_matrix-interpolation">
        <Name_array id="node-EidelwindRigLegRAnkle_matrix-interpolation-array" count="31">LINEAR LINEAR LINEAR LINEAR LINEAR LINEAR LINEAR LINEAR LINEAR LINEAR LINEAR LINEAR LINEAR LINEAR LINEAR LINEAR LINEAR LINEAR LINEAR LINEAR LINEAR LINEAR LINEAR LINEAR LINEAR LINEAR LINEAR LINEAR LINEAR LINEAR LINEAR</Name_array>
        <technique_common>
          <accessor source="#node-EidelwindRigLegRAnkle_matrix-interpolation-array" count="31" stride="1">
            <param name="INTERPOLATION" type="name"/>
          </accessor>
        </technique_common>
      </source>
      <source id="node-EidelwindRigLegRDigit11_matrix-input">
        <float_array id="node-EidelwindRigLegRDigit11_matrix-input-array" count="31">0 0.03333333 0.06666667 0.1 0.1333333 0.1666667 0.2 0.2333333 0.2666667 0.3 0.3333333 0.3666667 0.4 0.4333333 0.4666667 0.5 0.5333333 0.5666667 0.6 0.6333333 0.6666667 0.7 0.7333333 0.7666667 0.8 0.8333333 0.8666667 0.9 0.9333333 0.9666667 1</float_array>
        <technique_common>
          <accessor source="#node-EidelwindRigLegRDigit11_matrix-input-array" count="31" stride="1">
            <param name="TIME" type="float"/>
          </accessor>
        </technique_common>
      </source>
      <source id="node-EidelwindRigLegRDigit11_matrix-output">
        <float_array id="node-EidelwindRigLegRDigit11_matrix-output-array" count="496">0.1917098 -0.9814516 -7.16621e-6 10.44681 0.9814516 0.1917098 4.1936e-6 0 -2.74198e-6 -7.83724e-6 1 0 0 0 0 1 0.1917098 -0.9814518 -7.16621e-6 10.44681 0.9814518 0.1917098 4.1936e-6 9.53674e-7 -2.74198e-6 -7.83724e-6 1 2.38419e-7 0 0 0 1 0.1910037 -0.9815894 5.5596e-4 10.44681 0.9815893 0.1910038 4.39098e-6 0 -1.10501e-4 5.44886e-4 1 0 0 0 0 1 0.1917098 -0.9814518 -7.16621e-6 10.44681 0.9814518 0.1917098 4.1936e-6 0 -2.74198e-6 -7.83724e-6 1 2.38419e-7 0 0 0 1 0.1913825 -0.9815157 8.23214e-5 10.44681 0.9815157 0.1913825 4.20613e-6 -9.53674e-7 -1.98833e-5 7.99948e-5 1 -2.38419e-7 0 0 0 1 0.1914274 -0.9815065 -8.02463e-4 10.44681 0.9815069 0.1914274 4.07713e-6 0 1.49612e-4 -7.88404e-4 0.9999997 2.38419e-7 0 0 0 1 0.1917098 -0.9814518 -7.16621e-6 10.44681 0.9814518 0.1917098 4.1936e-6 2.38419e-7 -2.74198e-6 -7.83725e-6 1 0 0 0 0 1 0.1865587 -0.9824422 -0.00175786 10.44681 0.9824438 0.186559 1.28414e-6 -2.38419e-7 3.26689e-4 -0.001727223 0.9999985 -2.38419e-7 0 0 0 1 0.1757833 -0.9844289 -7.23321e-6 10.44681 0.9844289 0.1757833 4.07694e-6 0 -2.74198e-6 -7.83725e-6 1 0 0 0 0 1 0.1494132 -0.9887748 -7.33075e-6 10.44681 0.9887747 0.1494133 3.89836e-6 0 -2.75929e-6 -7.83141e-6 1 0 0 0 0 1 0.07081693 -0.9974893 -7.44119e-6 10.44681 0.9974894 0.07081693 3.67128e-6 9.53674e-7 -3.13546e-6 -7.69422e-6 1 0 0 0 0 1 -0.0312255 -0.9995126 -7.5485e-6 10.44681 0.9995126 -0.0312255 3.42614e-6 0 -3.66225e-6 -7.46672e-6 1 0 0 0 0 1 -0.1332855 -0.9910777 3.20534e-5 10.44681 0.9910777 -0.1332855 3.20407e-6 0 1.09116e-6 3.21447e-5 1 0 0 0 0 1 -0.2191658 -0.9756875 4.00424e-4 10.44681 0.9756877 -0.2191658 3.13835e-6 -1.90735e-6 8.46881e-5 3.91314e-4 0.9999999 0 0 0 0 1 -0.2766574 -0.9609686 -7.73956e-6 10.44681 0.9609686 -0.2766574 2.90415e-6 0 -4.94527e-6 -6.71524e-6 1 -2.38419e-7 0 0 0 1 -0.290762 -0.9567952 -7.73142e-6 10.44681 0.9567951 -0.290762 2.91026e-6 0 -5.04725e-6 -6.64583e-6 1 0 0 0 0 1 -0.2658282 -0.9640203 -7.67983e-6 10.44681 0.9640202 -0.2658282 3.0478e-6 1.90735e-6 -4.99201e-6 -6.68558e-6 1 4.76837e-7 0 0 0 1 -0.2184501 -0.9758481 -7.58062e-6 10.44681 0.975848 -0.21845 3.27839e-6 0 -4.86717e-6 -6.78114e-6 1 4.76837e-7 0 0 0 1 -0.1561961 -0.9877261 -7.58104e-6 10.44681 0.9877261 -0.1561962 3.54893e-6 -1.90735e-6 -4.66642e-6 -6.78603e-6 1 0 0 0 0 1 -0.08709406 -0.9962 -7.33369e-6 10.44681 0.9962 -0.08709406 3.82022e-6 0 -4.45208e-6 -7.04887e-6 0.9999998 0 0 0 0 1 -0.01957482 -0.9998079 9.05287e-4 10.44681 0.9998083 -0.01957488 4.05316e-6 9.53674e-7 1.36484e-5 9.05139e-4 0.9999997 0 0 0 0 1 0.03765463 -0.9992908 -7.15877e-6 10.44681 0.9992908 0.03765463 4.1727e-6 0 -3.90352e-6 -7.34748e-6 1 4.76837e-7 0 0 0 1 0.07875764 -0.9968938 -7.15826e-6 10.44681 0.9968941 0.07875758 4.19469e-6 2.38419e-7 -3.61446e-6 -7.48207e-6 1 0 0 0 0 1 0.114856 -0.9933822 -7.16896e-6 10.44681 0.9933823 0.114856 4.19416e-6 4.76837e-7 -3.34252e-6 -7.59765e-6 1 4.76837e-7 0 0 0 1 0.1459354 -0.9892942 -4.55107e-5 10.44681 0.9892942 0.1459354 4.18743e-6 0 2.50117e-6 -4.56098e-5 1 0 0 0 0 1 0.1709454 -0.9852802 -9.2025e-4 10.44681 0.9852805 0.1709454 4.21151e-6 0 1.53166e-4 -9.07385e-4 0.9999997 0 0 0 0 1 0.1869239 -0.982374 8.84454e-4 10.44681 0.9823741 0.186924 4.09703e-6 0 -1.69357e-4 8.68032e-4 0.9999997 0 0 0 0 1 0.1917096 -0.9814516 -6.96405e-6 10.44681 0.9814515 0.1917097 4.1355e-6 -1.90735e-6 -2.76025e-6 -8.04679e-6 1 -4.76837e-7 0 0 0 1 0.1917097 -0.9814515 -6.95163e-6 10.44681 0.9814516 0.1917098 4.13908e-6 0 -2.75435e-6 -8.0583e-6 1 -2.38419e-7 0 0 0 1 0.191926 -0.9814091 4.28759e-4 10.44681 0.9814091 0.1919261 4.0988e-6 -1.90735e-6 -8.63201e-5 4.19535e-4 0.9999997 2.38419e-7 0 0 0 1 0.1917098 -0.9814516 -7.16621e-6 10.44681 0.9814516 0.1917098 4.1936e-6 0 -2.74198e-6 -7.83724e-6 1 0 0 0 0 1</float_array>
        <technique_common>
          <accessor source="#node-EidelwindRigLegRDigit11_matrix-output-array" count="31" stride="16">
            <param name="TRANSFORM" type="float4x4"/>
          </accessor>
        </technique_common>
      </source>
      <source id="node-EidelwindRigLegRDigit11_matrix-interpolation">
        <Name_array id="node-EidelwindRigLegRDigit11_matrix-interpolation-array" count="31">LINEAR LINEAR LINEAR LINEAR LINEAR LINEAR LINEAR LINEAR LINEAR LINEAR LINEAR LINEAR LINEAR LINEAR LINEAR LINEAR LINEAR LINEAR LINEAR LINEAR LINEAR LINEAR LINEAR LINEAR LINEAR LINEAR LINEAR LINEAR LINEAR LINEAR LINEAR</Name_array>
        <technique_common>
          <accessor source="#node-EidelwindRigLegRDigit11_matrix-interpolation-array" count="31" stride="1">
            <param name="INTERPOLATION" type="name"/>
          </accessor>
        </technique_common>
      </source>
      <source id="node-EidelwindRigLegLPlatform_matrix-input">
        <float_array id="node-EidelwindRigLegLPlatform_matrix-input-array" count="31">0 0.03333333 0.06666667 0.1 0.1333333 0.1666667 0.2 0.2333333 0.2666667 0.3 0.3333333 0.3666667 0.4 0.4333333 0.4666667 0.5 0.5333333 0.5666667 0.6 0.6333333 0.6666667 0.7 0.7333333 0.7666667 0.8 0.8333333 0.8666667 0.9 0.9333333 0.9666667 1</float_array>
        <technique_common>
          <accessor source="#node-EidelwindRigLegLPlatform_matrix-input-array" count="31" stride="1">
            <param name="TIME" type="float"/>
          </accessor>
        </technique_common>
      </source>
      <source id="node-EidelwindRigLegLPlatform_matrix-output">
        <float_array id="node-EidelwindRigLegLPlatform_matrix-output-array" count="496">0 1.49012e-7 1 3.9807 -0.3171765 -0.9483667 1.49012e-7 25.41736 0.9483666 -0.3171765 0 2.84296 0 0 0 1 0 1.3411e-7 1 4.41801 -0.3417569 -0.9397885 1.3411e-7 23.9001 0.9397884 -0.3417569 0 3.513186 0 0 0 1 0 1.49012e-7 1 5.035108 -0.3323655 -0.9431507 1.49012e-7 20.6317 0.9431506 -0.3323655 0 4.140113 0 0 0 1 1.19209e-7 1.3411e-7 1 5.70038 -0.3014699 -0.9534757 1.49012e-7 16.606 0.9534757 -0.3014699 0 4.74021 0 0 0 1 0 1.49012e-7 1 6.352907 -0.253411 -0.9673588 1.49012e-7 12.16047 0.9673588 -0.253411 0 5.331476 0 0 0 1 0 1.41561e-7 1 6.935505 -0.1924155 -0.9813136 1.49012e-7 7.422677 0.9813136 -0.1924155 0 5.908165 0 0 0 1 0 1.49012e-7 1 7.34483 -0.123337 -0.9923648 1.49012e-7 2.523675 0.9923648 -0.123337 0 6.35932 0 0 0 1 0 1.47149e-7 1 7.304723 -0.05136471 -0.9986798 1.50874e-7 -2.406185 0.9986799 -0.05136471 -1.19209e-7 6.222224 0 0 0 1 0 1.50874e-7 1 6.851534 0.01861757 -0.9998267 1.50874e-7 -7.343692 0.9998267 0.01861757 0 5.460602 0 0 0 1 0 1.52737e-7 1 6.239447 0.08110076 -0.9967058 1.52737e-7 -12.15248 0.9967058 0.08110076 0 4.558545 0 0 0 1 0 1.49012e-7 1 5.57069 0.1309677 -0.9913867 1.49012e-7 -16.68917 0.9913867 0.1309677 0 3.659887 0 0 0 1 -1.19209e-7 1.49012e-7 1 4.911943 0.1633546 -0.9865675 1.63913e-7 -20.80879 0.9865674 0.1633546 0 2.799227 0 0 0 1 -1.19209e-7 1.56462e-7 1 4.335387 0.1730339 -0.984916 1.56462e-7 -24.15138 0.9849159 0.1730339 -1.19209e-7 1.985103 0 0 0 1 -1.19209e-7 1.49012e-7 1 3.971855 0.1115416 -0.9937599 1.49012e-7 -25.76024 0.9937598 0.1115416 -1.19209e-7 0.8942939 0 0 0 1 -1.19209e-7 1.50874e-7 1 3.948937 0.03224229 -0.9994803 1.50874e-7 -23.09477 0.9994802 0.03224229 -1.19209e-7 0.1086074 0 0 0 1 0 1.50996e-7 1 3.948935 1.62921e-7 -1 1.50996e-7 -20.03345 1 1.62921e-7 0 -0.1983539 0 0 0 1 0 1.50996e-7 1 3.948935 1.62921e-7 -1 1.50996e-7 -16.94789 1 1.62921e-7 0 -0.1983544 0 0 0 1 0 1.50996e-7 1 3.948935 1.62921e-7 -1 1.50996e-7 -13.86234 1 1.62921e-7 0 -0.1983549 0 0 0 1 0 1.50996e-7 1 3.948935 1.62921e-7 -1 1.50996e-7 -10.77678 1 1.62921e-7 0 -0.1983554 0 0 0 1 0 1.50996e-7 1 3.948935 1.62921e-7 -1 1.50996e-7 -7.691224 1 1.62921e-7 0 -0.1983559 0 0 0 1 0 1.50996e-7 1 3.948934 1.62921e-7 -1 1.50996e-7 -4.605669 1 1.62921e-7 0 -0.1983564 0 0 0 1 0 1.50996e-7 1 3.948933 1.62921e-7 -1 1.50996e-7 -1.520113 1 1.62921e-7 0 -0.1983569 0 0 0 1 0 1.50996e-7 1 3.948933 1.62921e-7 -1 1.50996e-7 1.565443 1 1.62921e-7 0 -0.1983574 0 0 0 1 0 1.50996e-7 1 3.948933 1.62921e-7 -1 1.50996e-7 4.650998 1 1.62921e-7 0 -0.1983579 0 0 0 1 0 1.51049e-7 1 3.948932 -0.001588821 -0.9999988 1.51049e-7 7.736548 0.9999988 -0.001588821 0 -0.1899715 0 0 0 1 0 1.49012e-7 1 3.948932 -0.03934907 -0.9992254 1.49012e-7 10.81647 0.9992254 -0.03934907 0 0.08810603 0 0 0 1 0 1.49012e-7 1 3.948931 -0.09705275 -0.9952791 1.49012e-7 13.86495 0.9952791 -0.09705275 0 0.679868 0 0 0 1 0 1.56462e-7 1 3.948931 -0.1595889 -0.9871835 1.56462e-7 16.87121 0.9871835 -0.1595889 0 1.321005 0 0 0 1 0 1.41561e-7 1 3.94893 -0.2199572 -0.9755095 1.41561e-7 19.84562 0.9755095 -0.2199572 0 1.89574 0 0 0 1 0 1.49012e-7 1 3.94893 -0.2734954 -0.9618733 1.49012e-7 22.80135 0.9618733 -0.2734954 0 2.405449 0 0 0 1 0 1.49012e-7 1 3.9807 -0.3171765 -0.9483667 1.49012e-7 25.41736 0.9483666 -0.3171765 0 2.84296 0 0 0 1</float_array>
        <technique_common>
          <accessor source="#node-EidelwindRigLegLPlatform_matrix-output-array" count="31" stride="16">
            <param name="TRANSFORM" type="float4x4"/>
          </accessor>
        </technique_common>
      </source>
      <source id="node-EidelwindRigLegLPlatform_matrix-interpolation">
        <Name_array id="node-EidelwindRigLegLPlatform_matrix-interpolation-array" count="31">LINEAR LINEAR LINEAR LINEAR LINEAR LINEAR LINEAR LINEAR LINEAR LINEAR LINEAR LINEAR LINEAR LINEAR LINEAR LINEAR LINEAR LINEAR LINEAR LINEAR LINEAR LINEAR LINEAR LINEAR LINEAR LINEAR LINEAR LINEAR LINEAR LINEAR LINEAR</Name_array>
        <technique_common>
          <accessor source="#node-EidelwindRigLegLPlatform_matrix-interpolation-array" count="31" stride="1">
            <param name="INTERPOLATION" type="name"/>
          </accessor>
        </technique_common>
      </source>
      <source id="node-EidelwindRigLegRPlatform_matrix-input">
        <float_array id="node-EidelwindRigLegRPlatform_matrix-input-array" count="31">0 0.03333333 0.06666667 0.1 0.1333333 0.1666667 0.2 0.2333333 0.2666667 0.3 0.3333333 0.3666667 0.4 0.4333333 0.4666667 0.5 0.5333333 0.5666667 0.6 0.6333333 0.6666667 0.7 0.7333333 0.7666667 0.8 0.8333333 0.8666667 0.9 0.9333333 0.9666667 1</float_array>
        <technique_common>
          <accessor source="#node-EidelwindRigLegRPlatform_matrix-input-array" count="31" stride="1">
            <param name="TIME" type="float"/>
          </accessor>
        </technique_common>
      </source>
      <source id="node-EidelwindRigLegRPlatform_matrix-output">
        <float_array id="node-EidelwindRigLegRPlatform_matrix-output-array" count="496">0 1.50996e-7 1 -3.94893 1.62921e-7 -1 1.50996e-7 -20.01416 1 1.62921e-7 0 -0.1983539 0 0 0 1 0 1.50996e-7 1 -3.94893 1.62921e-7 -1 1.50996e-7 -16.92861 1 1.62921e-7 0 -0.1983544 0 0 0 1 0 1.50996e-7 1 -3.948931 1.62921e-7 -1 1.50996e-7 -13.84305 1 1.62921e-7 0 -0.1983549 0 0 0 1 0 1.50996e-7 1 -3.948932 1.62921e-7 -1 1.50996e-7 -10.7575 1 1.62921e-7 0 -0.1983554 0 0 0 1 0 1.50996e-7 1 -3.948933 1.62921e-7 -1 1.50996e-7 -7.671942 1 1.62921e-7 0 -0.1983559 0 0 0 1 0 1.50996e-7 1 -3.948932 1.62921e-7 -1 1.50996e-7 -4.586385 1 1.62921e-7 0 -0.1983564 0 0 0 1 0 1.50996e-7 1 -3.948933 1.62921e-7 -1 1.50996e-7 -1.500829 1 1.62921e-7 0 -0.1983569 0 0 0 1 0 1.50996e-7 1 -3.948934 1.62921e-7 -1 1.50996e-7 1.565441 1 1.62921e-7 0 -0.1983574 0 0 0 1 0 1.50996e-7 1 -3.948934 1.62921e-7 -1 1.50996e-7 4.650997 1 1.62921e-7 0 -0.1983579 0 0 0 1 0 1.51049e-7 1 -3.948935 -0.001588821 -0.9999988 1.51049e-7 7.736547 0.9999988 -0.001588821 0 -0.1899715 0 0 0 1 0 1.49012e-7 1 -3.948935 -0.03934907 -0.9992254 1.49012e-7 10.81647 0.9992254 -0.03934907 0 0.08810603 0 0 0 1 0 1.49012e-7 1 -3.948935 -0.09705275 -0.9952791 1.49012e-7 13.86495 0.9952791 -0.09705275 0 0.679868 0 0 0 1 0 1.56462e-7 1 -3.948935 -0.1595889 -0.9871835 1.56462e-7 16.8712 0.9871835 -0.1595889 0 1.321005 0 0 0 1 0 1.41561e-7 1 -3.948936 -0.2199572 -0.9755095 1.41561e-7 19.84562 0.9755095 -0.2199572 0 1.89574 0 0 0 1 0 1.49012e-7 1 -3.948936 -0.2734954 -0.9618733 1.49012e-7 22.80135 0.9618733 -0.2734954 0 2.405449 0 0 0 1 0 1.49012e-7 1 -3.980709 -0.3171765 -0.9483667 1.49012e-7 25.41736 0.9483666 -0.3171765 0 2.84296 0 0 0 1 0 1.3411e-7 1 -4.418017 -0.3417569 -0.9397885 1.3411e-7 23.9001 0.9397884 -0.3417569 0 3.513186 0 0 0 1 0 1.49012e-7 1 -5.035114 -0.3323655 -0.9431507 1.49012e-7 20.6317 0.9431506 -0.3323655 0 4.140113 0 0 0 1 1.19209e-7 1.3411e-7 1 -5.700385 -0.3014699 -0.9534757 1.49012e-7 16.606 0.9534757 -0.3014699 0 4.74021 0 0 0 1 0 1.49012e-7 1 -6.352911 -0.253411 -0.9673588 1.49012e-7 12.16046 0.9673588 -0.253411 0 5.331476 0 0 0 1 0 1.41561e-7 1 -6.935507 -0.1924155 -0.9813136 1.49012e-7 7.422676 0.9813136 -0.1924155 0 5.908165 0 0 0 1 0 1.49012e-7 1 -7.34483 -0.123337 -0.9923648 1.49012e-7 2.523673 0.9923648 -0.123337 0 6.35932 0 0 0 1 0 1.47149e-7 1 -7.304721 -0.05136471 -0.9986798 1.50874e-7 -2.406187 0.9986799 -0.05136471 -1.19209e-7 6.222224 0 0 0 1 0 1.50874e-7 1 -6.851532 0.01861757 -0.9998267 1.50874e-7 -7.343695 0.9998267 0.01861757 0 5.460602 0 0 0 1 0 1.52737e-7 1 -6.239443 0.08110076 -0.9967058 1.52737e-7 -12.15248 0.9967058 0.08110076 0 4.558545 0 0 0 1 0 1.49012e-7 1 -5.570685 0.1309677 -0.9913867 1.49012e-7 -16.68918 0.9913867 0.1309677 0 3.659887 0 0 0 1 -1.19209e-7 1.49012e-7 1 -4.911936 0.1633546 -0.9865675 1.63913e-7 -20.80879 0.9865674 0.1633546 0 2.799227 0 0 0 1 -1.19209e-7 1.56462e-7 1 -4.335381 0.1730339 -0.984916 1.56462e-7 -24.15139 0.9849159 0.1730339 -1.19209e-7 1.985103 0 0 0 1 -1.19209e-7 1.49012e-7 1 -3.971848 0.1115416 -0.9937599 1.49012e-7 -25.76024 0.9937598 0.1115416 -1.19209e-7 0.8942939 0 0 0 1 -1.19209e-7 1.50874e-7 1 -3.94893 0.03224229 -0.9994803 1.50874e-7 -23.09477 0.9994802 0.03224229 -1.19209e-7 0.1086074 0 0 0 1 0 1.50996e-7 1 -3.94893 1.62921e-7 -1 1.50996e-7 -20.03345 1 1.62921e-7 0 -0.1983539 0 0 0 1</float_array>
        <technique_common>
          <accessor source="#node-EidelwindRigLegRPlatform_matrix-output-array" count="31" stride="16">
            <param name="TRANSFORM" type="float4x4"/>
          </accessor>
        </technique_common>
      </source>
      <source id="node-EidelwindRigLegRPlatform_matrix-interpolation">
        <Name_array id="node-EidelwindRigLegRPlatform_matrix-interpolation-array" count="31">LINEAR LINEAR LINEAR LINEAR LINEAR LINEAR LINEAR LINEAR LINEAR LINEAR LINEAR LINEAR LINEAR LINEAR LINEAR LINEAR LINEAR LINEAR LINEAR LINEAR LINEAR LINEAR LINEAR LINEAR LINEAR LINEAR LINEAR LINEAR LINEAR LINEAR LINEAR</Name_array>
        <technique_common>
          <accessor source="#node-EidelwindRigLegRPlatform_matrix-interpolation-array" count="31" stride="1">
            <param name="INTERPOLATION" type="name"/>
          </accessor>
        </technique_common>
      </source>
      <source id="node-EidelwindRigArmLIKTarget_matrix-input">
        <float_array id="node-EidelwindRigArmLIKTarget_matrix-input-array" count="31">0 0.03333333 0.06666667 0.1 0.1333333 0.1666667 0.2 0.2333333 0.2666667 0.3 0.3333333 0.3666667 0.4 0.4333333 0.4666667 0.5 0.5333333 0.5666667 0.6 0.6333333 0.6666667 0.7 0.7333333 0.7666667 0.8 0.8333333 0.8666667 0.9 0.9333333 0.9666667 1</float_array>
        <technique_common>
          <accessor source="#node-EidelwindRigArmLIKTarget_matrix-input-array" count="31" stride="1">
            <param name="TIME" type="float"/>
          </accessor>
        </technique_common>
      </source>
      <source id="node-EidelwindRigArmLIKTarget_matrix-output">
        <float_array id="node-EidelwindRigArmLIKTarget_matrix-output-array" count="496">-0.04567575 -0.9989562 -3.54886e-4 40.13902 -8.27134e-4 -3.17454e-4 0.9999999 -18.42254 -0.998956 0.04567599 -8.11815e-4 3.01003e-6 0 0 0 1 -0.04567575 -0.9989562 -3.54886e-4 40.13902 -8.27134e-4 -3.17454e-4 0.9999999 -15.33698 -0.998956 0.04567599 -8.11815e-4 2.5034e-6 0 0 0 1 -0.04567575 -0.9989562 -3.54886e-4 40.13902 -8.27134e-4 -3.17454e-4 0.9999999 -12.25143 -0.998956 0.04567599 -8.11815e-4 1.99676e-6 0 0 0 1 -0.04567575 -0.9989562 -3.54886e-4 40.13902 -8.27134e-4 -3.17454e-4 0.9999999 -9.165873 -0.998956 0.04567599 -8.11815e-4 1.49012e-6 0 0 0 1 -0.04567575 -0.9989562 -3.54886e-4 40.13902 -8.27134e-4 -3.17454e-4 0.9999999 -6.080317 -0.998956 0.04567599 -8.11815e-4 9.83477e-7 0 0 0 1 -0.04567575 -0.9989562 -3.54886e-4 40.13902 -8.27134e-4 -3.17454e-4 0.9999999 -2.994761 -0.998956 0.04567599 -8.11815e-4 4.91738e-7 0 0 0 1 -0.04567575 -0.9989562 -3.54886e-4 40.13902 -8.27134e-4 -3.17454e-4 0.9999999 0.09079456 -0.998956 0.04567599 -8.11815e-4 0 0 0 0 1 -0.04567575 -0.9989562 -3.54886e-4 40.13902 -8.27134e-4 -3.17454e-4 0.9999999 3.157065 -0.998956 0.04567599 -8.11815e-4 -5.1409e-7 0 0 0 1 -0.04567575 -0.9989562 -3.54886e-4 40.13902 -8.27134e-4 -3.17454e-4 0.9999999 6.242621 -0.998956 0.04567599 -8.11815e-4 -1.01328e-6 0 0 0 1 -0.04726314 -0.9988825 -3.54856e-4 40.13863 -8.2761e-4 -3.16262e-4 1 9.32817 -0.9988823 0.04726326 -8.11815e-4 -0.008379399 0 0 0 1 -0.08494853 -0.9963852 -3.54916e-4 40.1203 -8.38995e-4 -2.84672e-4 0.9999998 12.41349 -0.996385 0.08494883 -8.11815e-4 -0.2859104 0 0 0 1 -0.1424117 -0.9898074 -3.54946e-4 40.05623 -8.54045e-4 -2.35677e-4 0.9999998 15.49855 -0.9898071 0.142412 -8.11696e-4 -0.8753619 0 0 0 1 -0.2045128 -0.9788637 -3.54916e-4 39.94772 -8.67188e-4 -1.81437e-4 0.9999998 18.58355 -0.9788634 0.204513 -8.11696e-4 -1.512208 0 0 0 1 -0.2642849 -0.9644445 -3.54886e-4 39.81045 -8.76665e-4 -1.27673e-4 0.9999998 21.66859 -0.9644442 0.2642851 -8.11696e-4 -2.081268 0 0 0 1 -0.3171443 -0.9483773 -3.54946e-4 39.65748 -8.82387e-4 -7.92742e-5 0.9999999 24.75369 -0.9483768 0.3171445 -8.11815e-4 -2.584516 0 0 0 1 -0.360163 -0.9328892 -3.54916e-4 39.52983 -8.85159e-4 -3.86238e-5 0.9999998 27.49176 -0.932889 0.360163 -8.11815e-4 -2.896936 0 0 0 1 -0.384326 -0.9231974 -3.54916e-4 39.68833 -8.85814e-4 -1.57356e-5 0.9999999 25.98768 -0.9231972 0.3843259 -8.11815e-4 -1.921105 0 0 0 1 -0.3750979 -0.926985 -3.54976e-4 40.052 -8.85606e-4 -2.45571e-5 0.9999999 22.61333 -0.9269848 0.3750979 -8.11696e-4 -0.2252087 0 0 0 1 -0.344706 -0.9387106 -3.54946e-4 40.47323 -8.84354e-4 -5.34058e-5 0.9999999 18.44842 -0.9387102 0.3447062 -8.11815e-4 1.683004 0 0 0 1 -0.2973315 -0.9547743 -3.54916e-4 40.87506 -8.80539e-4 -9.75132e-5 0.9999999 13.87852 -0.9547739 0.2973317 -8.11815e-4 3.560341 0 0 0 1 -0.2370371 -0.9715006 -3.54886e-4 41.20544 -8.72821e-4 -1.52349e-4 0.9999998 9.057805 -0.9715003 0.2370373 -8.11935e-4 5.205093 0 0 0 1 -0.1685355 -0.9856956 -3.54946e-4 41.42072 -8.59946e-4 -2.13146e-4 1 4.121222 -0.9856954 0.1685356 -8.11815e-4 6.364023 0 0 0 1 -0.0969268 -0.9952914 -3.54826e-4 41.43394 -8.42392e-4 -2.74539e-4 0.9999998 -0.8155529 -0.9952912 0.09692698 -8.11935e-4 6.500167 0 0 0 1 -0.0270698 -0.9996335 -3.54916e-4 41.26052 -8.21143e-4 -3.32832e-4 0.9999999 -5.752511 -0.9996332 0.02707004 -8.11815e-4 5.571936 0 0 0 1 0.03549069 -0.99937 -3.54946e-4 41.02575 -7.98702e-4 -3.83615e-4 0.9999999 -10.57391 -0.9993699 -0.03549045 -8.11935e-4 4.126252 0 0 0 1 0.08554863 -0.9963339 -3.54916e-4 40.78318 -7.78467e-4 -4.23074e-4 0.9999998 -15.14471 -0.9963338 -0.08554828 -8.11815e-4 2.440118 0 0 0 1 0.1181218 -0.9929989 -3.54856e-4 40.55465 -7.64191e-4 -4.48227e-4 0.9999998 -19.31054 -0.9929988 -0.1181215 -8.11815e-4 0.7455239 0 0 0 1 0.1278664 -0.9917914 -3.54826e-4 40.34884 -7.5978e-4 -4.55856e-4 0.9999998 -22.68561 -0.9917912 -0.1278662 -8.11935e-4 -0.6817955 0 0 0 1 0.06603431 -0.9978172 -3.54946e-4 40.15868 -7.86632e-4 -4.07696e-4 0.9999999 -24.22809 -0.997817 -0.06603407 -8.11815e-4 -1.004665 0 0 0 1 -0.01344347 -0.9999095 -3.54916e-4 40.12995 -8.16464e-4 -3.43919e-4 0.9999998 -21.50835 -0.9999093 0.01344376 -8.11696e-4 -0.3068629 0 0 0 1 -0.04567575 -0.9989562 -3.54886e-4 40.13902 -8.27134e-4 -3.17454e-4 0.9999999 -18.44183 -0.998956 0.04567599 -8.11815e-4 3.01003e-6 0 0 0 1</float_array>
        <technique_common>
          <accessor source="#node-EidelwindRigArmLIKTarget_matrix-output-array" count="31" stride="16">
            <param name="TRANSFORM" type="float4x4"/>
          </accessor>
        </technique_common>
      </source>
      <source id="node-EidelwindRigArmLIKTarget_matrix-interpolation">
        <Name_array id="node-EidelwindRigArmLIKTarget_matrix-interpolation-array" count="31">LINEAR LINEAR LINEAR LINEAR LINEAR LINEAR LINEAR LINEAR LINEAR LINEAR LINEAR LINEAR LINEAR LINEAR LINEAR LINEAR LINEAR LINEAR LINEAR LINEAR LINEAR LINEAR LINEAR LINEAR LINEAR LINEAR LINEAR LINEAR LINEAR LINEAR LINEAR</Name_array>
        <technique_common>
          <accessor source="#node-EidelwindRigArmLIKTarget_matrix-interpolation-array" count="31" stride="1">
            <param name="INTERPOLATION" type="name"/>
          </accessor>
        </technique_common>
      </source>
      <source id="node-EidelwindRigArmRIKTarget_matrix-input">
        <float_array id="node-EidelwindRigArmRIKTarget_matrix-input-array" count="31">0 0.03333333 0.06666667 0.1 0.1333333 0.1666667 0.2 0.2333333 0.2666667 0.3 0.3333333 0.3666667 0.4 0.4333333 0.4666667 0.5 0.5333333 0.5666667 0.6 0.6333333 0.6666667 0.7 0.7333333 0.7666667 0.8 0.8333333 0.8666667 0.9 0.9333333 0.9666667 1</float_array>
        <technique_common>
          <accessor source="#node-EidelwindRigArmRIKTarget_matrix-input-array" count="31" stride="1">
            <param name="TIME" type="float"/>
          </accessor>
        </technique_common>
      </source>
      <source id="node-EidelwindRigArmRIKTarget_matrix-output">
        <float_array id="node-EidelwindRigArmRIKTarget_matrix-output-array" count="496">0.3601629 0.9328892 -3.54618e-4 -39.52984 -8.85039e-4 -3.83854e-5 -0.9999998 27.49175 -0.932889 0.360163 8.11815e-4 -2.896936 0 0 0 1 0.3843259 0.9231974 -3.54618e-4 -39.68833 -8.85695e-4 -1.54972e-5 -0.9999999 25.98767 -0.9231972 0.3843259 8.11696e-4 -1.921105 0 0 0 1 0.3750979 0.926985 -3.54678e-4 -40.052 -8.85487e-4 -2.43187e-5 -0.9999999 22.61332 -0.9269848 0.3750979 8.11696e-4 -0.2252087 0 0 0 1 0.344706 0.9387106 -3.54648e-4 -40.47324 -8.84235e-4 -5.31673e-5 -0.9999999 18.44841 -0.9387102 0.3447062 8.11696e-4 1.683004 0 0 0 1 0.2973314 0.9547743 -3.54648e-4 -40.87507 -8.8048e-4 -9.72748e-5 -0.9999999 13.8785 -0.9547739 0.2973316 8.11696e-4 3.560341 0 0 0 1 0.237037 0.9715005 -3.54588e-4 -41.20544 -8.72701e-4 -1.51992e-4 -0.9999997 9.057792 -0.9715002 0.2370373 8.11815e-4 5.205093 0 0 0 1 0.1685354 0.9856956 -3.54707e-4 -41.42072 -8.59916e-4 -2.12908e-4 -1 4.121209 -0.9856954 0.1685356 8.11696e-4 6.364023 0 0 0 1 0.09692674 0.9952914 -3.54558e-4 -41.43394 -8.42363e-4 -2.74181e-4 -0.9999998 -0.8155655 -0.9952912 0.09692698 8.11815e-4 6.500167 0 0 0 1 0.0270698 0.9996334 -3.54618e-4 -41.26052 -8.21054e-4 -3.32475e-4 -0.9999999 -5.752523 -0.9996332 0.02707004 8.11815e-4 5.571936 0 0 0 1 -0.03549075 0.99937 -3.54529e-4 -41.02575 -7.98673e-4 -3.83139e-4 -0.9999999 -10.57392 -0.9993699 -0.03549045 8.11696e-4 4.126252 0 0 0 1 -0.08554863 0.9963339 -3.54618e-4 -40.78317 -7.78526e-4 -4.22716e-4 -0.9999998 -15.14472 -0.9963338 -0.08554828 8.11815e-4 2.440118 0 0 0 1 -0.1181218 0.992999 -3.54618e-4 -40.55464 -7.64221e-4 -4.47988e-4 -0.9999998 -19.31055 -0.9929988 -0.1181215 8.11815e-4 0.7455239 0 0 0 1 -0.1278665 0.9917913 -3.54618e-4 -40.34883 -7.5978e-4 -4.55499e-4 -0.9999998 -22.68562 -0.9917911 -0.1278662 8.11815e-4 -0.6817955 0 0 0 1 -0.06603431 0.9978172 -3.54588e-4 -40.15867 -7.86543e-4 -4.07457e-4 -0.9999999 -24.2281 -0.997817 -0.06603407 8.11696e-4 -1.004665 0 0 0 1 0.01344347 0.9999095 -3.54618e-4 -40.12994 -8.16524e-4 -3.4368e-4 -0.9999999 -21.50836 -0.9999093 0.0134437 8.11815e-4 -0.3068629 0 0 0 1 0.04567569 0.9989562 -3.54648e-4 -40.13901 -8.27134e-4 -3.17216e-4 -0.9999999 -18.44184 -0.998956 0.04567599 8.11756e-4 3.01003e-6 0 0 0 1 0.04567569 0.9989562 -3.54648e-4 -40.13901 -8.27134e-4 -3.17216e-4 -0.9999999 -15.35628 -0.998956 0.04567599 8.11756e-4 2.5034e-6 0 0 0 1 0.04567569 0.9989562 -3.54648e-4 -40.13902 -8.27134e-4 -3.17216e-4 -0.9999999 -12.27073 -0.998956 0.04567599 8.11756e-4 1.99676e-6 0 0 0 1 0.04567569 0.9989562 -3.54648e-4 -40.13901 -8.27134e-4 -3.17216e-4 -0.9999999 -9.18517 -0.998956 0.04567599 8.11756e-4 1.49012e-6 0 0 0 1 0.04567569 0.9989562 -3.54648e-4 -40.13902 -8.27134e-4 -3.17216e-4 -0.9999999 -6.099614 -0.998956 0.04567599 8.11756e-4 9.98378e-7 0 0 0 1 0.04567569 0.9989562 -3.54648e-4 -40.13902 -8.27134e-4 -3.17216e-4 -0.9999999 -3.014058 -0.998956 0.04567599 8.11756e-4 4.91738e-7 0 0 0 1 0.04567569 0.9989562 -3.54648e-4 -40.13902 -8.27134e-4 -3.17216e-4 -0.9999999 0.07149767 -0.998956 0.04567599 8.11756e-4 0 0 0 0 1 0.04567569 0.9989562 -3.54648e-4 -40.13902 -8.27134e-4 -3.17216e-4 -0.9999999 3.157053 -0.998956 0.04567599 8.11756e-4 -5.1409e-7 0 0 0 1 0.04567569 0.9989562 -3.54648e-4 -40.13902 -8.27134e-4 -3.17216e-4 -0.9999999 6.242609 -0.998956 0.04567599 8.11756e-4 -1.01328e-6 0 0 0 1 0.0472629 0.9988824 -3.54588e-4 -40.13863 -8.27581e-4 -3.15905e-4 -0.9999999 9.328159 -0.9988822 0.0472632 8.11696e-4 -0.008379399 0 0 0 1 0.08494853 0.9963853 -3.54648e-4 -40.1203 -8.38965e-4 -2.84433e-4 -0.9999999 12.41348 -0.996385 0.08494877 8.11696e-4 -0.2859104 0 0 0 1 0.1424118 0.9898074 -3.54648e-4 -40.05624 -8.53956e-4 -2.35319e-4 -0.9999998 15.49854 -0.9898071 0.142412 8.11815e-4 -0.8753619 0 0 0 1 0.2045128 0.9788637 -3.54648e-4 -39.94773 -8.67128e-4 -1.81198e-4 -0.9999998 18.58354 -0.9788634 0.204513 8.11756e-4 -1.512208 0 0 0 1 0.264285 0.9644445 -3.54588e-4 -39.81045 -8.76576e-4 -1.27316e-4 -0.9999998 21.66858 -0.9644442 0.2642851 8.11815e-4 -2.081268 0 0 0 1 0.3171443 0.9483772 -3.54588e-4 -39.65748 -8.82327e-4 -7.87973e-5 -0.9999998 24.75367 -0.9483768 0.3171445 8.11815e-4 -2.584516 0 0 0 1 0.3601629 0.9328892 -3.54618e-4 -39.52984 -8.85039e-4 -3.83854e-5 -0.9999998 27.49175 -0.932889 0.360163 8.11815e-4 -2.896936 0 0 0 1</float_array>
        <technique_common>
          <accessor source="#node-EidelwindRigArmRIKTarget_matrix-output-array" count="31" stride="16">
            <param name="TRANSFORM" type="float4x4"/>
          </accessor>
        </technique_common>
      </source>
      <source id="node-EidelwindRigArmRIKTarget_matrix-interpolation">
        <Name_array id="node-EidelwindRigArmRIKTarget_matrix-interpolation-array" count="31">LINEAR LINEAR LINEAR LINEAR LINEAR LINEAR LINEAR LINEAR LINEAR LINEAR LINEAR LINEAR LINEAR LINEAR LINEAR LINEAR LINEAR LINEAR LINEAR LINEAR LINEAR LINEAR LINEAR LINEAR LINEAR LINEAR LINEAR LINEAR LINEAR LINEAR LINEAR</Name_array>
        <technique_common>
          <accessor source="#node-EidelwindRigArmRIKTarget_matrix-interpolation-array" count="31" stride="1">
            <param name="INTERPOLATION" type="name"/>
          </accessor>
        </technique_common>
      </source>
      <sampler id="node-EidelwindRigPelvis_matrix-sampler">
        <input semantic="INPUT" source="#node-EidelwindRigPelvis_matrix-input"/>
        <input semantic="OUTPUT" source="#node-EidelwindRigPelvis_matrix-output"/>
        <input semantic="INTERPOLATION" source="#node-EidelwindRigPelvis_matrix-interpolation"/>
      </sampler>
      <sampler id="node-EidelwindRigSpineSpineLower_matrix-sampler">
        <input semantic="INPUT" source="#node-EidelwindRigSpineSpineLower_matrix-input"/>
        <input semantic="OUTPUT" source="#node-EidelwindRigSpineSpineLower_matrix-output"/>
        <input semantic="INTERPOLATION" source="#node-EidelwindRigSpineSpineLower_matrix-interpolation"/>
      </sampler>
      <sampler id="node-EidelwindRigSpineSpineUpper_matrix-sampler">
        <input semantic="INPUT" source="#node-EidelwindRigSpineSpineUpper_matrix-input"/>
        <input semantic="OUTPUT" source="#node-EidelwindRigSpineSpineUpper_matrix-output"/>
        <input semantic="INTERPOLATION" source="#node-EidelwindRigSpineSpineUpper_matrix-interpolation"/>
      </sampler>
      <sampler id="node-EidelwindRigChest_matrix-sampler">
        <input semantic="INPUT" source="#node-EidelwindRigChest_matrix-input"/>
        <input semantic="OUTPUT" source="#node-EidelwindRigChest_matrix-output"/>
        <input semantic="INTERPOLATION" source="#node-EidelwindRigChest_matrix-interpolation"/>
      </sampler>
      <sampler id="node-EidelwindRigSpine_matrix-sampler">
        <input semantic="INPUT" source="#node-EidelwindRigSpine_matrix-input"/>
        <input semantic="OUTPUT" source="#node-EidelwindRigSpine_matrix-output"/>
        <input semantic="INTERPOLATION" source="#node-EidelwindRigSpine_matrix-interpolation"/>
      </sampler>
      <sampler id="node-EidelwindRigHead_matrix-sampler">
        <input semantic="INPUT" source="#node-EidelwindRigHead_matrix-input"/>
        <input semantic="OUTPUT" source="#node-EidelwindRigHead_matrix-output"/>
        <input semantic="INTERPOLATION" source="#node-EidelwindRigHead_matrix-interpolation"/>
      </sampler>
      <sampler id="node-EidelwindRigHair1_matrix-sampler">
        <input semantic="INPUT" source="#node-EidelwindRigHair1_matrix-input"/>
        <input semantic="OUTPUT" source="#node-EidelwindRigHair1_matrix-output"/>
        <input semantic="INTERPOLATION" source="#node-EidelwindRigHair1_matrix-interpolation"/>
      </sampler>
      <sampler id="node-EidelwindRigHair2_matrix-sampler">
        <input semantic="INPUT" source="#node-EidelwindRigHair2_matrix-input"/>
        <input semantic="OUTPUT" source="#node-EidelwindRigHair2_matrix-output"/>
        <input semantic="INTERPOLATION" source="#node-EidelwindRigHair2_matrix-interpolation"/>
      </sampler>
      <sampler id="node-EidelwindRigHair3_matrix-sampler">
        <input semantic="INPUT" source="#node-EidelwindRigHair3_matrix-input"/>
        <input semantic="OUTPUT" source="#node-EidelwindRigHair3_matrix-output"/>
        <input semantic="INTERPOLATION" source="#node-EidelwindRigHair3_matrix-interpolation"/>
      </sampler>
      <sampler id="node-EidelwindRigHeadFrontBangR1_matrix-sampler">
        <input semantic="INPUT" source="#node-EidelwindRigHeadFrontBangR1_matrix-input"/>
        <input semantic="OUTPUT" source="#node-EidelwindRigHeadFrontBangR1_matrix-output"/>
        <input semantic="INTERPOLATION" source="#node-EidelwindRigHeadFrontBangR1_matrix-interpolation"/>
      </sampler>
      <sampler id="node-EidelwindRigHeadFrontBangR2_matrix-sampler">
        <input semantic="INPUT" source="#node-EidelwindRigHeadFrontBangR2_matrix-input"/>
        <input semantic="OUTPUT" source="#node-EidelwindRigHeadFrontBangR2_matrix-output"/>
        <input semantic="INTERPOLATION" source="#node-EidelwindRigHeadFrontBangR2_matrix-interpolation"/>
      </sampler>
      <sampler id="node-EidelwindRigHeadFrontBangR3_matrix-sampler">
        <input semantic="INPUT" source="#node-EidelwindRigHeadFrontBangR3_matrix-input"/>
        <input semantic="OUTPUT" source="#node-EidelwindRigHeadFrontBangR3_matrix-output"/>
        <input semantic="INTERPOLATION" source="#node-EidelwindRigHeadFrontBangR3_matrix-interpolation"/>
      </sampler>
      <sampler id="node-EidelwindRigHeadFrontBangL1_matrix-sampler">
        <input semantic="INPUT" source="#node-EidelwindRigHeadFrontBangL1_matrix-input"/>
        <input semantic="OUTPUT" source="#node-EidelwindRigHeadFrontBangL1_matrix-output"/>
        <input semantic="INTERPOLATION" source="#node-EidelwindRigHeadFrontBangL1_matrix-interpolation"/>
      </sampler>
      <sampler id="node-EidelwindRigHeadFrontBangL2_matrix-sampler">
        <input semantic="INPUT" source="#node-EidelwindRigHeadFrontBangL2_matrix-input"/>
        <input semantic="OUTPUT" source="#node-EidelwindRigHeadFrontBangL2_matrix-output"/>
        <input semantic="INTERPOLATION" source="#node-EidelwindRigHeadFrontBangL2_matrix-interpolation"/>
      </sampler>
      <sampler id="node-EidelwindRigHeadFrontBangL3_matrix-sampler">
        <input semantic="INPUT" source="#node-EidelwindRigHeadFrontBangL3_matrix-input"/>
        <input semantic="OUTPUT" source="#node-EidelwindRigHeadFrontBangL3_matrix-output"/>
        <input semantic="INTERPOLATION" source="#node-EidelwindRigHeadFrontBangL3_matrix-interpolation"/>
      </sampler>
      <sampler id="node-EidelwindRigArmLCollarbone_matrix-sampler">
        <input semantic="INPUT" source="#node-EidelwindRigArmLCollarbone_matrix-input"/>
        <input semantic="OUTPUT" source="#node-EidelwindRigArmLCollarbone_matrix-output"/>
        <input semantic="INTERPOLATION" source="#node-EidelwindRigArmLCollarbone_matrix-interpolation"/>
      </sampler>
      <sampler id="node-EidelwindRigArmL1_matrix-sampler">
        <input semantic="INPUT" source="#node-EidelwindRigArmL1_matrix-input"/>
        <input semantic="OUTPUT" source="#node-EidelwindRigArmL1_matrix-output"/>
        <input semantic="INTERPOLATION" source="#node-EidelwindRigArmL1_matrix-interpolation"/>
      </sampler>
      <sampler id="node-EidelwindRigArmL2_matrix-sampler">
        <input semantic="INPUT" source="#node-EidelwindRigArmL2_matrix-input"/>
        <input semantic="OUTPUT" source="#node-EidelwindRigArmL2_matrix-output"/>
        <input semantic="INTERPOLATION" source="#node-EidelwindRigArmL2_matrix-interpolation"/>
      </sampler>
      <sampler id="node-EidelwindRigArmLPalm_matrix-sampler">
        <input semantic="INPUT" source="#node-EidelwindRigArmLPalm_matrix-input"/>
        <input semantic="OUTPUT" source="#node-EidelwindRigArmLPalm_matrix-output"/>
        <input semantic="INTERPOLATION" source="#node-EidelwindRigArmLPalm_matrix-interpolation"/>
      </sampler>
      <sampler id="node-EidelwindRigArmLThumb1_matrix-sampler">
        <input semantic="INPUT" source="#node-EidelwindRigArmLThumb1_matrix-input"/>
        <input semantic="OUTPUT" source="#node-EidelwindRigArmLThumb1_matrix-output"/>
        <input semantic="INTERPOLATION" source="#node-EidelwindRigArmLThumb1_matrix-interpolation"/>
      </sampler>
      <sampler id="node-EidelwindRigArmLDigit21_matrix-sampler">
        <input semantic="INPUT" source="#node-EidelwindRigArmLDigit21_matrix-input"/>
        <input semantic="OUTPUT" source="#node-EidelwindRigArmLDigit21_matrix-output"/>
        <input semantic="INTERPOLATION" source="#node-EidelwindRigArmLDigit21_matrix-interpolation"/>
      </sampler>
      <sampler id="node-EidelwindRigArmLDigit22_matrix-sampler">
        <input semantic="INPUT" source="#node-EidelwindRigArmLDigit22_matrix-input"/>
        <input semantic="OUTPUT" source="#node-EidelwindRigArmLDigit22_matrix-output"/>
        <input semantic="INTERPOLATION" source="#node-EidelwindRigArmLDigit22_matrix-interpolation"/>
      </sampler>
      <sampler id="node-EidelwindRigArmLDigit23_matrix-sampler">
        <input semantic="INPUT" source="#node-EidelwindRigArmLDigit23_matrix-input"/>
        <input semantic="OUTPUT" source="#node-EidelwindRigArmLDigit23_matrix-output"/>
        <input semantic="INTERPOLATION" source="#node-EidelwindRigArmLDigit23_matrix-interpolation"/>
      </sampler>
      <sampler id="node-EidelwindRigArmLDigit24_matrix-sampler">
        <input semantic="INPUT" source="#node-EidelwindRigArmLDigit24_matrix-input"/>
        <input semantic="OUTPUT" source="#node-EidelwindRigArmLDigit24_matrix-output"/>
        <input semantic="INTERPOLATION" source="#node-EidelwindRigArmLDigit24_matrix-interpolation"/>
      </sampler>
      <sampler id="node-EidelwindRigArmRCollarbone_matrix-sampler">
        <input semantic="INPUT" source="#node-EidelwindRigArmRCollarbone_matrix-input"/>
        <input semantic="OUTPUT" source="#node-EidelwindRigArmRCollarbone_matrix-output"/>
        <input semantic="INTERPOLATION" source="#node-EidelwindRigArmRCollarbone_matrix-interpolation"/>
      </sampler>
      <sampler id="node-EidelwindRigArmR1_matrix-sampler">
        <input semantic="INPUT" source="#node-EidelwindRigArmR1_matrix-input"/>
        <input semantic="OUTPUT" source="#node-EidelwindRigArmR1_matrix-output"/>
        <input semantic="INTERPOLATION" source="#node-EidelwindRigArmR1_matrix-interpolation"/>
      </sampler>
      <sampler id="node-EidelwindRigArmR2_matrix-sampler">
        <input semantic="INPUT" source="#node-EidelwindRigArmR2_matrix-input"/>
        <input semantic="OUTPUT" source="#node-EidelwindRigArmR2_matrix-output"/>
        <input semantic="INTERPOLATION" source="#node-EidelwindRigArmR2_matrix-interpolation"/>
      </sampler>
      <sampler id="node-EidelwindRigArmRPalm_matrix-sampler">
        <input semantic="INPUT" source="#node-EidelwindRigArmRPalm_matrix-input"/>
        <input semantic="OUTPUT" source="#node-EidelwindRigArmRPalm_matrix-output"/>
        <input semantic="INTERPOLATION" source="#node-EidelwindRigArmRPalm_matrix-interpolation"/>
      </sampler>
      <sampler id="node-EidelwindRigArmRThumb1_matrix-sampler">
        <input semantic="INPUT" source="#node-EidelwindRigArmRThumb1_matrix-input"/>
        <input semantic="OUTPUT" source="#node-EidelwindRigArmRThumb1_matrix-output"/>
        <input semantic="INTERPOLATION" source="#node-EidelwindRigArmRThumb1_matrix-interpolation"/>
      </sampler>
      <sampler id="node-EidelwindRigArmRDigit21_matrix-sampler">
        <input semantic="INPUT" source="#node-EidelwindRigArmRDigit21_matrix-input"/>
        <input semantic="OUTPUT" source="#node-EidelwindRigArmRDigit21_matrix-output"/>
        <input semantic="INTERPOLATION" source="#node-EidelwindRigArmRDigit21_matrix-interpolation"/>
      </sampler>
      <sampler id="node-EidelwindRigArmRDigit22_matrix-sampler">
        <input semantic="INPUT" source="#node-EidelwindRigArmRDigit22_matrix-input"/>
        <input semantic="OUTPUT" source="#node-EidelwindRigArmRDigit22_matrix-output"/>
        <input semantic="INTERPOLATION" source="#node-EidelwindRigArmRDigit22_matrix-interpolation"/>
      </sampler>
      <sampler id="node-EidelwindRigArmRDigit23_matrix-sampler">
        <input semantic="INPUT" source="#node-EidelwindRigArmRDigit23_matrix-input"/>
        <input semantic="OUTPUT" source="#node-EidelwindRigArmRDigit23_matrix-output"/>
        <input semantic="INTERPOLATION" source="#node-EidelwindRigArmRDigit23_matrix-interpolation"/>
      </sampler>
      <sampler id="node-EidelwindRigArmRDigit24_matrix-sampler">
        <input semantic="INPUT" source="#node-EidelwindRigArmRDigit24_matrix-input"/>
        <input semantic="OUTPUT" source="#node-EidelwindRigArmRDigit24_matrix-output"/>
        <input semantic="INTERPOLATION" source="#node-EidelwindRigArmRDigit24_matrix-interpolation"/>
      </sampler>
      <sampler id="node-EidelwindRigLegL1_matrix-sampler">
        <input semantic="INPUT" source="#node-EidelwindRigLegL1_matrix-input"/>
        <input semantic="OUTPUT" source="#node-EidelwindRigLegL1_matrix-output"/>
        <input semantic="INTERPOLATION" source="#node-EidelwindRigLegL1_matrix-interpolation"/>
      </sampler>
      <sampler id="node-EidelwindRigLegL2_matrix-sampler">
        <input semantic="INPUT" source="#node-EidelwindRigLegL2_matrix-input"/>
        <input semantic="OUTPUT" source="#node-EidelwindRigLegL2_matrix-output"/>
        <input semantic="INTERPOLATION" source="#node-EidelwindRigLegL2_matrix-interpolation"/>
      </sampler>
      <sampler id="node-EidelwindRigLegLAnkle_matrix-sampler">
        <input semantic="INPUT" source="#node-EidelwindRigLegLAnkle_matrix-input"/>
        <input semantic="OUTPUT" source="#node-EidelwindRigLegLAnkle_matrix-output"/>
        <input semantic="INTERPOLATION" source="#node-EidelwindRigLegLAnkle_matrix-interpolation"/>
      </sampler>
      <sampler id="node-EidelwindRigLegLDigit11_matrix-sampler">
        <input semantic="INPUT" source="#node-EidelwindRigLegLDigit11_matrix-input"/>
        <input semantic="OUTPUT" source="#node-EidelwindRigLegLDigit11_matrix-output"/>
        <input semantic="INTERPOLATION" source="#node-EidelwindRigLegLDigit11_matrix-interpolation"/>
      </sampler>
      <sampler id="node-EidelwindRigLegR1_matrix-sampler">
        <input semantic="INPUT" source="#node-EidelwindRigLegR1_matrix-input"/>
        <input semantic="OUTPUT" source="#node-EidelwindRigLegR1_matrix-output"/>
        <input semantic="INTERPOLATION" source="#node-EidelwindRigLegR1_matrix-interpolation"/>
      </sampler>
      <sampler id="node-EidelwindRigLegR2_matrix-sampler">
        <input semantic="INPUT" source="#node-EidelwindRigLegR2_matrix-input"/>
        <input semantic="OUTPUT" source="#node-EidelwindRigLegR2_matrix-output"/>
        <input semantic="INTERPOLATION" source="#node-EidelwindRigLegR2_matrix-interpolation"/>
      </sampler>
      <sampler id="node-EidelwindRigLegRAnkle_matrix-sampler">
        <input semantic="INPUT" source="#node-EidelwindRigLegRAnkle_matrix-input"/>
        <input semantic="OUTPUT" source="#node-EidelwindRigLegRAnkle_matrix-output"/>
        <input semantic="INTERPOLATION" source="#node-EidelwindRigLegRAnkle_matrix-interpolation"/>
      </sampler>
      <sampler id="node-EidelwindRigLegRDigit11_matrix-sampler">
        <input semantic="INPUT" source="#node-EidelwindRigLegRDigit11_matrix-input"/>
        <input semantic="OUTPUT" source="#node-EidelwindRigLegRDigit11_matrix-output"/>
        <input semantic="INTERPOLATION" source="#node-EidelwindRigLegRDigit11_matrix-interpolation"/>
      </sampler>
      <sampler id="node-EidelwindRigLegLPlatform_matrix-sampler">
        <input semantic="INPUT" source="#node-EidelwindRigLegLPlatform_matrix-input"/>
        <input semantic="OUTPUT" source="#node-EidelwindRigLegLPlatform_matrix-output"/>
        <input semantic="INTERPOLATION" source="#node-EidelwindRigLegLPlatform_matrix-interpolation"/>
      </sampler>
      <sampler id="node-EidelwindRigLegRPlatform_matrix-sampler">
        <input semantic="INPUT" source="#node-EidelwindRigLegRPlatform_matrix-input"/>
        <input semantic="OUTPUT" source="#node-EidelwindRigLegRPlatform_matrix-output"/>
        <input semantic="INTERPOLATION" source="#node-EidelwindRigLegRPlatform_matrix-interpolation"/>
      </sampler>
      <sampler id="node-EidelwindRigArmLIKTarget_matrix-sampler">
        <input semantic="INPUT" source="#node-EidelwindRigArmLIKTarget_matrix-input"/>
        <input semantic="OUTPUT" source="#node-EidelwindRigArmLIKTarget_matrix-output"/>
        <input semantic="INTERPOLATION" source="#node-EidelwindRigArmLIKTarget_matrix-interpolation"/>
      </sampler>
      <sampler id="node-EidelwindRigArmRIKTarget_matrix-sampler">
        <input semantic="INPUT" source="#node-EidelwindRigArmRIKTarget_matrix-input"/>
        <input semantic="OUTPUT" source="#node-EidelwindRigArmRIKTarget_matrix-output"/>
        <input semantic="INTERPOLATION" source="#node-EidelwindRigArmRIKTarget_matrix-interpolation"/>
      </sampler>
      <channel source="#node-EidelwindRigPelvis_matrix-sampler" target="node-EidelwindRigPelvis/matrix"/>
      <channel source="#node-EidelwindRigSpineSpineLower_matrix-sampler" target="node-EidelwindRigSpineSpineLower/matrix"/>
      <channel source="#node-EidelwindRigSpineSpineUpper_matrix-sampler" target="node-EidelwindRigSpineSpineUpper/matrix"/>
      <channel source="#node-EidelwindRigChest_matrix-sampler" target="node-EidelwindRigChest/matrix"/>
      <channel source="#node-EidelwindRigSpine_matrix-sampler" target="node-EidelwindRigSpine/matrix"/>
      <channel source="#node-EidelwindRigHead_matrix-sampler" target="node-EidelwindRigHead/matrix"/>
      <channel source="#node-EidelwindRigHair1_matrix-sampler" target="node-EidelwindRigHair1/matrix"/>
      <channel source="#node-EidelwindRigHair2_matrix-sampler" target="node-EidelwindRigHair2/matrix"/>
      <channel source="#node-EidelwindRigHair3_matrix-sampler" target="node-EidelwindRigHair3/matrix"/>
      <channel source="#node-EidelwindRigHeadFrontBangR1_matrix-sampler" target="node-EidelwindRigHeadFrontBangR1/matrix"/>
      <channel source="#node-EidelwindRigHeadFrontBangR2_matrix-sampler" target="node-EidelwindRigHeadFrontBangR2/matrix"/>
      <channel source="#node-EidelwindRigHeadFrontBangR3_matrix-sampler" target="node-EidelwindRigHeadFrontBangR3/matrix"/>
      <channel source="#node-EidelwindRigHeadFrontBangL1_matrix-sampler" target="node-EidelwindRigHeadFrontBangL1/matrix"/>
      <channel source="#node-EidelwindRigHeadFrontBangL2_matrix-sampler" target="node-EidelwindRigHeadFrontBangL2/matrix"/>
      <channel source="#node-EidelwindRigHeadFrontBangL3_matrix-sampler" target="node-EidelwindRigHeadFrontBangL3/matrix"/>
      <channel source="#node-EidelwindRigArmLCollarbone_matrix-sampler" target="node-EidelwindRigArmLCollarbone/matrix"/>
      <channel source="#node-EidelwindRigArmL1_matrix-sampler" target="node-EidelwindRigArmL1/matrix"/>
      <channel source="#node-EidelwindRigArmL2_matrix-sampler" target="node-EidelwindRigArmL2/matrix"/>
      <channel source="#node-EidelwindRigArmLPalm_matrix-sampler" target="node-EidelwindRigArmLPalm/matrix"/>
      <channel source="#node-EidelwindRigArmLThumb1_matrix-sampler" target="node-EidelwindRigArmLThumb1/matrix"/>
      <channel source="#node-EidelwindRigArmLDigit21_matrix-sampler" target="node-EidelwindRigArmLDigit21/matrix"/>
      <channel source="#node-EidelwindRigArmLDigit22_matrix-sampler" target="node-EidelwindRigArmLDigit22/matrix"/>
      <channel source="#node-EidelwindRigArmLDigit23_matrix-sampler" target="node-EidelwindRigArmLDigit23/matrix"/>
      <channel source="#node-EidelwindRigArmLDigit24_matrix-sampler" target="node-EidelwindRigArmLDigit24/matrix"/>
      <channel source="#node-EidelwindRigArmRCollarbone_matrix-sampler" target="node-EidelwindRigArmRCollarbone/matrix"/>
      <channel source="#node-EidelwindRigArmR1_matrix-sampler" target="node-EidelwindRigArmR1/matrix"/>
      <channel source="#node-EidelwindRigArmR2_matrix-sampler" target="node-EidelwindRigArmR2/matrix"/>
      <channel source="#node-EidelwindRigArmRPalm_matrix-sampler" target="node-EidelwindRigArmRPalm/matrix"/>
      <channel source="#node-EidelwindRigArmRThumb1_matrix-sampler" target="node-EidelwindRigArmRThumb1/matrix"/>
      <channel source="#node-EidelwindRigArmRDigit21_matrix-sampler" target="node-EidelwindRigArmRDigit21/matrix"/>
      <channel source="#node-EidelwindRigArmRDigit22_matrix-sampler" target="node-EidelwindRigArmRDigit22/matrix"/>
      <channel source="#node-EidelwindRigArmRDigit23_matrix-sampler" target="node-EidelwindRigArmRDigit23/matrix"/>
      <channel source="#node-EidelwindRigArmRDigit24_matrix-sampler" target="node-EidelwindRigArmRDigit24/matrix"/>
      <channel source="#node-EidelwindRigLegL1_matrix-sampler" target="node-EidelwindRigLegL1/matrix"/>
      <channel source="#node-EidelwindRigLegL2_matrix-sampler" target="node-EidelwindRigLegL2/matrix"/>
      <channel source="#node-EidelwindRigLegLAnkle_matrix-sampler" target="node-EidelwindRigLegLAnkle/matrix"/>
      <channel source="#node-EidelwindRigLegLDigit11_matrix-sampler" target="node-EidelwindRigLegLDigit11/matrix"/>
      <channel source="#node-EidelwindRigLegR1_matrix-sampler" target="node-EidelwindRigLegR1/matrix"/>
      <channel source="#node-EidelwindRigLegR2_matrix-sampler" target="node-EidelwindRigLegR2/matrix"/>
      <channel source="#node-EidelwindRigLegRAnkle_matrix-sampler" target="node-EidelwindRigLegRAnkle/matrix"/>
      <channel source="#node-EidelwindRigLegRDigit11_matrix-sampler" target="node-EidelwindRigLegRDigit11/matrix"/>
      <channel source="#node-EidelwindRigLegLPlatform_matrix-sampler" target="node-EidelwindRigLegLPlatform/matrix"/>
      <channel source="#node-EidelwindRigLegRPlatform_matrix-sampler" target="node-EidelwindRigLegRPlatform/matrix"/>
      <channel source="#node-EidelwindRigArmLIKTarget_matrix-sampler" target="node-EidelwindRigArmLIKTarget/matrix"/>
      <channel source="#node-EidelwindRigArmRIKTarget_matrix-sampler" target="node-EidelwindRigArmRIKTarget/matrix"/>
    </animation>
  </library_animations>
  <scene>
    <instance_visual_scene url="#MaxScene"/>
  </scene>
</COLLADA>
